import _frozen_importlib # frozen
import _imp # builtin
import '_thread' # <class '_frozen_importlib.BuiltinImporter'>
import '_warnings' # <class '_frozen_importlib.BuiltinImporter'>
import '_weakref' # <class '_frozen_importlib.BuiltinImporter'>
import '_io' # <class '_frozen_importlib.BuiltinImporter'>
import 'marshal' # <class '_frozen_importlib.BuiltinImporter'>
import 'posix' # <class '_frozen_importlib.BuiltinImporter'>
import '_frozen_importlib_external' # <class '_frozen_importlib.FrozenImporter'>
# installing zipimport hook
import 'time' # <class '_frozen_importlib.BuiltinImporter'>
import 'zipimport' # <class '_frozen_importlib.FrozenImporter'>
# installed zipimport hook
# /home/magnus-amann/Master_Project/mctf26/pyquaticus/env-full/lib/python3.10/encodings/__pycache__/__init__.cpython-310.pyc matches /home/magnus-amann/Master_Project/mctf26/pyquaticus/env-full/lib/python3.10/encodings/__init__.py
# code object from '/home/magnus-amann/Master_Project/mctf26/pyquaticus/env-full/lib/python3.10/encodings/__pycache__/__init__.cpython-310.pyc'
# /home/magnus-amann/Master_Project/mctf26/pyquaticus/env-full/lib/python3.10/__pycache__/codecs.cpython-310.pyc matches /home/magnus-amann/Master_Project/mctf26/pyquaticus/env-full/lib/python3.10/codecs.py
# code object from '/home/magnus-amann/Master_Project/mctf26/pyquaticus/env-full/lib/python3.10/__pycache__/codecs.cpython-310.pyc'
import '_codecs' # <class '_frozen_importlib.BuiltinImporter'>
import 'codecs' # <_frozen_importlib_external.SourceFileLoader object at 0x7e647c567970>
# /home/magnus-amann/Master_Project/mctf26/pyquaticus/env-full/lib/python3.10/encodings/__pycache__/aliases.cpython-310.pyc matches /home/magnus-amann/Master_Project/mctf26/pyquaticus/env-full/lib/python3.10/encodings/aliases.py
# code object from '/home/magnus-amann/Master_Project/mctf26/pyquaticus/env-full/lib/python3.10/encodings/__pycache__/aliases.cpython-310.pyc'
import 'encodings.aliases' # <_frozen_importlib_external.SourceFileLoader object at 0x7e647bb20f40>
import 'encodings' # <_frozen_importlib_external.SourceFileLoader object at 0x7e647c5677f0>
# /home/magnus-amann/Master_Project/mctf26/pyquaticus/env-full/lib/python3.10/encodings/__pycache__/utf_8.cpython-310.pyc matches /home/magnus-amann/Master_Project/mctf26/pyquaticus/env-full/lib/python3.10/encodings/utf_8.py
# code object from '/home/magnus-amann/Master_Project/mctf26/pyquaticus/env-full/lib/python3.10/encodings/__pycache__/utf_8.cpython-310.pyc'
import 'encodings.utf_8' # <_frozen_importlib_external.SourceFileLoader object at 0x7e647c5676d0>
import '_signal' # <class '_frozen_importlib.BuiltinImporter'>
# /home/magnus-amann/Master_Project/mctf26/pyquaticus/env-full/lib/python3.10/__pycache__/io.cpython-310.pyc matches /home/magnus-amann/Master_Project/mctf26/pyquaticus/env-full/lib/python3.10/io.py
# code object from '/home/magnus-amann/Master_Project/mctf26/pyquaticus/env-full/lib/python3.10/__pycache__/io.cpython-310.pyc'
# /home/magnus-amann/Master_Project/mctf26/pyquaticus/env-full/lib/python3.10/__pycache__/abc.cpython-310.pyc matches /home/magnus-amann/Master_Project/mctf26/pyquaticus/env-full/lib/python3.10/abc.py
# code object from '/home/magnus-amann/Master_Project/mctf26/pyquaticus/env-full/lib/python3.10/__pycache__/abc.cpython-310.pyc'
import '_abc' # <class '_frozen_importlib.BuiltinImporter'>
import 'abc' # <_frozen_importlib_external.SourceFileLoader object at 0x7e647bb212a0>
import 'io' # <_frozen_importlib_external.SourceFileLoader object at 0x7e647bb21090>
# /home/magnus-amann/Master_Project/mctf26/pyquaticus/env-full/lib/python3.10/__pycache__/site.cpython-310.pyc matches /home/magnus-amann/Master_Project/mctf26/pyquaticus/env-full/lib/python3.10/site.py
# code object from '/home/magnus-amann/Master_Project/mctf26/pyquaticus/env-full/lib/python3.10/__pycache__/site.cpython-310.pyc'
# /home/magnus-amann/Master_Project/mctf26/pyquaticus/env-full/lib/python3.10/__pycache__/os.cpython-310.pyc matches /home/magnus-amann/Master_Project/mctf26/pyquaticus/env-full/lib/python3.10/os.py
# code object from '/home/magnus-amann/Master_Project/mctf26/pyquaticus/env-full/lib/python3.10/__pycache__/os.cpython-310.pyc'
# /home/magnus-amann/Master_Project/mctf26/pyquaticus/env-full/lib/python3.10/__pycache__/stat.cpython-310.pyc matches /home/magnus-amann/Master_Project/mctf26/pyquaticus/env-full/lib/python3.10/stat.py
# code object from '/home/magnus-amann/Master_Project/mctf26/pyquaticus/env-full/lib/python3.10/__pycache__/stat.cpython-310.pyc'
import '_stat' # <class '_frozen_importlib.BuiltinImporter'>
import 'stat' # <_frozen_importlib_external.SourceFileLoader object at 0x7e647bb23460>
# /home/magnus-amann/Master_Project/mctf26/pyquaticus/env-full/lib/python3.10/__pycache__/_collections_abc.cpython-310.pyc matches /home/magnus-amann/Master_Project/mctf26/pyquaticus/env-full/lib/python3.10/_collections_abc.py
# code object from '/home/magnus-amann/Master_Project/mctf26/pyquaticus/env-full/lib/python3.10/__pycache__/_collections_abc.cpython-310.pyc'
import '_collections_abc' # <_frozen_importlib_external.SourceFileLoader object at 0x7e647bb237c0>
# /home/magnus-amann/Master_Project/mctf26/pyquaticus/env-full/lib/python3.10/__pycache__/posixpath.cpython-310.pyc matches /home/magnus-amann/Master_Project/mctf26/pyquaticus/env-full/lib/python3.10/posixpath.py
# code object from '/home/magnus-amann/Master_Project/mctf26/pyquaticus/env-full/lib/python3.10/__pycache__/posixpath.cpython-310.pyc'
# /home/magnus-amann/Master_Project/mctf26/pyquaticus/env-full/lib/python3.10/__pycache__/genericpath.cpython-310.pyc matches /home/magnus-amann/Master_Project/mctf26/pyquaticus/env-full/lib/python3.10/genericpath.py
# code object from '/home/magnus-amann/Master_Project/mctf26/pyquaticus/env-full/lib/python3.10/__pycache__/genericpath.cpython-310.pyc'
import 'genericpath' # <_frozen_importlib_external.SourceFileLoader object at 0x7e647bb5dff0>
import 'posixpath' # <_frozen_importlib_external.SourceFileLoader object at 0x7e647bb23850>
import 'os' # <_frozen_importlib_external.SourceFileLoader object at 0x7e647bb22080>
# /home/magnus-amann/Master_Project/mctf26/pyquaticus/env-full/lib/python3.10/__pycache__/_sitebuiltins.cpython-310.pyc matches /home/magnus-amann/Master_Project/mctf26/pyquaticus/env-full/lib/python3.10/_sitebuiltins.py
# code object from '/home/magnus-amann/Master_Project/mctf26/pyquaticus/env-full/lib/python3.10/__pycache__/_sitebuiltins.cpython-310.pyc'
import '_sitebuiltins' # <_frozen_importlib_external.SourceFileLoader object at 0x7e647bb23160>
Processing user site-packages
Processing global site-packages
Adding directory: '/home/magnus-amann/Master_Project/mctf26/pyquaticus/env-full/lib/python3.10/site-packages'
Processing .pth file: '/home/magnus-amann/Master_Project/mctf26/pyquaticus/env-full/lib/python3.10/site-packages/__editable__.pyquaticus-0.0.post1.dev89+g5ba8e977e.pth'
# /home/magnus-amann/Master_Project/mctf26/pyquaticus/env-full/lib/python3.10/site-packages/__pycache__/__editable___pyquaticus_0_0_post1_dev89_g5ba8e977e_finder.cpython-310.pyc matches /home/magnus-amann/Master_Project/mctf26/pyquaticus/env-full/lib/python3.10/site-packages/__editable___pyquaticus_0_0_post1_dev89_g5ba8e977e_finder.py
# code object from '/home/magnus-amann/Master_Project/mctf26/pyquaticus/env-full/lib/python3.10/site-packages/__pycache__/__editable___pyquaticus_0_0_post1_dev89_g5ba8e977e_finder.cpython-310.pyc'
# /home/magnus-amann/Master_Project/mctf26/pyquaticus/env-full/lib/python3.10/__pycache__/__future__.cpython-310.pyc matches /home/magnus-amann/Master_Project/mctf26/pyquaticus/env-full/lib/python3.10/__future__.py
# code object from '/home/magnus-amann/Master_Project/mctf26/pyquaticus/env-full/lib/python3.10/__pycache__/__future__.cpython-310.pyc'
import '__future__' # <_frozen_importlib_external.SourceFileLoader object at 0x7e647bb5eef0>
# /home/magnus-amann/Master_Project/mctf26/pyquaticus/env-full/lib/python3.10/importlib/__pycache__/__init__.cpython-310.pyc matches /home/magnus-amann/Master_Project/mctf26/pyquaticus/env-full/lib/python3.10/importlib/__init__.py
# code object from '/home/magnus-amann/Master_Project/mctf26/pyquaticus/env-full/lib/python3.10/importlib/__pycache__/__init__.cpython-310.pyc'
# /home/magnus-amann/Master_Project/mctf26/pyquaticus/env-full/lib/python3.10/__pycache__/warnings.cpython-310.pyc matches /home/magnus-amann/Master_Project/mctf26/pyquaticus/env-full/lib/python3.10/warnings.py
# code object from '/home/magnus-amann/Master_Project/mctf26/pyquaticus/env-full/lib/python3.10/__pycache__/warnings.cpython-310.pyc'
import 'warnings' # <_frozen_importlib_external.SourceFileLoader object at 0x7e647bb5f940>
import 'importlib' # <_frozen_importlib_external.SourceFileLoader object at 0x7e647bb5f640>
# /home/magnus-amann/Master_Project/mctf26/pyquaticus/env-full/lib/python3.10/importlib/__pycache__/machinery.cpython-310.pyc matches /home/magnus-amann/Master_Project/mctf26/pyquaticus/env-full/lib/python3.10/importlib/machinery.py
# code object from '/home/magnus-amann/Master_Project/mctf26/pyquaticus/env-full/lib/python3.10/importlib/__pycache__/machinery.cpython-310.pyc'
import 'importlib.machinery' # <_frozen_importlib_external.SourceFileLoader object at 0x7e647bb5fcd0>
# /home/magnus-amann/Master_Project/mctf26/pyquaticus/env-full/lib/python3.10/importlib/__pycache__/util.cpython-310.pyc matches /home/magnus-amann/Master_Project/mctf26/pyquaticus/env-full/lib/python3.10/importlib/util.py
# code object from '/home/magnus-amann/Master_Project/mctf26/pyquaticus/env-full/lib/python3.10/importlib/__pycache__/util.cpython-310.pyc'
# /home/magnus-amann/Master_Project/mctf26/pyquaticus/env-full/lib/python3.10/importlib/__pycache__/_abc.cpython-310.pyc matches /home/magnus-amann/Master_Project/mctf26/pyquaticus/env-full/lib/python3.10/importlib/_abc.py
# code object from '/home/magnus-amann/Master_Project/mctf26/pyquaticus/env-full/lib/python3.10/importlib/__pycache__/_abc.cpython-310.pyc'
import 'importlib._abc' # <_frozen_importlib_external.SourceFileLoader object at 0x7e647bba45b0>
# /home/magnus-amann/Master_Project/mctf26/pyquaticus/env-full/lib/python3.10/__pycache__/contextlib.cpython-310.pyc matches /home/magnus-amann/Master_Project/mctf26/pyquaticus/env-full/lib/python3.10/contextlib.py
# code object from '/home/magnus-amann/Master_Project/mctf26/pyquaticus/env-full/lib/python3.10/__pycache__/contextlib.cpython-310.pyc'
# /home/magnus-amann/Master_Project/mctf26/pyquaticus/env-full/lib/python3.10/collections/__pycache__/__init__.cpython-310.pyc matches /home/magnus-amann/Master_Project/mctf26/pyquaticus/env-full/lib/python3.10/collections/__init__.py
# code object from '/home/magnus-amann/Master_Project/mctf26/pyquaticus/env-full/lib/python3.10/collections/__pycache__/__init__.cpython-310.pyc'
import 'itertools' # <class '_frozen_importlib.BuiltinImporter'>
# /home/magnus-amann/Master_Project/mctf26/pyquaticus/env-full/lib/python3.10/__pycache__/keyword.cpython-310.pyc matches /home/magnus-amann/Master_Project/mctf26/pyquaticus/env-full/lib/python3.10/keyword.py
# code object from '/home/magnus-amann/Master_Project/mctf26/pyquaticus/env-full/lib/python3.10/__pycache__/keyword.cpython-310.pyc'
import 'keyword' # <_frozen_importlib_external.SourceFileLoader object at 0x7e647bba7d90>
# /home/magnus-amann/Master_Project/mctf26/pyquaticus/env-full/lib/python3.10/__pycache__/operator.cpython-310.pyc matches /home/magnus-amann/Master_Project/mctf26/pyquaticus/env-full/lib/python3.10/operator.py
# code object from '/home/magnus-amann/Master_Project/mctf26/pyquaticus/env-full/lib/python3.10/__pycache__/operator.cpython-310.pyc'
import '_operator' # <class '_frozen_importlib.BuiltinImporter'>
import 'operator' # <_frozen_importlib_external.SourceFileLoader object at 0x7e647bba7e50>
# /home/magnus-amann/Master_Project/mctf26/pyquaticus/env-full/lib/python3.10/__pycache__/reprlib.cpython-310.pyc matches /home/magnus-amann/Master_Project/mctf26/pyquaticus/env-full/lib/python3.10/reprlib.py
# code object from '/home/magnus-amann/Master_Project/mctf26/pyquaticus/env-full/lib/python3.10/__pycache__/reprlib.cpython-310.pyc'
import 'reprlib' # <_frozen_importlib_external.SourceFileLoader object at 0x7e647bba7fd0>
import '_collections' # <class '_frozen_importlib.BuiltinImporter'>
import 'collections' # <_frozen_importlib_external.SourceFileLoader object at 0x7e647bba59c0>
# /home/magnus-amann/Master_Project/mctf26/pyquaticus/env-full/lib/python3.10/__pycache__/functools.cpython-310.pyc matches /home/magnus-amann/Master_Project/mctf26/pyquaticus/env-full/lib/python3.10/functools.py
# code object from '/home/magnus-amann/Master_Project/mctf26/pyquaticus/env-full/lib/python3.10/__pycache__/functools.cpython-310.pyc'
# /home/magnus-amann/Master_Project/mctf26/pyquaticus/env-full/lib/python3.10/__pycache__/types.cpython-310.pyc matches /home/magnus-amann/Master_Project/mctf26/pyquaticus/env-full/lib/python3.10/types.py
# code object from '/home/magnus-amann/Master_Project/mctf26/pyquaticus/env-full/lib/python3.10/__pycache__/types.cpython-310.pyc'
import 'types' # <_frozen_importlib_external.SourceFileLoader object at 0x7e647bbd9f90>
import '_functools' # <class '_frozen_importlib.BuiltinImporter'>
import 'functools' # <_frozen_importlib_external.SourceFileLoader object at 0x7e647bbd88b0>
import 'contextlib' # <_frozen_importlib_external.SourceFileLoader object at 0x7e647bba47c0>
import 'importlib.util' # <_frozen_importlib_external.SourceFileLoader object at 0x7e647bb5ff40>
# /home/magnus-amann/Master_Project/mctf26/pyquaticus/env-full/lib/python3.10/__pycache__/pathlib.cpython-310.pyc matches /home/magnus-amann/Master_Project/mctf26/pyquaticus/env-full/lib/python3.10/pathlib.py
# code object from '/home/magnus-amann/Master_Project/mctf26/pyquaticus/env-full/lib/python3.10/__pycache__/pathlib.cpython-310.pyc'
# /home/magnus-amann/Master_Project/mctf26/pyquaticus/env-full/lib/python3.10/__pycache__/fnmatch.cpython-310.pyc matches /home/magnus-amann/Master_Project/mctf26/pyquaticus/env-full/lib/python3.10/fnmatch.py
# code object from '/home/magnus-amann/Master_Project/mctf26/pyquaticus/env-full/lib/python3.10/__pycache__/fnmatch.cpython-310.pyc'
# /home/magnus-amann/Master_Project/mctf26/pyquaticus/env-full/lib/python3.10/__pycache__/re.cpython-310.pyc matches /home/magnus-amann/Master_Project/mctf26/pyquaticus/env-full/lib/python3.10/re.py
# code object from '/home/magnus-amann/Master_Project/mctf26/pyquaticus/env-full/lib/python3.10/__pycache__/re.cpython-310.pyc'
# /home/magnus-amann/Master_Project/mctf26/pyquaticus/env-full/lib/python3.10/__pycache__/enum.cpython-310.pyc matches /home/magnus-amann/Master_Project/mctf26/pyquaticus/env-full/lib/python3.10/enum.py
# code object from '/home/magnus-amann/Master_Project/mctf26/pyquaticus/env-full/lib/python3.10/__pycache__/enum.cpython-310.pyc'
import 'enum' # <_frozen_importlib_external.SourceFileLoader object at 0x7e647ba249a0>
# /home/magnus-amann/Master_Project/mctf26/pyquaticus/env-full/lib/python3.10/__pycache__/sre_compile.cpython-310.pyc matches /home/magnus-amann/Master_Project/mctf26/pyquaticus/env-full/lib/python3.10/sre_compile.py
# code object from '/home/magnus-amann/Master_Project/mctf26/pyquaticus/env-full/lib/python3.10/__pycache__/sre_compile.cpython-310.pyc'
import '_sre' # <class '_frozen_importlib.BuiltinImporter'>
# /home/magnus-amann/Master_Project/mctf26/pyquaticus/env-full/lib/python3.10/__pycache__/sre_parse.cpython-310.pyc matches /home/magnus-amann/Master_Project/mctf26/pyquaticus/env-full/lib/python3.10/sre_parse.py
# code object from '/home/magnus-amann/Master_Project/mctf26/pyquaticus/env-full/lib/python3.10/__pycache__/sre_parse.cpython-310.pyc'
# /home/magnus-amann/Master_Project/mctf26/pyquaticus/env-full/lib/python3.10/__pycache__/sre_constants.cpython-310.pyc matches /home/magnus-amann/Master_Project/mctf26/pyquaticus/env-full/lib/python3.10/sre_constants.py
# code object from '/home/magnus-amann/Master_Project/mctf26/pyquaticus/env-full/lib/python3.10/__pycache__/sre_constants.cpython-310.pyc'
import 'sre_constants' # <_frozen_importlib_external.SourceFileLoader object at 0x7e647ba27010>
import 'sre_parse' # <_frozen_importlib_external.SourceFileLoader object at 0x7e647ba26800>
import 'sre_compile' # <_frozen_importlib_external.SourceFileLoader object at 0x7e647ba25f30>
import '_locale' # <class '_frozen_importlib.BuiltinImporter'>
# /home/magnus-amann/Master_Project/mctf26/pyquaticus/env-full/lib/python3.10/__pycache__/copyreg.cpython-310.pyc matches /home/magnus-amann/Master_Project/mctf26/pyquaticus/env-full/lib/python3.10/copyreg.py
# code object from '/home/magnus-amann/Master_Project/mctf26/pyquaticus/env-full/lib/python3.10/__pycache__/copyreg.cpython-310.pyc'
import 'copyreg' # <_frozen_importlib_external.SourceFileLoader object at 0x7e647ba5cb50>
import 're' # <_frozen_importlib_external.SourceFileLoader object at 0x7e647ba24190>
import 'fnmatch' # <_frozen_importlib_external.SourceFileLoader object at 0x7e647ba240d0>
# /home/magnus-amann/Master_Project/mctf26/pyquaticus/env-full/lib/python3.10/__pycache__/ntpath.cpython-310.pyc matches /home/magnus-amann/Master_Project/mctf26/pyquaticus/env-full/lib/python3.10/ntpath.py
# code object from '/home/magnus-amann/Master_Project/mctf26/pyquaticus/env-full/lib/python3.10/__pycache__/ntpath.cpython-310.pyc'
import 'ntpath' # <_frozen_importlib_external.SourceFileLoader object at 0x7e647ba5cdc0>
import 'errno' # <class '_frozen_importlib.BuiltinImporter'>
# /home/magnus-amann/Master_Project/mctf26/pyquaticus/env-full/lib/python3.10/urllib/__pycache__/__init__.cpython-310.pyc matches /home/magnus-amann/Master_Project/mctf26/pyquaticus/env-full/lib/python3.10/urllib/__init__.py
# code object from '/home/magnus-amann/Master_Project/mctf26/pyquaticus/env-full/lib/python3.10/urllib/__pycache__/__init__.cpython-310.pyc'
import 'urllib' # <_frozen_importlib_external.SourceFileLoader object at 0x7e647ba5d720>
# /home/magnus-amann/Master_Project/mctf26/pyquaticus/env-full/lib/python3.10/urllib/__pycache__/parse.cpython-310.pyc matches /home/magnus-amann/Master_Project/mctf26/pyquaticus/env-full/lib/python3.10/urllib/parse.py
# code object from '/home/magnus-amann/Master_Project/mctf26/pyquaticus/env-full/lib/python3.10/urllib/__pycache__/parse.cpython-310.pyc'
# /home/magnus-amann/Master_Project/mctf26/pyquaticus/env-full/lib/python3.10/__pycache__/ipaddress.cpython-310.pyc matches /home/magnus-amann/Master_Project/mctf26/pyquaticus/env-full/lib/python3.10/ipaddress.py
# code object from '/home/magnus-amann/Master_Project/mctf26/pyquaticus/env-full/lib/python3.10/__pycache__/ipaddress.cpython-310.pyc'
import 'ipaddress' # <_frozen_importlib_external.SourceFileLoader object at 0x7e647ba5e4a0>
import 'urllib.parse' # <_frozen_importlib_external.SourceFileLoader object at 0x7e647ba5d6c0>
import 'pathlib' # <_frozen_importlib_external.SourceFileLoader object at 0x7e647bba5000>
import '__editable___pyquaticus_0_0_post1_dev89_g5ba8e977e_finder' # <_frozen_importlib_external.SourceFileLoader object at 0x7e647bb5e620>
Processing .pth file: '/home/magnus-amann/Master_Project/mctf26/pyquaticus/env-full/lib/python3.10/site-packages/distutils-precedence.pth'
# /home/magnus-amann/Master_Project/mctf26/pyquaticus/env-full/lib/python3.10/site-packages/_distutils_hack/__pycache__/__init__.cpython-310.pyc matches /home/magnus-amann/Master_Project/mctf26/pyquaticus/env-full/lib/python3.10/site-packages/_distutils_hack/__init__.py
# code object from '/home/magnus-amann/Master_Project/mctf26/pyquaticus/env-full/lib/python3.10/site-packages/_distutils_hack/__pycache__/__init__.cpython-310.pyc'
import '_distutils_hack' # <_frozen_importlib_external.SourceFileLoader object at 0x7e647bb5ea10>
import 'site' # <_frozen_importlib_external.SourceFileLoader object at 0x7e647bb21ab0>
Python 3.10.20 (main, Mar 11 2026, 17:46:40) [GCC 14.3.0] on linux
Type "help", "copyright", "credits" or "license" for more information.
# /home/magnus-amann/Master_Project/mctf26/pyquaticus/env-full/lib/python3.10/site-packages/numpy/__pycache__/__init__.cpython-310.pyc matches /home/magnus-amann/Master_Project/mctf26/pyquaticus/env-full/lib/python3.10/site-packages/numpy/__init__.py
# code object from '/home/magnus-amann/Master_Project/mctf26/pyquaticus/env-full/lib/python3.10/site-packages/numpy/__pycache__/__init__.cpython-310.pyc'
# /home/magnus-amann/Master_Project/mctf26/pyquaticus/env-full/lib/python3.10/site-packages/numpy/__pycache__/_globals.cpython-310.pyc matches /home/magnus-amann/Master_Project/mctf26/pyquaticus/env-full/lib/python3.10/site-packages/numpy/_globals.py
# code object from '/home/magnus-amann/Master_Project/mctf26/pyquaticus/env-full/lib/python3.10/site-packages/numpy/__pycache__/_globals.cpython-310.pyc'
# /home/magnus-amann/Master_Project/mctf26/pyquaticus/env-full/lib/python3.10/site-packages/numpy/_utils/__pycache__/__init__.cpython-310.pyc matches /home/magnus-amann/Master_Project/mctf26/pyquaticus/env-full/lib/python3.10/site-packages/numpy/_utils/__init__.py
# code object from '/home/magnus-amann/Master_Project/mctf26/pyquaticus/env-full/lib/python3.10/site-packages/numpy/_utils/__pycache__/__init__.cpython-310.pyc'
# /home/magnus-amann/Master_Project/mctf26/pyquaticus/env-full/lib/python3.10/site-packages/numpy/_utils/__pycache__/_convertions.cpython-310.pyc matches /home/magnus-amann/Master_Project/mctf26/pyquaticus/env-full/lib/python3.10/site-packages/numpy/_utils/_convertions.py
# code object from '/home/magnus-amann/Master_Project/mctf26/pyquaticus/env-full/lib/python3.10/site-packages/numpy/_utils/__pycache__/_convertions.cpython-310.pyc'
import 'numpy._utils._convertions' # <_frozen_importlib_external.SourceFileLoader object at 0x7e647bada1a0>
import 'numpy._utils' # <_frozen_importlib_external.SourceFileLoader object at 0x7e647bada500>
import 'numpy._globals' # <_frozen_importlib_external.SourceFileLoader object at 0x7e647bada800>
# /home/magnus-amann/Master_Project/mctf26/pyquaticus/env-full/lib/python3.10/site-packages/numpy/__pycache__/exceptions.cpython-310.pyc matches /home/magnus-amann/Master_Project/mctf26/pyquaticus/env-full/lib/python3.10/site-packages/numpy/exceptions.py
# code object from '/home/magnus-amann/Master_Project/mctf26/pyquaticus/env-full/lib/python3.10/site-packages/numpy/__pycache__/exceptions.cpython-310.pyc'
import 'numpy.exceptions' # <_frozen_importlib_external.SourceFileLoader object at 0x7e647bada140>
# /home/magnus-amann/Master_Project/mctf26/pyquaticus/env-full/lib/python3.10/site-packages/numpy/__pycache__/version.cpython-310.pyc matches /home/magnus-amann/Master_Project/mctf26/pyquaticus/env-full/lib/python3.10/site-packages/numpy/version.py
# code object from '/home/magnus-amann/Master_Project/mctf26/pyquaticus/env-full/lib/python3.10/site-packages/numpy/__pycache__/version.cpython-310.pyc'
import 'numpy.version' # <_frozen_importlib_external.SourceFileLoader object at 0x7e647bad9e70>
# /home/magnus-amann/Master_Project/mctf26/pyquaticus/env-full/lib/python3.10/site-packages/numpy/__pycache__/_distributor_init.cpython-310.pyc matches /home/magnus-amann/Master_Project/mctf26/pyquaticus/env-full/lib/python3.10/site-packages/numpy/_distributor_init.py
# code object from '/home/magnus-amann/Master_Project/mctf26/pyquaticus/env-full/lib/python3.10/site-packages/numpy/__pycache__/_distributor_init.cpython-310.pyc'
import 'numpy._distributor_init' # <_frozen_importlib_external.SourceFileLoader object at 0x7e647bad9db0>
# /home/magnus-amann/Master_Project/mctf26/pyquaticus/env-full/lib/python3.10/site-packages/numpy/__pycache__/__config__.cpython-310.pyc matches /home/magnus-amann/Master_Project/mctf26/pyquaticus/env-full/lib/python3.10/site-packages/numpy/__config__.py
# code object from '/home/magnus-amann/Master_Project/mctf26/pyquaticus/env-full/lib/python3.10/site-packages/numpy/__pycache__/__config__.cpython-310.pyc'
# /home/magnus-amann/Master_Project/mctf26/pyquaticus/env-full/lib/python3.10/site-packages/numpy/core/__pycache__/__init__.cpython-310.pyc matches /home/magnus-amann/Master_Project/mctf26/pyquaticus/env-full/lib/python3.10/site-packages/numpy/core/__init__.py
# code object from '/home/magnus-amann/Master_Project/mctf26/pyquaticus/env-full/lib/python3.10/site-packages/numpy/core/__pycache__/__init__.cpython-310.pyc'
# /home/magnus-amann/Master_Project/mctf26/pyquaticus/env-full/lib/python3.10/site-packages/numpy/core/__pycache__/multiarray.cpython-310.pyc matches /home/magnus-amann/Master_Project/mctf26/pyquaticus/env-full/lib/python3.10/site-packages/numpy/core/multiarray.py
# code object from '/home/magnus-amann/Master_Project/mctf26/pyquaticus/env-full/lib/python3.10/site-packages/numpy/core/__pycache__/multiarray.cpython-310.pyc'
# /home/magnus-amann/Master_Project/mctf26/pyquaticus/env-full/lib/python3.10/site-packages/numpy/core/__pycache__/overrides.cpython-310.pyc matches /home/magnus-amann/Master_Project/mctf26/pyquaticus/env-full/lib/python3.10/site-packages/numpy/core/overrides.py
# code object from '/home/magnus-amann/Master_Project/mctf26/pyquaticus/env-full/lib/python3.10/site-packages/numpy/core/__pycache__/overrides.cpython-310.pyc'
# /home/magnus-amann/Master_Project/mctf26/pyquaticus/env-full/lib/python3.10/site-packages/numpy/_utils/__pycache__/_inspect.cpython-310.pyc matches /home/magnus-amann/Master_Project/mctf26/pyquaticus/env-full/lib/python3.10/site-packages/numpy/_utils/_inspect.py
# code object from '/home/magnus-amann/Master_Project/mctf26/pyquaticus/env-full/lib/python3.10/site-packages/numpy/_utils/__pycache__/_inspect.cpython-310.pyc'
import 'numpy._utils._inspect' # <_frozen_importlib_external.SourceFileLoader object at 0x7e647bad80a0>
# /home/magnus-amann/Master_Project/mctf26/pyquaticus/env-full/lib/python3.10/__pycache__/datetime.cpython-310.pyc matches /home/magnus-amann/Master_Project/mctf26/pyquaticus/env-full/lib/python3.10/datetime.py
# code object from '/home/magnus-amann/Master_Project/mctf26/pyquaticus/env-full/lib/python3.10/__pycache__/datetime.cpython-310.pyc'
# extension module 'math' loaded from '/home/magnus-amann/Master_Project/mctf26/pyquaticus/env-full/lib/python3.10/lib-dynload/math.cpython-310-x86_64-linux-gnu.so'
# extension module 'math' executed from '/home/magnus-amann/Master_Project/mctf26/pyquaticus/env-full/lib/python3.10/lib-dynload/math.cpython-310-x86_64-linux-gnu.so'
import 'math' # <_frozen_importlib_external.ExtensionFileLoader object at 0x7e647bad59c0>
# extension module '_datetime' loaded from '/home/magnus-amann/Master_Project/mctf26/pyquaticus/env-full/lib/python3.10/lib-dynload/_datetime.cpython-310-x86_64-linux-gnu.so'
# extension module '_datetime' executed from '/home/magnus-amann/Master_Project/mctf26/pyquaticus/env-full/lib/python3.10/lib-dynload/_datetime.cpython-310-x86_64-linux-gnu.so'
import '_datetime' # <_frozen_importlib_external.ExtensionFileLoader object at 0x7e647bad3d30>
import 'datetime' # <_frozen_importlib_external.SourceFileLoader object at 0x7e647bad78e0>
# /home/magnus-amann/Master_Project/mctf26/pyquaticus/env-full/lib/python3.10/site-packages/numpy/core/__pycache__/_exceptions.cpython-310.pyc matches /home/magnus-amann/Master_Project/mctf26/pyquaticus/env-full/lib/python3.10/site-packages/numpy/core/_exceptions.py
# code object from '/home/magnus-amann/Master_Project/mctf26/pyquaticus/env-full/lib/python3.10/site-packages/numpy/core/__pycache__/_exceptions.cpython-310.pyc'
import 'numpy.core._exceptions' # <_frozen_importlib_external.SourceFileLoader object at 0x7e647bad7790>
# /home/magnus-amann/Master_Project/mctf26/pyquaticus/env-full/lib/python3.10/site-packages/numpy/__pycache__/dtypes.cpython-310.pyc matches /home/magnus-amann/Master_Project/mctf26/pyquaticus/env-full/lib/python3.10/site-packages/numpy/dtypes.py
# code object from '/home/magnus-amann/Master_Project/mctf26/pyquaticus/env-full/lib/python3.10/site-packages/numpy/__pycache__/dtypes.cpython-310.pyc'
import 'numpy.dtypes' # <_frozen_importlib_external.SourceFileLoader object at 0x7e647bad2b60>
# extension module 'numpy.core._multiarray_umath' loaded from '/home/magnus-amann/Master_Project/mctf26/pyquaticus/env-full/lib/python3.10/site-packages/numpy/core/_multiarray_umath.cpython-310-x86_64-linux-gnu.so'
# extension module 'numpy.core._multiarray_umath' executed from '/home/magnus-amann/Master_Project/mctf26/pyquaticus/env-full/lib/python3.10/site-packages/numpy/core/_multiarray_umath.cpython-310-x86_64-linux-gnu.so'
import 'numpy.core._multiarray_umath' # <_frozen_importlib_external.ExtensionFileLoader object at 0x7e647bad7a60>
import 'numpy.core.overrides' # <_frozen_importlib_external.SourceFileLoader object at 0x7e647bad8310>
import 'numpy.core.multiarray' # <_frozen_importlib_external.SourceFileLoader object at 0x7e647bad8f40>
# /home/magnus-amann/Master_Project/mctf26/pyquaticus/env-full/lib/python3.10/site-packages/numpy/core/__pycache__/umath.cpython-310.pyc matches /home/magnus-amann/Master_Project/mctf26/pyquaticus/env-full/lib/python3.10/site-packages/numpy/core/umath.py
# code object from '/home/magnus-amann/Master_Project/mctf26/pyquaticus/env-full/lib/python3.10/site-packages/numpy/core/__pycache__/umath.cpython-310.pyc'
import 'numpy.core.umath' # <_frozen_importlib_external.SourceFileLoader object at 0x7e647badf3a0>
# /home/magnus-amann/Master_Project/mctf26/pyquaticus/env-full/lib/python3.10/site-packages/numpy/core/__pycache__/numerictypes.cpython-310.pyc matches /home/magnus-amann/Master_Project/mctf26/pyquaticus/env-full/lib/python3.10/site-packages/numpy/core/numerictypes.py
# code object from '/home/magnus-amann/Master_Project/mctf26/pyquaticus/env-full/lib/python3.10/site-packages/numpy/core/__pycache__/numerictypes.cpython-310.pyc'
# /home/magnus-amann/Master_Project/mctf26/pyquaticus/env-full/lib/python3.10/__pycache__/numbers.cpython-310.pyc matches /home/magnus-amann/Master_Project/mctf26/pyquaticus/env-full/lib/python3.10/numbers.py
# code object from '/home/magnus-amann/Master_Project/mctf26/pyquaticus/env-full/lib/python3.10/__pycache__/numbers.cpython-310.pyc'
import 'numbers' # <_frozen_importlib_external.SourceFileLoader object at 0x7e647badeef0>
# /home/magnus-amann/Master_Project/mctf26/pyquaticus/env-full/lib/python3.10/site-packages/numpy/core/__pycache__/_string_helpers.cpython-310.pyc matches /home/magnus-amann/Master_Project/mctf26/pyquaticus/env-full/lib/python3.10/site-packages/numpy/core/_string_helpers.py
# code object from '/home/magnus-amann/Master_Project/mctf26/pyquaticus/env-full/lib/python3.10/site-packages/numpy/core/__pycache__/_string_helpers.cpython-310.pyc'
import 'numpy.core._string_helpers' # <_frozen_importlib_external.SourceFileLoader object at 0x7e647badf790>
# /home/magnus-amann/Master_Project/mctf26/pyquaticus/env-full/lib/python3.10/site-packages/numpy/core/__pycache__/_type_aliases.cpython-310.pyc matches /home/magnus-amann/Master_Project/mctf26/pyquaticus/env-full/lib/python3.10/site-packages/numpy/core/_type_aliases.py
# code object from '/home/magnus-amann/Master_Project/mctf26/pyquaticus/env-full/lib/python3.10/site-packages/numpy/core/__pycache__/_type_aliases.cpython-310.pyc'
# /home/magnus-amann/Master_Project/mctf26/pyquaticus/env-full/lib/python3.10/site-packages/numpy/compat/__pycache__/__init__.cpython-310.pyc matches /home/magnus-amann/Master_Project/mctf26/pyquaticus/env-full/lib/python3.10/site-packages/numpy/compat/__init__.py
# code object from '/home/magnus-amann/Master_Project/mctf26/pyquaticus/env-full/lib/python3.10/site-packages/numpy/compat/__pycache__/__init__.cpython-310.pyc'
# /home/magnus-amann/Master_Project/mctf26/pyquaticus/env-full/lib/python3.10/site-packages/numpy/compat/__pycache__/py3k.cpython-310.pyc matches /home/magnus-amann/Master_Project/mctf26/pyquaticus/env-full/lib/python3.10/site-packages/numpy/compat/py3k.py
# code object from '/home/magnus-amann/Master_Project/mctf26/pyquaticus/env-full/lib/python3.10/site-packages/numpy/compat/__pycache__/py3k.cpython-310.pyc'
# /home/magnus-amann/Master_Project/mctf26/pyquaticus/env-full/lib/python3.10/__pycache__/pickle.cpython-310.pyc matches /home/magnus-amann/Master_Project/mctf26/pyquaticus/env-full/lib/python3.10/pickle.py
# code object from '/home/magnus-amann/Master_Project/mctf26/pyquaticus/env-full/lib/python3.10/__pycache__/pickle.cpython-310.pyc'
# /home/magnus-amann/Master_Project/mctf26/pyquaticus/env-full/lib/python3.10/__pycache__/struct.cpython-310.pyc matches /home/magnus-amann/Master_Project/mctf26/pyquaticus/env-full/lib/python3.10/struct.py
# code object from '/home/magnus-amann/Master_Project/mctf26/pyquaticus/env-full/lib/python3.10/__pycache__/struct.cpython-310.pyc'
# extension module '_struct' loaded from '/home/magnus-amann/Master_Project/mctf26/pyquaticus/env-full/lib/python3.10/lib-dynload/_struct.cpython-310-x86_64-linux-gnu.so'
# extension module '_struct' executed from '/home/magnus-amann/Master_Project/mctf26/pyquaticus/env-full/lib/python3.10/lib-dynload/_struct.cpython-310-x86_64-linux-gnu.so'
import '_struct' # <_frozen_importlib_external.ExtensionFileLoader object at 0x7e647b9e6e00>
import 'struct' # <_frozen_importlib_external.SourceFileLoader object at 0x7e647b9e6bf0>
# /home/magnus-amann/Master_Project/mctf26/pyquaticus/env-full/lib/python3.10/__pycache__/_compat_pickle.cpython-310.pyc matches /home/magnus-amann/Master_Project/mctf26/pyquaticus/env-full/lib/python3.10/_compat_pickle.py
# code object from '/home/magnus-amann/Master_Project/mctf26/pyquaticus/env-full/lib/python3.10/__pycache__/_compat_pickle.cpython-310.pyc'
import '_compat_pickle' # <_frozen_importlib_external.SourceFileLoader object at 0x7e647b9e6e90>
# extension module '_pickle' loaded from '/home/magnus-amann/Master_Project/mctf26/pyquaticus/env-full/lib/python3.10/lib-dynload/_pickle.cpython-310-x86_64-linux-gnu.so'
# extension module '_pickle' executed from '/home/magnus-amann/Master_Project/mctf26/pyquaticus/env-full/lib/python3.10/lib-dynload/_pickle.cpython-310-x86_64-linux-gnu.so'
import '_pickle' # <_frozen_importlib_external.ExtensionFileLoader object at 0x7e647b9e6f20>
import 'pickle' # <_frozen_importlib_external.SourceFileLoader object at 0x7e647b9e4700>
import 'numpy.compat.py3k' # <_frozen_importlib_external.SourceFileLoader object at 0x7e647badff70>
import 'numpy.compat' # <_frozen_importlib_external.SourceFileLoader object at 0x7e647badfc70>
# /home/magnus-amann/Master_Project/mctf26/pyquaticus/env-full/lib/python3.10/site-packages/numpy/core/__pycache__/_dtype.cpython-310.pyc matches /home/magnus-amann/Master_Project/mctf26/pyquaticus/env-full/lib/python3.10/site-packages/numpy/core/_dtype.py
# code object from '/home/magnus-amann/Master_Project/mctf26/pyquaticus/env-full/lib/python3.10/site-packages/numpy/core/__pycache__/_dtype.cpython-310.pyc'
import 'numpy.core._dtype' # <_frozen_importlib_external.SourceFileLoader object at 0x7e647b9e4550>
import 'numpy.core._type_aliases' # <_frozen_importlib_external.SourceFileLoader object at 0x7e647badf970>
import 'numpy.core.numerictypes' # <_frozen_importlib_external.SourceFileLoader object at 0x7e647badf2b0>
# /home/magnus-amann/Master_Project/mctf26/pyquaticus/env-full/lib/python3.10/site-packages/numpy/core/__pycache__/numeric.cpython-310.pyc matches /home/magnus-amann/Master_Project/mctf26/pyquaticus/env-full/lib/python3.10/site-packages/numpy/core/numeric.py
# code object from '/home/magnus-amann/Master_Project/mctf26/pyquaticus/env-full/lib/python3.10/site-packages/numpy/core/__pycache__/numeric.cpython-310.pyc'
# /home/magnus-amann/Master_Project/mctf26/pyquaticus/env-full/lib/python3.10/site-packages/numpy/core/__pycache__/shape_base.cpython-310.pyc matches /home/magnus-amann/Master_Project/mctf26/pyquaticus/env-full/lib/python3.10/site-packages/numpy/core/shape_base.py
# code object from '/home/magnus-amann/Master_Project/mctf26/pyquaticus/env-full/lib/python3.10/site-packages/numpy/core/__pycache__/shape_base.cpython-310.pyc'
# /home/magnus-amann/Master_Project/mctf26/pyquaticus/env-full/lib/python3.10/site-packages/numpy/core/__pycache__/fromnumeric.cpython-310.pyc matches /home/magnus-amann/Master_Project/mctf26/pyquaticus/env-full/lib/python3.10/site-packages/numpy/core/fromnumeric.py
# code object from '/home/magnus-amann/Master_Project/mctf26/pyquaticus/env-full/lib/python3.10/site-packages/numpy/core/__pycache__/fromnumeric.cpython-310.pyc'
# /home/magnus-amann/Master_Project/mctf26/pyquaticus/env-full/lib/python3.10/site-packages/numpy/core/__pycache__/_methods.cpython-310.pyc matches /home/magnus-amann/Master_Project/mctf26/pyquaticus/env-full/lib/python3.10/site-packages/numpy/core/_methods.py
# code object from '/home/magnus-amann/Master_Project/mctf26/pyquaticus/env-full/lib/python3.10/site-packages/numpy/core/__pycache__/_methods.cpython-310.pyc'
# /home/magnus-amann/Master_Project/mctf26/pyquaticus/env-full/lib/python3.10/site-packages/numpy/core/__pycache__/_ufunc_config.cpython-310.pyc matches /home/magnus-amann/Master_Project/mctf26/pyquaticus/env-full/lib/python3.10/site-packages/numpy/core/_ufunc_config.py
# code object from '/home/magnus-amann/Master_Project/mctf26/pyquaticus/env-full/lib/python3.10/site-packages/numpy/core/__pycache__/_ufunc_config.cpython-310.pyc'
# /home/magnus-amann/Master_Project/mctf26/pyquaticus/env-full/lib/python3.10/collections/__pycache__/abc.cpython-310.pyc matches /home/magnus-amann/Master_Project/mctf26/pyquaticus/env-full/lib/python3.10/collections/abc.py
# code object from '/home/magnus-amann/Master_Project/mctf26/pyquaticus/env-full/lib/python3.10/collections/__pycache__/abc.cpython-310.pyc'
import 'collections.abc' # <_frozen_importlib_external.SourceFileLoader object at 0x7e647b126bf0>
# /home/magnus-amann/Master_Project/mctf26/pyquaticus/env-full/lib/python3.10/__pycache__/contextvars.cpython-310.pyc matches /home/magnus-amann/Master_Project/mctf26/pyquaticus/env-full/lib/python3.10/contextvars.py
# code object from '/home/magnus-amann/Master_Project/mctf26/pyquaticus/env-full/lib/python3.10/__pycache__/contextvars.cpython-310.pyc'
# extension module '_contextvars' loaded from '/home/magnus-amann/Master_Project/mctf26/pyquaticus/env-full/lib/python3.10/lib-dynload/_contextvars.cpython-310-x86_64-linux-gnu.so'
# extension module '_contextvars' executed from '/home/magnus-amann/Master_Project/mctf26/pyquaticus/env-full/lib/python3.10/lib-dynload/_contextvars.cpython-310-x86_64-linux-gnu.so'
import '_contextvars' # <_frozen_importlib_external.ExtensionFileLoader object at 0x7e647b126e30>
import 'contextvars' # <_frozen_importlib_external.SourceFileLoader object at 0x7e647b126ce0>
import 'numpy.core._ufunc_config' # <_frozen_importlib_external.SourceFileLoader object at 0x7e647b126620>
import 'numpy.core._methods' # <_frozen_importlib_external.SourceFileLoader object at 0x7e647b125f30>
import 'numpy.core.fromnumeric' # <_frozen_importlib_external.SourceFileLoader object at 0x7e647b124cd0>
import 'numpy.core.shape_base' # <_frozen_importlib_external.SourceFileLoader object at 0x7e647b124250>
# /home/magnus-amann/Master_Project/mctf26/pyquaticus/env-full/lib/python3.10/site-packages/numpy/core/__pycache__/arrayprint.cpython-310.pyc matches /home/magnus-amann/Master_Project/mctf26/pyquaticus/env-full/lib/python3.10/site-packages/numpy/core/arrayprint.py
# code object from '/home/magnus-amann/Master_Project/mctf26/pyquaticus/env-full/lib/python3.10/site-packages/numpy/core/__pycache__/arrayprint.cpython-310.pyc'
import 'numpy.core.arrayprint' # <_frozen_importlib_external.SourceFileLoader object at 0x7e647b125d80>
# /home/magnus-amann/Master_Project/mctf26/pyquaticus/env-full/lib/python3.10/site-packages/numpy/core/__pycache__/_asarray.cpython-310.pyc matches /home/magnus-amann/Master_Project/mctf26/pyquaticus/env-full/lib/python3.10/site-packages/numpy/core/_asarray.py
# code object from '/home/magnus-amann/Master_Project/mctf26/pyquaticus/env-full/lib/python3.10/site-packages/numpy/core/__pycache__/_asarray.cpython-310.pyc'
import 'numpy.core._asarray' # <_frozen_importlib_external.SourceFileLoader object at 0x7e647b127640>
import 'numpy.core.numeric' # <_frozen_importlib_external.SourceFileLoader object at 0x7e647b9e72e0>
# /home/magnus-amann/Master_Project/mctf26/pyquaticus/env-full/lib/python3.10/site-packages/numpy/core/__pycache__/defchararray.cpython-310.pyc matches /home/magnus-amann/Master_Project/mctf26/pyquaticus/env-full/lib/python3.10/site-packages/numpy/core/defchararray.py
# code object from '/home/magnus-amann/Master_Project/mctf26/pyquaticus/env-full/lib/python3.10/site-packages/numpy/core/__pycache__/defchararray.cpython-310.pyc'
import 'numpy.core.defchararray' # <_frozen_importlib_external.SourceFileLoader object at 0x7e647b1274c0>
# /home/magnus-amann/Master_Project/mctf26/pyquaticus/env-full/lib/python3.10/site-packages/numpy/core/__pycache__/records.cpython-310.pyc matches /home/magnus-amann/Master_Project/mctf26/pyquaticus/env-full/lib/python3.10/site-packages/numpy/core/records.py
# code object from '/home/magnus-amann/Master_Project/mctf26/pyquaticus/env-full/lib/python3.10/site-packages/numpy/core/__pycache__/records.cpython-310.pyc'
import 'numpy.core.records' # <_frozen_importlib_external.SourceFileLoader object at 0x7e647b161c00>
# /home/magnus-amann/Master_Project/mctf26/pyquaticus/env-full/lib/python3.10/site-packages/numpy/core/__pycache__/memmap.cpython-310.pyc matches /home/magnus-amann/Master_Project/mctf26/pyquaticus/env-full/lib/python3.10/site-packages/numpy/core/memmap.py
# code object from '/home/magnus-amann/Master_Project/mctf26/pyquaticus/env-full/lib/python3.10/site-packages/numpy/core/__pycache__/memmap.cpython-310.pyc'
import 'numpy.core.memmap' # <_frozen_importlib_external.SourceFileLoader object at 0x7e647b1625c0>
# /home/magnus-amann/Master_Project/mctf26/pyquaticus/env-full/lib/python3.10/site-packages/numpy/core/__pycache__/function_base.cpython-310.pyc matches /home/magnus-amann/Master_Project/mctf26/pyquaticus/env-full/lib/python3.10/site-packages/numpy/core/function_base.py
# code object from '/home/magnus-amann/Master_Project/mctf26/pyquaticus/env-full/lib/python3.10/site-packages/numpy/core/__pycache__/function_base.cpython-310.pyc'
import 'numpy.core.function_base' # <_frozen_importlib_external.SourceFileLoader object at 0x7e647b1627d0>
# /home/magnus-amann/Master_Project/mctf26/pyquaticus/env-full/lib/python3.10/site-packages/numpy/core/__pycache__/_machar.cpython-310.pyc matches /home/magnus-amann/Master_Project/mctf26/pyquaticus/env-full/lib/python3.10/site-packages/numpy/core/_machar.py
# code object from '/home/magnus-amann/Master_Project/mctf26/pyquaticus/env-full/lib/python3.10/site-packages/numpy/core/__pycache__/_machar.cpython-310.pyc'
import 'numpy.core._machar' # <_frozen_importlib_external.SourceFileLoader object at 0x7e647b162bc0>
# /home/magnus-amann/Master_Project/mctf26/pyquaticus/env-full/lib/python3.10/site-packages/numpy/core/__pycache__/getlimits.cpython-310.pyc matches /home/magnus-amann/Master_Project/mctf26/pyquaticus/env-full/lib/python3.10/site-packages/numpy/core/getlimits.py
# code object from '/home/magnus-amann/Master_Project/mctf26/pyquaticus/env-full/lib/python3.10/site-packages/numpy/core/__pycache__/getlimits.cpython-310.pyc'
import 'numpy.core.getlimits' # <_frozen_importlib_external.SourceFileLoader object at 0x7e647b162e00>
# /home/magnus-amann/Master_Project/mctf26/pyquaticus/env-full/lib/python3.10/site-packages/numpy/core/__pycache__/einsumfunc.cpython-310.pyc matches /home/magnus-amann/Master_Project/mctf26/pyquaticus/env-full/lib/python3.10/site-packages/numpy/core/einsumfunc.py
# code object from '/home/magnus-amann/Master_Project/mctf26/pyquaticus/env-full/lib/python3.10/site-packages/numpy/core/__pycache__/einsumfunc.cpython-310.pyc'
import 'numpy.core.einsumfunc' # <_frozen_importlib_external.SourceFileLoader object at 0x7e647b1638e0>
# /home/magnus-amann/Master_Project/mctf26/pyquaticus/env-full/lib/python3.10/site-packages/numpy/core/__pycache__/_add_newdocs.cpython-310.pyc matches /home/magnus-amann/Master_Project/mctf26/pyquaticus/env-full/lib/python3.10/site-packages/numpy/core/_add_newdocs.py
# code object from '/home/magnus-amann/Master_Project/mctf26/pyquaticus/env-full/lib/python3.10/site-packages/numpy/core/__pycache__/_add_newdocs.cpython-310.pyc'
# extension module 'numpy.core._multiarray_tests' loaded from '/home/magnus-amann/Master_Project/mctf26/pyquaticus/env-full/lib/python3.10/site-packages/numpy/core/_multiarray_tests.cpython-310-x86_64-linux-gnu.so'
# extension module 'numpy.core._multiarray_tests' executed from '/home/magnus-amann/Master_Project/mctf26/pyquaticus/env-full/lib/python3.10/site-packages/numpy/core/_multiarray_tests.cpython-310-x86_64-linux-gnu.so'
import 'numpy.core._multiarray_tests' # <_frozen_importlib_external.ExtensionFileLoader object at 0x7e647b1c0130>
import 'numpy.core._add_newdocs' # <_frozen_importlib_external.SourceFileLoader object at 0x7e647b163f40>
# /home/magnus-amann/Master_Project/mctf26/pyquaticus/env-full/lib/python3.10/site-packages/numpy/core/__pycache__/_add_newdocs_scalars.cpython-310.pyc matches /home/magnus-amann/Master_Project/mctf26/pyquaticus/env-full/lib/python3.10/site-packages/numpy/core/_add_newdocs_scalars.py
# code object from '/home/magnus-amann/Master_Project/mctf26/pyquaticus/env-full/lib/python3.10/site-packages/numpy/core/__pycache__/_add_newdocs_scalars.cpython-310.pyc'
import 'numpy.core._add_newdocs_scalars' # <_frozen_importlib_external.SourceFileLoader object at 0x7e647b1c0160>
# /home/magnus-amann/Master_Project/mctf26/pyquaticus/env-full/lib/python3.10/site-packages/numpy/core/__pycache__/_dtype_ctypes.cpython-310.pyc matches /home/magnus-amann/Master_Project/mctf26/pyquaticus/env-full/lib/python3.10/site-packages/numpy/core/_dtype_ctypes.py
# code object from '/home/magnus-amann/Master_Project/mctf26/pyquaticus/env-full/lib/python3.10/site-packages/numpy/core/__pycache__/_dtype_ctypes.cpython-310.pyc'
import 'numpy.core._dtype_ctypes' # <_frozen_importlib_external.SourceFileLoader object at 0x7e647b1c0370>
# /home/magnus-amann/Master_Project/mctf26/pyquaticus/env-full/lib/python3.10/site-packages/numpy/core/__pycache__/_internal.cpython-310.pyc matches /home/magnus-amann/Master_Project/mctf26/pyquaticus/env-full/lib/python3.10/site-packages/numpy/core/_internal.py
# code object from '/home/magnus-amann/Master_Project/mctf26/pyquaticus/env-full/lib/python3.10/site-packages/numpy/core/__pycache__/_internal.cpython-310.pyc'
# /home/magnus-amann/Master_Project/mctf26/pyquaticus/env-full/lib/python3.10/__pycache__/ast.cpython-310.pyc matches /home/magnus-amann/Master_Project/mctf26/pyquaticus/env-full/lib/python3.10/ast.py
# code object from '/home/magnus-amann/Master_Project/mctf26/pyquaticus/env-full/lib/python3.10/__pycache__/ast.cpython-310.pyc'
import '_ast' # <class '_frozen_importlib.BuiltinImporter'>
import 'ast' # <_frozen_importlib_external.SourceFileLoader object at 0x7e647b1c1480>
# /home/magnus-amann/Master_Project/mctf26/pyquaticus/env-full/lib/python3.10/ctypes/__pycache__/__init__.cpython-310.pyc matches /home/magnus-amann/Master_Project/mctf26/pyquaticus/env-full/lib/python3.10/ctypes/__init__.py
# code object from '/home/magnus-amann/Master_Project/mctf26/pyquaticus/env-full/lib/python3.10/ctypes/__pycache__/__init__.cpython-310.pyc'
# extension module '_ctypes' loaded from '/home/magnus-amann/Master_Project/mctf26/pyquaticus/env-full/lib/python3.10/lib-dynload/_ctypes.cpython-310-x86_64-linux-gnu.so'
# extension module '_ctypes' executed from '/home/magnus-amann/Master_Project/mctf26/pyquaticus/env-full/lib/python3.10/lib-dynload/_ctypes.cpython-310-x86_64-linux-gnu.so'
import '_ctypes' # <_frozen_importlib_external.ExtensionFileLoader object at 0x7e6478f02920>
# /home/magnus-amann/Master_Project/mctf26/pyquaticus/env-full/lib/python3.10/ctypes/__pycache__/_endian.cpython-310.pyc matches /home/magnus-amann/Master_Project/mctf26/pyquaticus/env-full/lib/python3.10/ctypes/_endian.py
# code object from '/home/magnus-amann/Master_Project/mctf26/pyquaticus/env-full/lib/python3.10/ctypes/__pycache__/_endian.cpython-310.pyc'
import 'ctypes._endian' # <_frozen_importlib_external.SourceFileLoader object at 0x7e6478f03730>
import 'ctypes' # <_frozen_importlib_external.SourceFileLoader object at 0x7e647b1c1c30>
import 'numpy.core._internal' # <_frozen_importlib_external.SourceFileLoader object at 0x7e647b1c0460>
# /home/magnus-amann/Master_Project/mctf26/pyquaticus/env-full/lib/python3.10/site-packages/numpy/__pycache__/_pytesttester.cpython-310.pyc matches /home/magnus-amann/Master_Project/mctf26/pyquaticus/env-full/lib/python3.10/site-packages/numpy/_pytesttester.py
# code object from '/home/magnus-amann/Master_Project/mctf26/pyquaticus/env-full/lib/python3.10/site-packages/numpy/__pycache__/_pytesttester.cpython-310.pyc'
import 'numpy._pytesttester' # <_frozen_importlib_external.SourceFileLoader object at 0x7e647b1c08b0>
import 'numpy.core' # <_frozen_importlib_external.SourceFileLoader object at 0x7e647bad98a0>
import 'numpy.__config__' # <_frozen_importlib_external.SourceFileLoader object at 0x7e647bad9d20>
# /home/magnus-amann/Master_Project/mctf26/pyquaticus/env-full/lib/python3.10/site-packages/numpy/lib/__pycache__/__init__.cpython-310.pyc matches /home/magnus-amann/Master_Project/mctf26/pyquaticus/env-full/lib/python3.10/site-packages/numpy/lib/__init__.py
# code object from '/home/magnus-amann/Master_Project/mctf26/pyquaticus/env-full/lib/python3.10/site-packages/numpy/lib/__pycache__/__init__.cpython-310.pyc'
# /home/magnus-amann/Master_Project/mctf26/pyquaticus/env-full/lib/python3.10/site-packages/numpy/lib/__pycache__/mixins.cpython-310.pyc matches /home/magnus-amann/Master_Project/mctf26/pyquaticus/env-full/lib/python3.10/site-packages/numpy/lib/mixins.py
# code object from '/home/magnus-amann/Master_Project/mctf26/pyquaticus/env-full/lib/python3.10/site-packages/numpy/lib/__pycache__/mixins.cpython-310.pyc'
import 'numpy.lib.mixins' # <_frozen_importlib_external.SourceFileLoader object at 0x7e6478f03490>
# /home/magnus-amann/Master_Project/mctf26/pyquaticus/env-full/lib/python3.10/site-packages/numpy/lib/__pycache__/scimath.cpython-310.pyc matches /home/magnus-amann/Master_Project/mctf26/pyquaticus/env-full/lib/python3.10/site-packages/numpy/lib/scimath.py
# code object from '/home/magnus-amann/Master_Project/mctf26/pyquaticus/env-full/lib/python3.10/site-packages/numpy/lib/__pycache__/scimath.cpython-310.pyc'
# /home/magnus-amann/Master_Project/mctf26/pyquaticus/env-full/lib/python3.10/site-packages/numpy/lib/__pycache__/type_check.cpython-310.pyc matches /home/magnus-amann/Master_Project/mctf26/pyquaticus/env-full/lib/python3.10/site-packages/numpy/lib/type_check.py
# code object from '/home/magnus-amann/Master_Project/mctf26/pyquaticus/env-full/lib/python3.10/site-packages/numpy/lib/__pycache__/type_check.cpython-310.pyc'
# /home/magnus-amann/Master_Project/mctf26/pyquaticus/env-full/lib/python3.10/site-packages/numpy/lib/__pycache__/ufunclike.cpython-310.pyc matches /home/magnus-amann/Master_Project/mctf26/pyquaticus/env-full/lib/python3.10/site-packages/numpy/lib/ufunclike.py
# code object from '/home/magnus-amann/Master_Project/mctf26/pyquaticus/env-full/lib/python3.10/site-packages/numpy/lib/__pycache__/ufunclike.cpython-310.pyc'
import 'numpy.lib.ufunclike' # <_frozen_importlib_external.SourceFileLoader object at 0x7e6478f39d50>
import 'numpy.lib.type_check' # <_frozen_importlib_external.SourceFileLoader object at 0x7e6478f394b0>
import 'numpy.lib.scimath' # <_frozen_importlib_external.SourceFileLoader object at 0x7e6478f38d90>
# /home/magnus-amann/Master_Project/mctf26/pyquaticus/env-full/lib/python3.10/site-packages/numpy/lib/__pycache__/index_tricks.cpython-310.pyc matches /home/magnus-amann/Master_Project/mctf26/pyquaticus/env-full/lib/python3.10/site-packages/numpy/lib/index_tricks.py
# code object from '/home/magnus-amann/Master_Project/mctf26/pyquaticus/env-full/lib/python3.10/site-packages/numpy/lib/__pycache__/index_tricks.cpython-310.pyc'
# /home/magnus-amann/Master_Project/mctf26/pyquaticus/env-full/lib/python3.10/site-packages/numpy/matrixlib/__pycache__/__init__.cpython-310.pyc matches /home/magnus-amann/Master_Project/mctf26/pyquaticus/env-full/lib/python3.10/site-packages/numpy/matrixlib/__init__.py
# code object from '/home/magnus-amann/Master_Project/mctf26/pyquaticus/env-full/lib/python3.10/site-packages/numpy/matrixlib/__pycache__/__init__.cpython-310.pyc'
# /home/magnus-amann/Master_Project/mctf26/pyquaticus/env-full/lib/python3.10/site-packages/numpy/matrixlib/__pycache__/defmatrix.cpython-310.pyc matches /home/magnus-amann/Master_Project/mctf26/pyquaticus/env-full/lib/python3.10/site-packages/numpy/matrixlib/defmatrix.py
# code object from '/home/magnus-amann/Master_Project/mctf26/pyquaticus/env-full/lib/python3.10/site-packages/numpy/matrixlib/__pycache__/defmatrix.cpython-310.pyc'
# /home/magnus-amann/Master_Project/mctf26/pyquaticus/env-full/lib/python3.10/site-packages/numpy/linalg/__pycache__/__init__.cpython-310.pyc matches /home/magnus-amann/Master_Project/mctf26/pyquaticus/env-full/lib/python3.10/site-packages/numpy/linalg/__init__.py
# code object from '/home/magnus-amann/Master_Project/mctf26/pyquaticus/env-full/lib/python3.10/site-packages/numpy/linalg/__pycache__/__init__.cpython-310.pyc'
# /home/magnus-amann/Master_Project/mctf26/pyquaticus/env-full/lib/python3.10/site-packages/numpy/linalg/__pycache__/linalg.cpython-310.pyc matches /home/magnus-amann/Master_Project/mctf26/pyquaticus/env-full/lib/python3.10/site-packages/numpy/linalg/linalg.py
# code object from '/home/magnus-amann/Master_Project/mctf26/pyquaticus/env-full/lib/python3.10/site-packages/numpy/linalg/__pycache__/linalg.cpython-310.pyc'
# /home/magnus-amann/Master_Project/mctf26/pyquaticus/env-full/lib/python3.10/__pycache__/typing.cpython-310.pyc matches /home/magnus-amann/Master_Project/mctf26/pyquaticus/env-full/lib/python3.10/typing.py
# code object from '/home/magnus-amann/Master_Project/mctf26/pyquaticus/env-full/lib/python3.10/__pycache__/typing.cpython-310.pyc'
import 'typing' # <_frozen_importlib_external.SourceFileLoader object at 0x7e6478f605e0>
# /home/magnus-amann/Master_Project/mctf26/pyquaticus/env-full/lib/python3.10/site-packages/numpy/lib/__pycache__/twodim_base.cpython-310.pyc matches /home/magnus-amann/Master_Project/mctf26/pyquaticus/env-full/lib/python3.10/site-packages/numpy/lib/twodim_base.py
# code object from '/home/magnus-amann/Master_Project/mctf26/pyquaticus/env-full/lib/python3.10/site-packages/numpy/lib/__pycache__/twodim_base.cpython-310.pyc'
# /home/magnus-amann/Master_Project/mctf26/pyquaticus/env-full/lib/python3.10/site-packages/numpy/lib/__pycache__/stride_tricks.cpython-310.pyc matches /home/magnus-amann/Master_Project/mctf26/pyquaticus/env-full/lib/python3.10/site-packages/numpy/lib/stride_tricks.py
# code object from '/home/magnus-amann/Master_Project/mctf26/pyquaticus/env-full/lib/python3.10/site-packages/numpy/lib/__pycache__/stride_tricks.cpython-310.pyc'
import 'numpy.lib.stride_tricks' # <_frozen_importlib_external.SourceFileLoader object at 0x7e6478f99300>
import 'numpy.lib.twodim_base' # <_frozen_importlib_external.SourceFileLoader object at 0x7e6478f61810>
# extension module 'numpy.linalg._umath_linalg' loaded from '/home/magnus-amann/Master_Project/mctf26/pyquaticus/env-full/lib/python3.10/site-packages/numpy/linalg/_umath_linalg.cpython-310-x86_64-linux-gnu.so'
# extension module 'numpy.linalg._umath_linalg' executed from '/home/magnus-amann/Master_Project/mctf26/pyquaticus/env-full/lib/python3.10/site-packages/numpy/linalg/_umath_linalg.cpython-310-x86_64-linux-gnu.so'
import 'numpy.linalg._umath_linalg' # <_frozen_importlib_external.ExtensionFileLoader object at 0x7e6478f99a80>
# /home/magnus-amann/Master_Project/mctf26/pyquaticus/env-full/lib/python3.10/site-packages/numpy/_typing/__pycache__/__init__.cpython-310.pyc matches /home/magnus-amann/Master_Project/mctf26/pyquaticus/env-full/lib/python3.10/site-packages/numpy/_typing/__init__.py
# code object from '/home/magnus-amann/Master_Project/mctf26/pyquaticus/env-full/lib/python3.10/site-packages/numpy/_typing/__pycache__/__init__.cpython-310.pyc'
# /home/magnus-amann/Master_Project/mctf26/pyquaticus/env-full/lib/python3.10/site-packages/numpy/_typing/__pycache__/_nested_sequence.cpython-310.pyc matches /home/magnus-amann/Master_Project/mctf26/pyquaticus/env-full/lib/python3.10/site-packages/numpy/_typing/_nested_sequence.py
# code object from '/home/magnus-amann/Master_Project/mctf26/pyquaticus/env-full/lib/python3.10/site-packages/numpy/_typing/__pycache__/_nested_sequence.cpython-310.pyc'
import 'numpy._typing._nested_sequence' # <_frozen_importlib_external.SourceFileLoader object at 0x7e6478f9aa40>
# /home/magnus-amann/Master_Project/mctf26/pyquaticus/env-full/lib/python3.10/site-packages/numpy/_typing/__pycache__/_nbit.cpython-310.pyc matches /home/magnus-amann/Master_Project/mctf26/pyquaticus/env-full/lib/python3.10/site-packages/numpy/_typing/_nbit.py
# code object from '/home/magnus-amann/Master_Project/mctf26/pyquaticus/env-full/lib/python3.10/site-packages/numpy/_typing/__pycache__/_nbit.cpython-310.pyc'
import 'numpy._typing._nbit' # <_frozen_importlib_external.SourceFileLoader object at 0x7e6478f9aec0>
# /home/magnus-amann/Master_Project/mctf26/pyquaticus/env-full/lib/python3.10/site-packages/numpy/_typing/__pycache__/_char_codes.cpython-310.pyc matches /home/magnus-amann/Master_Project/mctf26/pyquaticus/env-full/lib/python3.10/site-packages/numpy/_typing/_char_codes.py
# code object from '/home/magnus-amann/Master_Project/mctf26/pyquaticus/env-full/lib/python3.10/site-packages/numpy/_typing/__pycache__/_char_codes.cpython-310.pyc'
import 'numpy._typing._char_codes' # <_frozen_importlib_external.SourceFileLoader object at 0x7e6478f9af50>
# /home/magnus-amann/Master_Project/mctf26/pyquaticus/env-full/lib/python3.10/site-packages/numpy/_typing/__pycache__/_scalars.cpython-310.pyc matches /home/magnus-amann/Master_Project/mctf26/pyquaticus/env-full/lib/python3.10/site-packages/numpy/_typing/_scalars.py
# code object from '/home/magnus-amann/Master_Project/mctf26/pyquaticus/env-full/lib/python3.10/site-packages/numpy/_typing/__pycache__/_scalars.cpython-310.pyc'
import 'numpy._typing._scalars' # <_frozen_importlib_external.SourceFileLoader object at 0x7e6478f9b730>
# /home/magnus-amann/Master_Project/mctf26/pyquaticus/env-full/lib/python3.10/site-packages/numpy/_typing/__pycache__/_shape.cpython-310.pyc matches /home/magnus-amann/Master_Project/mctf26/pyquaticus/env-full/lib/python3.10/site-packages/numpy/_typing/_shape.py
# code object from '/home/magnus-amann/Master_Project/mctf26/pyquaticus/env-full/lib/python3.10/site-packages/numpy/_typing/__pycache__/_shape.cpython-310.pyc'
import 'numpy._typing._shape' # <_frozen_importlib_external.SourceFileLoader object at 0x7e6478f9bb50>
# /home/magnus-amann/Master_Project/mctf26/pyquaticus/env-full/lib/python3.10/site-packages/numpy/_typing/__pycache__/_dtype_like.cpython-310.pyc matches /home/magnus-amann/Master_Project/mctf26/pyquaticus/env-full/lib/python3.10/site-packages/numpy/_typing/_dtype_like.py
# code object from '/home/magnus-amann/Master_Project/mctf26/pyquaticus/env-full/lib/python3.10/site-packages/numpy/_typing/__pycache__/_dtype_like.cpython-310.pyc'
import 'numpy._typing._dtype_like' # <_frozen_importlib_external.SourceFileLoader object at 0x7e6478f9bc70>
# /home/magnus-amann/Master_Project/mctf26/pyquaticus/env-full/lib/python3.10/site-packages/numpy/_typing/__pycache__/_array_like.cpython-310.pyc matches /home/magnus-amann/Master_Project/mctf26/pyquaticus/env-full/lib/python3.10/site-packages/numpy/_typing/_array_like.py
# code object from '/home/magnus-amann/Master_Project/mctf26/pyquaticus/env-full/lib/python3.10/site-packages/numpy/_typing/__pycache__/_array_like.cpython-310.pyc'
import 'numpy._typing._array_like' # <_frozen_importlib_external.SourceFileLoader object at 0x7e6478fddc30>
import 'numpy._typing' # <_frozen_importlib_external.SourceFileLoader object at 0x7e6478f9a5f0>
import 'numpy.linalg.linalg' # <_frozen_importlib_external.SourceFileLoader object at 0x7e6478f3ba00>
import 'numpy.linalg' # <_frozen_importlib_external.SourceFileLoader object at 0x7e6478f3b6d0>
import 'numpy.matrixlib.defmatrix' # <_frozen_importlib_external.SourceFileLoader object at 0x7e6478f3ab60>
import 'numpy.matrixlib' # <_frozen_importlib_external.SourceFileLoader object at 0x7e6478f3a830>
# /home/magnus-amann/Master_Project/mctf26/pyquaticus/env-full/lib/python3.10/site-packages/numpy/lib/__pycache__/function_base.cpython-310.pyc matches /home/magnus-amann/Master_Project/mctf26/pyquaticus/env-full/lib/python3.10/site-packages/numpy/lib/function_base.py
# code object from '/home/magnus-amann/Master_Project/mctf26/pyquaticus/env-full/lib/python3.10/site-packages/numpy/lib/__pycache__/function_base.cpython-310.pyc'
# /home/magnus-amann/Master_Project/mctf26/pyquaticus/env-full/lib/python3.10/site-packages/numpy/lib/__pycache__/histograms.cpython-310.pyc matches /home/magnus-amann/Master_Project/mctf26/pyquaticus/env-full/lib/python3.10/site-packages/numpy/lib/histograms.py
# code object from '/home/magnus-amann/Master_Project/mctf26/pyquaticus/env-full/lib/python3.10/site-packages/numpy/lib/__pycache__/histograms.cpython-310.pyc'
import 'numpy.lib.histograms' # <_frozen_importlib_external.SourceFileLoader object at 0x7e6478feb670>
import 'numpy.lib.function_base' # <_frozen_importlib_external.SourceFileLoader object at 0x7e6478f3b790>
import 'numpy.lib.index_tricks' # <_frozen_importlib_external.SourceFileLoader object at 0x7e6478f39e70>
# /home/magnus-amann/Master_Project/mctf26/pyquaticus/env-full/lib/python3.10/site-packages/numpy/lib/__pycache__/nanfunctions.cpython-310.pyc matches /home/magnus-amann/Master_Project/mctf26/pyquaticus/env-full/lib/python3.10/site-packages/numpy/lib/nanfunctions.py
# code object from '/home/magnus-amann/Master_Project/mctf26/pyquaticus/env-full/lib/python3.10/site-packages/numpy/lib/__pycache__/nanfunctions.cpython-310.pyc'
import 'numpy.lib.nanfunctions' # <_frozen_importlib_external.SourceFileLoader object at 0x7e6478f3a3e0>
# /home/magnus-amann/Master_Project/mctf26/pyquaticus/env-full/lib/python3.10/site-packages/numpy/lib/__pycache__/shape_base.cpython-310.pyc matches /home/magnus-amann/Master_Project/mctf26/pyquaticus/env-full/lib/python3.10/site-packages/numpy/lib/shape_base.py
# code object from '/home/magnus-amann/Master_Project/mctf26/pyquaticus/env-full/lib/python3.10/site-packages/numpy/lib/__pycache__/shape_base.cpython-310.pyc'
import 'numpy.lib.shape_base' # <_frozen_importlib_external.SourceFileLoader object at 0x7e64789341c0>
# /home/magnus-amann/Master_Project/mctf26/pyquaticus/env-full/lib/python3.10/site-packages/numpy/lib/__pycache__/polynomial.cpython-310.pyc matches /home/magnus-amann/Master_Project/mctf26/pyquaticus/env-full/lib/python3.10/site-packages/numpy/lib/polynomial.py
# code object from '/home/magnus-amann/Master_Project/mctf26/pyquaticus/env-full/lib/python3.10/site-packages/numpy/lib/__pycache__/polynomial.cpython-310.pyc'
import 'numpy.lib.polynomial' # <_frozen_importlib_external.SourceFileLoader object at 0x7e64789349a0>
# /home/magnus-amann/Master_Project/mctf26/pyquaticus/env-full/lib/python3.10/site-packages/numpy/lib/__pycache__/utils.cpython-310.pyc matches /home/magnus-amann/Master_Project/mctf26/pyquaticus/env-full/lib/python3.10/site-packages/numpy/lib/utils.py
# code object from '/home/magnus-amann/Master_Project/mctf26/pyquaticus/env-full/lib/python3.10/site-packages/numpy/lib/__pycache__/utils.cpython-310.pyc'
# /home/magnus-amann/Master_Project/mctf26/pyquaticus/env-full/lib/python3.10/__pycache__/textwrap.cpython-310.pyc matches /home/magnus-amann/Master_Project/mctf26/pyquaticus/env-full/lib/python3.10/textwrap.py
# code object from '/home/magnus-amann/Master_Project/mctf26/pyquaticus/env-full/lib/python3.10/__pycache__/textwrap.cpython-310.pyc'
import 'textwrap' # <_frozen_importlib_external.SourceFileLoader object at 0x7e6478935d20>
# /home/magnus-amann/Master_Project/mctf26/pyquaticus/env-full/lib/python3.10/__pycache__/platform.cpython-310.pyc matches /home/magnus-amann/Master_Project/mctf26/pyquaticus/env-full/lib/python3.10/platform.py
# code object from '/home/magnus-amann/Master_Project/mctf26/pyquaticus/env-full/lib/python3.10/__pycache__/platform.cpython-310.pyc'
# /home/magnus-amann/Master_Project/mctf26/pyquaticus/env-full/lib/python3.10/__pycache__/subprocess.cpython-310.pyc matches /home/magnus-amann/Master_Project/mctf26/pyquaticus/env-full/lib/python3.10/subprocess.py
# code object from '/home/magnus-amann/Master_Project/mctf26/pyquaticus/env-full/lib/python3.10/__pycache__/subprocess.cpython-310.pyc'
# /home/magnus-amann/Master_Project/mctf26/pyquaticus/env-full/lib/python3.10/__pycache__/signal.cpython-310.pyc matches /home/magnus-amann/Master_Project/mctf26/pyquaticus/env-full/lib/python3.10/signal.py
# code object from '/home/magnus-amann/Master_Project/mctf26/pyquaticus/env-full/lib/python3.10/__pycache__/signal.cpython-310.pyc'
import 'signal' # <_frozen_importlib_external.SourceFileLoader object at 0x7e6478937be0>
# /home/magnus-amann/Master_Project/mctf26/pyquaticus/env-full/lib/python3.10/__pycache__/threading.cpython-310.pyc matches /home/magnus-amann/Master_Project/mctf26/pyquaticus/env-full/lib/python3.10/threading.py
# code object from '/home/magnus-amann/Master_Project/mctf26/pyquaticus/env-full/lib/python3.10/__pycache__/threading.cpython-310.pyc'
# /home/magnus-amann/Master_Project/mctf26/pyquaticus/env-full/lib/python3.10/__pycache__/_weakrefset.cpython-310.pyc matches /home/magnus-amann/Master_Project/mctf26/pyquaticus/env-full/lib/python3.10/_weakrefset.py
# code object from '/home/magnus-amann/Master_Project/mctf26/pyquaticus/env-full/lib/python3.10/__pycache__/_weakrefset.cpython-310.pyc'
import '_weakrefset' # <_frozen_importlib_external.SourceFileLoader object at 0x7e6478985e10>
import 'threading' # <_frozen_importlib_external.SourceFileLoader object at 0x7e6478937d30>
# extension module 'fcntl' loaded from '/home/magnus-amann/Master_Project/mctf26/pyquaticus/env-full/lib/python3.10/lib-dynload/fcntl.cpython-310-x86_64-linux-gnu.so'
# extension module 'fcntl' executed from '/home/magnus-amann/Master_Project/mctf26/pyquaticus/env-full/lib/python3.10/lib-dynload/fcntl.cpython-310-x86_64-linux-gnu.so'
import 'fcntl' # <_frozen_importlib_external.ExtensionFileLoader object at 0x7e6478985900>
# extension module '_posixsubprocess' loaded from '/home/magnus-amann/Master_Project/mctf26/pyquaticus/env-full/lib/python3.10/lib-dynload/_posixsubprocess.cpython-310-x86_64-linux-gnu.so'
# extension module '_posixsubprocess' executed from '/home/magnus-amann/Master_Project/mctf26/pyquaticus/env-full/lib/python3.10/lib-dynload/_posixsubprocess.cpython-310-x86_64-linux-gnu.so'
import '_posixsubprocess' # <_frozen_importlib_external.ExtensionFileLoader object at 0x7e6478986950>
# extension module 'select' loaded from '/home/magnus-amann/Master_Project/mctf26/pyquaticus/env-full/lib/python3.10/lib-dynload/select.cpython-310-x86_64-linux-gnu.so'
# extension module 'select' executed from '/home/magnus-amann/Master_Project/mctf26/pyquaticus/env-full/lib/python3.10/lib-dynload/select.cpython-310-x86_64-linux-gnu.so'
import 'select' # <_frozen_importlib_external.ExtensionFileLoader object at 0x7e64789869e0>
# /home/magnus-amann/Master_Project/mctf26/pyquaticus/env-full/lib/python3.10/__pycache__/selectors.cpython-310.pyc matches /home/magnus-amann/Master_Project/mctf26/pyquaticus/env-full/lib/python3.10/selectors.py
# code object from '/home/magnus-amann/Master_Project/mctf26/pyquaticus/env-full/lib/python3.10/__pycache__/selectors.cpython-310.pyc'
import 'selectors' # <_frozen_importlib_external.SourceFileLoader object at 0x7e6478986aa0>
import 'subprocess' # <_frozen_importlib_external.SourceFileLoader object at 0x7e6478936e30>
import 'platform' # <_frozen_importlib_external.SourceFileLoader object at 0x7e6478936b30>
import 'numpy.lib.utils' # <_frozen_importlib_external.SourceFileLoader object at 0x7e6478935510>
# /home/magnus-amann/Master_Project/mctf26/pyquaticus/env-full/lib/python3.10/site-packages/numpy/lib/__pycache__/arraysetops.cpython-310.pyc matches /home/magnus-amann/Master_Project/mctf26/pyquaticus/env-full/lib/python3.10/site-packages/numpy/lib/arraysetops.py
# code object from '/home/magnus-amann/Master_Project/mctf26/pyquaticus/env-full/lib/python3.10/site-packages/numpy/lib/__pycache__/arraysetops.cpython-310.pyc'
import 'numpy.lib.arraysetops' # <_frozen_importlib_external.SourceFileLoader object at 0x7e6478987c10>
# /home/magnus-amann/Master_Project/mctf26/pyquaticus/env-full/lib/python3.10/site-packages/numpy/lib/__pycache__/npyio.cpython-310.pyc matches /home/magnus-amann/Master_Project/mctf26/pyquaticus/env-full/lib/python3.10/site-packages/numpy/lib/npyio.py
# code object from '/home/magnus-amann/Master_Project/mctf26/pyquaticus/env-full/lib/python3.10/site-packages/numpy/lib/__pycache__/npyio.cpython-310.pyc'
# /home/magnus-amann/Master_Project/mctf26/pyquaticus/env-full/lib/python3.10/__pycache__/weakref.cpython-310.pyc matches /home/magnus-amann/Master_Project/mctf26/pyquaticus/env-full/lib/python3.10/weakref.py
# code object from '/home/magnus-amann/Master_Project/mctf26/pyquaticus/env-full/lib/python3.10/__pycache__/weakref.cpython-310.pyc'
import 'weakref' # <_frozen_importlib_external.SourceFileLoader object at 0x7e64789c1300>
# /home/magnus-amann/Master_Project/mctf26/pyquaticus/env-full/lib/python3.10/site-packages/numpy/lib/__pycache__/format.cpython-310.pyc matches /home/magnus-amann/Master_Project/mctf26/pyquaticus/env-full/lib/python3.10/site-packages/numpy/lib/format.py
# code object from '/home/magnus-amann/Master_Project/mctf26/pyquaticus/env-full/lib/python3.10/site-packages/numpy/lib/__pycache__/format.cpython-310.pyc'
import 'numpy.lib.format' # <_frozen_importlib_external.SourceFileLoader object at 0x7e64789c2230>
# /home/magnus-amann/Master_Project/mctf26/pyquaticus/env-full/lib/python3.10/site-packages/numpy/lib/__pycache__/_datasource.cpython-310.pyc matches /home/magnus-amann/Master_Project/mctf26/pyquaticus/env-full/lib/python3.10/site-packages/numpy/lib/_datasource.py
# code object from '/home/magnus-amann/Master_Project/mctf26/pyquaticus/env-full/lib/python3.10/site-packages/numpy/lib/__pycache__/_datasource.cpython-310.pyc'
import 'numpy.lib._datasource' # <_frozen_importlib_external.SourceFileLoader object at 0x7e64789c2740>
# /home/magnus-amann/Master_Project/mctf26/pyquaticus/env-full/lib/python3.10/site-packages/numpy/lib/__pycache__/_iotools.cpython-310.pyc matches /home/magnus-amann/Master_Project/mctf26/pyquaticus/env-full/lib/python3.10/site-packages/numpy/lib/_iotools.py
# code object from '/home/magnus-amann/Master_Project/mctf26/pyquaticus/env-full/lib/python3.10/site-packages/numpy/lib/__pycache__/_iotools.cpython-310.pyc'
import 'numpy.lib._iotools' # <_frozen_importlib_external.SourceFileLoader object at 0x7e64789c2f20>
import 'numpy.lib.npyio' # <_frozen_importlib_external.SourceFileLoader object at 0x7e6478987fa0>
# /home/magnus-amann/Master_Project/mctf26/pyquaticus/env-full/lib/python3.10/site-packages/numpy/lib/__pycache__/arrayterator.cpython-310.pyc matches /home/magnus-amann/Master_Project/mctf26/pyquaticus/env-full/lib/python3.10/site-packages/numpy/lib/arrayterator.py
# code object from '/home/magnus-amann/Master_Project/mctf26/pyquaticus/env-full/lib/python3.10/site-packages/numpy/lib/__pycache__/arrayterator.cpython-310.pyc'
import 'numpy.lib.arrayterator' # <_frozen_importlib_external.SourceFileLoader object at 0x7e64789c3b50>
# /home/magnus-amann/Master_Project/mctf26/pyquaticus/env-full/lib/python3.10/site-packages/numpy/lib/__pycache__/arraypad.cpython-310.pyc matches /home/magnus-amann/Master_Project/mctf26/pyquaticus/env-full/lib/python3.10/site-packages/numpy/lib/arraypad.py
# code object from '/home/magnus-amann/Master_Project/mctf26/pyquaticus/env-full/lib/python3.10/site-packages/numpy/lib/__pycache__/arraypad.cpython-310.pyc'
import 'numpy.lib.arraypad' # <_frozen_importlib_external.SourceFileLoader object at 0x7e64789c3df0>
# /home/magnus-amann/Master_Project/mctf26/pyquaticus/env-full/lib/python3.10/site-packages/numpy/lib/__pycache__/_version.cpython-310.pyc matches /home/magnus-amann/Master_Project/mctf26/pyquaticus/env-full/lib/python3.10/site-packages/numpy/lib/_version.py
# code object from '/home/magnus-amann/Master_Project/mctf26/pyquaticus/env-full/lib/python3.10/site-packages/numpy/lib/__pycache__/_version.cpython-310.pyc'
import 'numpy.lib._version' # <_frozen_importlib_external.SourceFileLoader object at 0x7e64789f8310>
import 'numpy.lib' # <_frozen_importlib_external.SourceFileLoader object at 0x7e6478f01f90>
# /home/magnus-amann/Master_Project/mctf26/pyquaticus/env-full/lib/python3.10/site-packages/numpy/fft/__pycache__/__init__.cpython-310.pyc matches /home/magnus-amann/Master_Project/mctf26/pyquaticus/env-full/lib/python3.10/site-packages/numpy/fft/__init__.py
# code object from '/home/magnus-amann/Master_Project/mctf26/pyquaticus/env-full/lib/python3.10/site-packages/numpy/fft/__pycache__/__init__.cpython-310.pyc'
# /home/magnus-amann/Master_Project/mctf26/pyquaticus/env-full/lib/python3.10/site-packages/numpy/fft/__pycache__/_pocketfft.cpython-310.pyc matches /home/magnus-amann/Master_Project/mctf26/pyquaticus/env-full/lib/python3.10/site-packages/numpy/fft/_pocketfft.py
# code object from '/home/magnus-amann/Master_Project/mctf26/pyquaticus/env-full/lib/python3.10/site-packages/numpy/fft/__pycache__/_pocketfft.cpython-310.pyc'
# extension module 'numpy.fft._pocketfft_internal' loaded from '/home/magnus-amann/Master_Project/mctf26/pyquaticus/env-full/lib/python3.10/site-packages/numpy/fft/_pocketfft_internal.cpython-310-x86_64-linux-gnu.so'
# extension module 'numpy.fft._pocketfft_internal' executed from '/home/magnus-amann/Master_Project/mctf26/pyquaticus/env-full/lib/python3.10/site-packages/numpy/fft/_pocketfft_internal.cpython-310-x86_64-linux-gnu.so'
import 'numpy.fft._pocketfft_internal' # <_frozen_importlib_external.ExtensionFileLoader object at 0x7e64789f8c40>
import 'numpy.fft._pocketfft' # <_frozen_importlib_external.SourceFileLoader object at 0x7e64789f8790>
# /home/magnus-amann/Master_Project/mctf26/pyquaticus/env-full/lib/python3.10/site-packages/numpy/fft/__pycache__/helper.cpython-310.pyc matches /home/magnus-amann/Master_Project/mctf26/pyquaticus/env-full/lib/python3.10/site-packages/numpy/fft/helper.py
# code object from '/home/magnus-amann/Master_Project/mctf26/pyquaticus/env-full/lib/python3.10/site-packages/numpy/fft/__pycache__/helper.cpython-310.pyc'
import 'numpy.fft.helper' # <_frozen_importlib_external.SourceFileLoader object at 0x7e64789f8c10>
import 'numpy.fft' # <_frozen_importlib_external.SourceFileLoader object at 0x7e64789f85e0>
# /home/magnus-amann/Master_Project/mctf26/pyquaticus/env-full/lib/python3.10/site-packages/numpy/polynomial/__pycache__/__init__.cpython-310.pyc matches /home/magnus-amann/Master_Project/mctf26/pyquaticus/env-full/lib/python3.10/site-packages/numpy/polynomial/__init__.py
# code object from '/home/magnus-amann/Master_Project/mctf26/pyquaticus/env-full/lib/python3.10/site-packages/numpy/polynomial/__pycache__/__init__.cpython-310.pyc'
# /home/magnus-amann/Master_Project/mctf26/pyquaticus/env-full/lib/python3.10/site-packages/numpy/polynomial/__pycache__/polynomial.cpython-310.pyc matches /home/magnus-amann/Master_Project/mctf26/pyquaticus/env-full/lib/python3.10/site-packages/numpy/polynomial/polynomial.py
# code object from '/home/magnus-amann/Master_Project/mctf26/pyquaticus/env-full/lib/python3.10/site-packages/numpy/polynomial/__pycache__/polynomial.cpython-310.pyc'
# /home/magnus-amann/Master_Project/mctf26/pyquaticus/env-full/lib/python3.10/site-packages/numpy/polynomial/__pycache__/polyutils.cpython-310.pyc matches /home/magnus-amann/Master_Project/mctf26/pyquaticus/env-full/lib/python3.10/site-packages/numpy/polynomial/polyutils.py
# code object from '/home/magnus-amann/Master_Project/mctf26/pyquaticus/env-full/lib/python3.10/site-packages/numpy/polynomial/__pycache__/polyutils.cpython-310.pyc'
import 'numpy.polynomial.polyutils' # <_frozen_importlib_external.SourceFileLoader object at 0x7e64789f98a0>
# /home/magnus-amann/Master_Project/mctf26/pyquaticus/env-full/lib/python3.10/site-packages/numpy/polynomial/__pycache__/_polybase.cpython-310.pyc matches /home/magnus-amann/Master_Project/mctf26/pyquaticus/env-full/lib/python3.10/site-packages/numpy/polynomial/_polybase.py
# code object from '/home/magnus-amann/Master_Project/mctf26/pyquaticus/env-full/lib/python3.10/site-packages/numpy/polynomial/__pycache__/_polybase.cpython-310.pyc'
import 'numpy.polynomial._polybase' # <_frozen_importlib_external.SourceFileLoader object at 0x7e64789fa080>
import 'numpy.polynomial.polynomial' # <_frozen_importlib_external.SourceFileLoader object at 0x7e64789f8fd0>
# /home/magnus-amann/Master_Project/mctf26/pyquaticus/env-full/lib/python3.10/site-packages/numpy/polynomial/__pycache__/chebyshev.cpython-310.pyc matches /home/magnus-amann/Master_Project/mctf26/pyquaticus/env-full/lib/python3.10/site-packages/numpy/polynomial/chebyshev.py
# code object from '/home/magnus-amann/Master_Project/mctf26/pyquaticus/env-full/lib/python3.10/site-packages/numpy/polynomial/__pycache__/chebyshev.cpython-310.pyc'
import 'numpy.polynomial.chebyshev' # <_frozen_importlib_external.SourceFileLoader object at 0x7e64789fb490>
# /home/magnus-amann/Master_Project/mctf26/pyquaticus/env-full/lib/python3.10/site-packages/numpy/polynomial/__pycache__/legendre.cpython-310.pyc matches /home/magnus-amann/Master_Project/mctf26/pyquaticus/env-full/lib/python3.10/site-packages/numpy/polynomial/legendre.py
# code object from '/home/magnus-amann/Master_Project/mctf26/pyquaticus/env-full/lib/python3.10/site-packages/numpy/polynomial/__pycache__/legendre.cpython-310.pyc'
import 'numpy.polynomial.legendre' # <_frozen_importlib_external.SourceFileLoader object at 0x7e64789fbf70>
# /home/magnus-amann/Master_Project/mctf26/pyquaticus/env-full/lib/python3.10/site-packages/numpy/polynomial/__pycache__/hermite.cpython-310.pyc matches /home/magnus-amann/Master_Project/mctf26/pyquaticus/env-full/lib/python3.10/site-packages/numpy/polynomial/hermite.py
# code object from '/home/magnus-amann/Master_Project/mctf26/pyquaticus/env-full/lib/python3.10/site-packages/numpy/polynomial/__pycache__/hermite.cpython-310.pyc'
import 'numpy.polynomial.hermite' # <_frozen_importlib_external.SourceFileLoader object at 0x7e6476538a00>
# /home/magnus-amann/Master_Project/mctf26/pyquaticus/env-full/lib/python3.10/site-packages/numpy/polynomial/__pycache__/hermite_e.cpython-310.pyc matches /home/magnus-amann/Master_Project/mctf26/pyquaticus/env-full/lib/python3.10/site-packages/numpy/polynomial/hermite_e.py
# code object from '/home/magnus-amann/Master_Project/mctf26/pyquaticus/env-full/lib/python3.10/site-packages/numpy/polynomial/__pycache__/hermite_e.cpython-310.pyc'
import 'numpy.polynomial.hermite_e' # <_frozen_importlib_external.SourceFileLoader object at 0x7e6476539360>
# /home/magnus-amann/Master_Project/mctf26/pyquaticus/env-full/lib/python3.10/site-packages/numpy/polynomial/__pycache__/laguerre.cpython-310.pyc matches /home/magnus-amann/Master_Project/mctf26/pyquaticus/env-full/lib/python3.10/site-packages/numpy/polynomial/laguerre.py
# code object from '/home/magnus-amann/Master_Project/mctf26/pyquaticus/env-full/lib/python3.10/site-packages/numpy/polynomial/__pycache__/laguerre.cpython-310.pyc'
import 'numpy.polynomial.laguerre' # <_frozen_importlib_external.SourceFileLoader object at 0x7e6476539cc0>
import 'numpy.polynomial' # <_frozen_importlib_external.SourceFileLoader object at 0x7e64789f8d90>
# /home/magnus-amann/Master_Project/mctf26/pyquaticus/env-full/lib/python3.10/site-packages/numpy/random/__pycache__/__init__.cpython-310.pyc matches /home/magnus-amann/Master_Project/mctf26/pyquaticus/env-full/lib/python3.10/site-packages/numpy/random/__init__.py
# code object from '/home/magnus-amann/Master_Project/mctf26/pyquaticus/env-full/lib/python3.10/site-packages/numpy/random/__pycache__/__init__.cpython-310.pyc'
# /home/magnus-amann/Master_Project/mctf26/pyquaticus/env-full/lib/python3.10/site-packages/numpy/random/__pycache__/_pickle.cpython-310.pyc matches /home/magnus-amann/Master_Project/mctf26/pyquaticus/env-full/lib/python3.10/site-packages/numpy/random/_pickle.py
# code object from '/home/magnus-amann/Master_Project/mctf26/pyquaticus/env-full/lib/python3.10/site-packages/numpy/random/__pycache__/_pickle.cpython-310.pyc'
# extension module 'numpy.random.mtrand' loaded from '/home/magnus-amann/Master_Project/mctf26/pyquaticus/env-full/lib/python3.10/site-packages/numpy/random/mtrand.cpython-310-x86_64-linux-gnu.so'
# extension module 'numpy.random.bit_generator' loaded from '/home/magnus-amann/Master_Project/mctf26/pyquaticus/env-full/lib/python3.10/site-packages/numpy/random/bit_generator.cpython-310-x86_64-linux-gnu.so'
# extension module 'numpy.random._common' loaded from '/home/magnus-amann/Master_Project/mctf26/pyquaticus/env-full/lib/python3.10/site-packages/numpy/random/_common.cpython-310-x86_64-linux-gnu.so'
# extension module 'numpy.random._common' executed from '/home/magnus-amann/Master_Project/mctf26/pyquaticus/env-full/lib/python3.10/site-packages/numpy/random/_common.cpython-310-x86_64-linux-gnu.so'
import 'numpy.random._common' # <_frozen_importlib_external.ExtensionFileLoader object at 0x7e647653b940>
# /home/magnus-amann/Master_Project/mctf26/pyquaticus/env-full/lib/python3.10/__pycache__/secrets.cpython-310.pyc matches /home/magnus-amann/Master_Project/mctf26/pyquaticus/env-full/lib/python3.10/secrets.py
# code object from '/home/magnus-amann/Master_Project/mctf26/pyquaticus/env-full/lib/python3.10/__pycache__/secrets.cpython-310.pyc'
# /home/magnus-amann/Master_Project/mctf26/pyquaticus/env-full/lib/python3.10/__pycache__/base64.cpython-310.pyc matches /home/magnus-amann/Master_Project/mctf26/pyquaticus/env-full/lib/python3.10/base64.py
# code object from '/home/magnus-amann/Master_Project/mctf26/pyquaticus/env-full/lib/python3.10/__pycache__/base64.cpython-310.pyc'
# extension module 'binascii' loaded from '/home/magnus-amann/Master_Project/mctf26/pyquaticus/env-full/lib/python3.10/lib-dynload/binascii.cpython-310-x86_64-linux-gnu.so'
# extension module 'binascii' executed from '/home/magnus-amann/Master_Project/mctf26/pyquaticus/env-full/lib/python3.10/lib-dynload/binascii.cpython-310-x86_64-linux-gnu.so'
import 'binascii' # <_frozen_importlib_external.ExtensionFileLoader object at 0x7e647656d4b0>
import 'base64' # <_frozen_importlib_external.SourceFileLoader object at 0x7e647656c550>
# /home/magnus-amann/Master_Project/mctf26/pyquaticus/env-full/lib/python3.10/__pycache__/hmac.cpython-310.pyc matches /home/magnus-amann/Master_Project/mctf26/pyquaticus/env-full/lib/python3.10/hmac.py
# code object from '/home/magnus-amann/Master_Project/mctf26/pyquaticus/env-full/lib/python3.10/__pycache__/hmac.cpython-310.pyc'
# extension module '_hashlib' loaded from '/home/magnus-amann/Master_Project/mctf26/pyquaticus/env-full/lib/python3.10/lib-dynload/_hashlib.cpython-310-x86_64-linux-gnu.so'
# extension module '_hashlib' executed from '/home/magnus-amann/Master_Project/mctf26/pyquaticus/env-full/lib/python3.10/lib-dynload/_hashlib.cpython-310-x86_64-linux-gnu.so'
import '_hashlib' # <_frozen_importlib_external.ExtensionFileLoader object at 0x7e647656dae0>
# /home/magnus-amann/Master_Project/mctf26/pyquaticus/env-full/lib/python3.10/__pycache__/hashlib.cpython-310.pyc matches /home/magnus-amann/Master_Project/mctf26/pyquaticus/env-full/lib/python3.10/hashlib.py
# code object from '/home/magnus-amann/Master_Project/mctf26/pyquaticus/env-full/lib/python3.10/__pycache__/hashlib.cpython-310.pyc'
# extension module '_blake2' loaded from '/home/magnus-amann/Master_Project/mctf26/pyquaticus/env-full/lib/python3.10/lib-dynload/_blake2.cpython-310-x86_64-linux-gnu.so'
# extension module '_blake2' executed from '/home/magnus-amann/Master_Project/mctf26/pyquaticus/env-full/lib/python3.10/lib-dynload/_blake2.cpython-310-x86_64-linux-gnu.so'
import '_blake2' # <_frozen_importlib_external.ExtensionFileLoader object at 0x7e647656e3b0>
import 'hashlib' # <_frozen_importlib_external.SourceFileLoader object at 0x7e647656df90>
import 'hmac' # <_frozen_importlib_external.SourceFileLoader object at 0x7e647656d4e0>
# /home/magnus-amann/Master_Project/mctf26/pyquaticus/env-full/lib/python3.10/__pycache__/random.cpython-310.pyc matches /home/magnus-amann/Master_Project/mctf26/pyquaticus/env-full/lib/python3.10/random.py
# code object from '/home/magnus-amann/Master_Project/mctf26/pyquaticus/env-full/lib/python3.10/__pycache__/random.cpython-310.pyc'
# /home/magnus-amann/Master_Project/mctf26/pyquaticus/env-full/lib/python3.10/__pycache__/bisect.cpython-310.pyc matches /home/magnus-amann/Master_Project/mctf26/pyquaticus/env-full/lib/python3.10/bisect.py
# code object from '/home/magnus-amann/Master_Project/mctf26/pyquaticus/env-full/lib/python3.10/__pycache__/bisect.cpython-310.pyc'
# extension module '_bisect' loaded from '/home/magnus-amann/Master_Project/mctf26/pyquaticus/env-full/lib/python3.10/lib-dynload/_bisect.cpython-310-x86_64-linux-gnu.so'
# extension module '_bisect' executed from '/home/magnus-amann/Master_Project/mctf26/pyquaticus/env-full/lib/python3.10/lib-dynload/_bisect.cpython-310-x86_64-linux-gnu.so'
import '_bisect' # <_frozen_importlib_external.ExtensionFileLoader object at 0x7e647656ee90>
import 'bisect' # <_frozen_importlib_external.SourceFileLoader object at 0x7e647656ec80>
# extension module '_random' loaded from '/home/magnus-amann/Master_Project/mctf26/pyquaticus/env-full/lib/python3.10/lib-dynload/_random.cpython-310-x86_64-linux-gnu.so'
# extension module '_random' executed from '/home/magnus-amann/Master_Project/mctf26/pyquaticus/env-full/lib/python3.10/lib-dynload/_random.cpython-310-x86_64-linux-gnu.so'
import '_random' # <_frozen_importlib_external.ExtensionFileLoader object at 0x7e647656ee60>
# extension module '_sha512' loaded from '/home/magnus-amann/Master_Project/mctf26/pyquaticus/env-full/lib/python3.10/lib-dynload/_sha512.cpython-310-x86_64-linux-gnu.so'
# extension module '_sha512' executed from '/home/magnus-amann/Master_Project/mctf26/pyquaticus/env-full/lib/python3.10/lib-dynload/_sha512.cpython-310-x86_64-linux-gnu.so'
import '_sha512' # <_frozen_importlib_external.ExtensionFileLoader object at 0x7e647656eef0>
import 'random' # <_frozen_importlib_external.SourceFileLoader object at 0x7e647656e0b0>
import 'secrets' # <_frozen_importlib_external.SourceFileLoader object at 0x7e647656c1c0>
# extension module 'numpy.random.bit_generator' executed from '/home/magnus-amann/Master_Project/mctf26/pyquaticus/env-full/lib/python3.10/site-packages/numpy/random/bit_generator.cpython-310-x86_64-linux-gnu.so'
import 'numpy.random.bit_generator' # <_frozen_importlib_external.ExtensionFileLoader object at 0x7e647653b490>
# extension module 'numpy.random._bounded_integers' loaded from '/home/magnus-amann/Master_Project/mctf26/pyquaticus/env-full/lib/python3.10/site-packages/numpy/random/_bounded_integers.cpython-310-x86_64-linux-gnu.so'
# extension module 'numpy.random._bounded_integers' executed from '/home/magnus-amann/Master_Project/mctf26/pyquaticus/env-full/lib/python3.10/site-packages/numpy/random/_bounded_integers.cpython-310-x86_64-linux-gnu.so'
import 'numpy.random._bounded_integers' # <_frozen_importlib_external.ExtensionFileLoader object at 0x7e647656f010>
# extension module 'numpy.random._mt19937' loaded from '/home/magnus-amann/Master_Project/mctf26/pyquaticus/env-full/lib/python3.10/site-packages/numpy/random/_mt19937.cpython-310-x86_64-linux-gnu.so'
# extension module 'numpy.random._mt19937' executed from '/home/magnus-amann/Master_Project/mctf26/pyquaticus/env-full/lib/python3.10/site-packages/numpy/random/_mt19937.cpython-310-x86_64-linux-gnu.so'
import 'numpy.random._mt19937' # <_frozen_importlib_external.ExtensionFileLoader object at 0x7e647656f520>
# extension module 'numpy.random.mtrand' executed from '/home/magnus-amann/Master_Project/mctf26/pyquaticus/env-full/lib/python3.10/site-packages/numpy/random/mtrand.cpython-310-x86_64-linux-gnu.so'
import 'numpy.random.mtrand' # <_frozen_importlib_external.ExtensionFileLoader object at 0x7e647653abf0>
# extension module 'numpy.random._philox' loaded from '/home/magnus-amann/Master_Project/mctf26/pyquaticus/env-full/lib/python3.10/site-packages/numpy/random/_philox.cpython-310-x86_64-linux-gnu.so'
# extension module 'numpy.random._philox' executed from '/home/magnus-amann/Master_Project/mctf26/pyquaticus/env-full/lib/python3.10/site-packages/numpy/random/_philox.cpython-310-x86_64-linux-gnu.so'
import 'numpy.random._philox' # <_frozen_importlib_external.ExtensionFileLoader object at 0x7e647656f790>
# extension module 'numpy.random._pcg64' loaded from '/home/magnus-amann/Master_Project/mctf26/pyquaticus/env-full/lib/python3.10/site-packages/numpy/random/_pcg64.cpython-310-x86_64-linux-gnu.so'
# extension module 'numpy.random._pcg64' executed from '/home/magnus-amann/Master_Project/mctf26/pyquaticus/env-full/lib/python3.10/site-packages/numpy/random/_pcg64.cpython-310-x86_64-linux-gnu.so'
import 'numpy.random._pcg64' # <_frozen_importlib_external.ExtensionFileLoader object at 0x7e647656f940>
# extension module 'numpy.random._sfc64' loaded from '/home/magnus-amann/Master_Project/mctf26/pyquaticus/env-full/lib/python3.10/site-packages/numpy/random/_sfc64.cpython-310-x86_64-linux-gnu.so'
# extension module 'numpy.random._sfc64' executed from '/home/magnus-amann/Master_Project/mctf26/pyquaticus/env-full/lib/python3.10/site-packages/numpy/random/_sfc64.cpython-310-x86_64-linux-gnu.so'
import 'numpy.random._sfc64' # <_frozen_importlib_external.ExtensionFileLoader object at 0x7e647656fbe0>
# extension module 'numpy.random._generator' loaded from '/home/magnus-amann/Master_Project/mctf26/pyquaticus/env-full/lib/python3.10/site-packages/numpy/random/_generator.cpython-310-x86_64-linux-gnu.so'
# extension module 'numpy.random._generator' executed from '/home/magnus-amann/Master_Project/mctf26/pyquaticus/env-full/lib/python3.10/site-packages/numpy/random/_generator.cpython-310-x86_64-linux-gnu.so'
import 'numpy.random._generator' # <_frozen_importlib_external.ExtensionFileLoader object at 0x7e647656fd90>
import 'numpy.random._pickle' # <_frozen_importlib_external.SourceFileLoader object at 0x7e647653a8f0>
import 'numpy.random' # <_frozen_importlib_external.SourceFileLoader object at 0x7e647653a650>
# /home/magnus-amann/Master_Project/mctf26/pyquaticus/env-full/lib/python3.10/site-packages/numpy/__pycache__/ctypeslib.cpython-310.pyc matches /home/magnus-amann/Master_Project/mctf26/pyquaticus/env-full/lib/python3.10/site-packages/numpy/ctypeslib.py
# code object from '/home/magnus-amann/Master_Project/mctf26/pyquaticus/env-full/lib/python3.10/site-packages/numpy/__pycache__/ctypeslib.cpython-310.pyc'
import 'numpy.ctypeslib' # <_frozen_importlib_external.SourceFileLoader object at 0x7e647653aa40>
# /home/magnus-amann/Master_Project/mctf26/pyquaticus/env-full/lib/python3.10/site-packages/numpy/ma/__pycache__/__init__.cpython-310.pyc matches /home/magnus-amann/Master_Project/mctf26/pyquaticus/env-full/lib/python3.10/site-packages/numpy/ma/__init__.py
# code object from '/home/magnus-amann/Master_Project/mctf26/pyquaticus/env-full/lib/python3.10/site-packages/numpy/ma/__pycache__/__init__.cpython-310.pyc'
# /home/magnus-amann/Master_Project/mctf26/pyquaticus/env-full/lib/python3.10/site-packages/numpy/ma/__pycache__/core.cpython-310.pyc matches /home/magnus-amann/Master_Project/mctf26/pyquaticus/env-full/lib/python3.10/site-packages/numpy/ma/core.py
# code object from '/home/magnus-amann/Master_Project/mctf26/pyquaticus/env-full/lib/python3.10/site-packages/numpy/ma/__pycache__/core.cpython-310.pyc'
# /home/magnus-amann/Master_Project/mctf26/pyquaticus/env-full/lib/python3.10/__pycache__/inspect.cpython-310.pyc matches /home/magnus-amann/Master_Project/mctf26/pyquaticus/env-full/lib/python3.10/inspect.py
# code object from '/home/magnus-amann/Master_Project/mctf26/pyquaticus/env-full/lib/python3.10/__pycache__/inspect.cpython-310.pyc'
# /home/magnus-amann/Master_Project/mctf26/pyquaticus/env-full/lib/python3.10/__pycache__/dis.cpython-310.pyc matches /home/magnus-amann/Master_Project/mctf26/pyquaticus/env-full/lib/python3.10/dis.py
# code object from '/home/magnus-amann/Master_Project/mctf26/pyquaticus/env-full/lib/python3.10/__pycache__/dis.cpython-310.pyc'
# /home/magnus-amann/Master_Project/mctf26/pyquaticus/env-full/lib/python3.10/__pycache__/opcode.cpython-310.pyc matches /home/magnus-amann/Master_Project/mctf26/pyquaticus/env-full/lib/python3.10/opcode.py
# code object from '/home/magnus-amann/Master_Project/mctf26/pyquaticus/env-full/lib/python3.10/__pycache__/opcode.cpython-310.pyc'
# extension module '_opcode' loaded from '/home/magnus-amann/Master_Project/mctf26/pyquaticus/env-full/lib/python3.10/lib-dynload/_opcode.cpython-310-x86_64-linux-gnu.so'
# extension module '_opcode' executed from '/home/magnus-amann/Master_Project/mctf26/pyquaticus/env-full/lib/python3.10/lib-dynload/_opcode.cpython-310-x86_64-linux-gnu.so'
import '_opcode' # <_frozen_importlib_external.ExtensionFileLoader object at 0x7e64765cbb80>
import 'opcode' # <_frozen_importlib_external.SourceFileLoader object at 0x7e64765cb910>
import 'dis' # <_frozen_importlib_external.SourceFileLoader object at 0x7e64765cb220>
# /home/magnus-amann/Master_Project/mctf26/pyquaticus/env-full/lib/python3.10/__pycache__/linecache.cpython-310.pyc matches /home/magnus-amann/Master_Project/mctf26/pyquaticus/env-full/lib/python3.10/linecache.py
# code object from '/home/magnus-amann/Master_Project/mctf26/pyquaticus/env-full/lib/python3.10/__pycache__/linecache.cpython-310.pyc'
# /home/magnus-amann/Master_Project/mctf26/pyquaticus/env-full/lib/python3.10/__pycache__/tokenize.cpython-310.pyc matches /home/magnus-amann/Master_Project/mctf26/pyquaticus/env-full/lib/python3.10/tokenize.py
# code object from '/home/magnus-amann/Master_Project/mctf26/pyquaticus/env-full/lib/python3.10/__pycache__/tokenize.cpython-310.pyc'
# /home/magnus-amann/Master_Project/mctf26/pyquaticus/env-full/lib/python3.10/__pycache__/token.cpython-310.pyc matches /home/magnus-amann/Master_Project/mctf26/pyquaticus/env-full/lib/python3.10/token.py
# code object from '/home/magnus-amann/Master_Project/mctf26/pyquaticus/env-full/lib/python3.10/__pycache__/token.cpython-310.pyc'
import 'token' # <_frozen_importlib_external.SourceFileLoader object at 0x7e6473a1c940>
import 'tokenize' # <_frozen_importlib_external.SourceFileLoader object at 0x7e64765cba60>
import 'linecache' # <_frozen_importlib_external.SourceFileLoader object at 0x7e64765cbd60>
import 'inspect' # <_frozen_importlib_external.SourceFileLoader object at 0x7e64765c8eb0>
import 'numpy.ma.core' # <_frozen_importlib_external.SourceFileLoader object at 0x7e64765951b0>
# /home/magnus-amann/Master_Project/mctf26/pyquaticus/env-full/lib/python3.10/site-packages/numpy/ma/__pycache__/extras.cpython-310.pyc matches /home/magnus-amann/Master_Project/mctf26/pyquaticus/env-full/lib/python3.10/site-packages/numpy/ma/extras.py
# code object from '/home/magnus-amann/Master_Project/mctf26/pyquaticus/env-full/lib/python3.10/site-packages/numpy/ma/__pycache__/extras.cpython-310.pyc'
import 'numpy.ma.extras' # <_frozen_importlib_external.SourceFileLoader object at 0x7e6476595ab0>
import 'numpy.ma' # <_frozen_importlib_external.SourceFileLoader object at 0x7e6476594f10>
import 'numpy' # <_frozen_importlib_external.SourceFileLoader object at 0x7e647badafb0>
# /home/magnus-amann/Master_Project/mctf26/pyquaticus/env-full/lib/python3.10/site-packages/numpy/typing/__pycache__/__init__.cpython-310.pyc matches /home/magnus-amann/Master_Project/mctf26/pyquaticus/env-full/lib/python3.10/site-packages/numpy/typing/__init__.py
# code object from '/home/magnus-amann/Master_Project/mctf26/pyquaticus/env-full/lib/python3.10/site-packages/numpy/typing/__pycache__/__init__.cpython-310.pyc'
# /home/magnus-amann/Master_Project/mctf26/pyquaticus/env-full/lib/python3.10/site-packages/numpy/_typing/__pycache__/_add_docstring.cpython-310.pyc matches /home/magnus-amann/Master_Project/mctf26/pyquaticus/env-full/lib/python3.10/site-packages/numpy/_typing/_add_docstring.py
# code object from '/home/magnus-amann/Master_Project/mctf26/pyquaticus/env-full/lib/python3.10/site-packages/numpy/_typing/__pycache__/_add_docstring.cpython-310.pyc'
import 'numpy._typing._add_docstring' # <_frozen_importlib_external.SourceFileLoader object at 0x7e6473a43010>
import 'numpy.typing' # <_frozen_importlib_external.SourceFileLoader object at 0x7e647badab90>
# /home/magnus-amann/Master_Project/mctf26/pyquaticus/pyquaticus/__pycache__/__init__.cpython-310.pyc matches /home/magnus-amann/Master_Project/mctf26/pyquaticus/pyquaticus/__init__.py
# code object from '/home/magnus-amann/Master_Project/mctf26/pyquaticus/pyquaticus/__pycache__/__init__.cpython-310.pyc'
# /home/magnus-amann/Master_Project/mctf26/pyquaticus/env-full/lib/python3.10/site-packages/pettingzoo/__pycache__/__init__.cpython-310.pyc matches /home/magnus-amann/Master_Project/mctf26/pyquaticus/env-full/lib/python3.10/site-packages/pettingzoo/__init__.py
# code object from '/home/magnus-amann/Master_Project/mctf26/pyquaticus/env-full/lib/python3.10/site-packages/pettingzoo/__pycache__/__init__.cpython-310.pyc'
# /home/magnus-amann/Master_Project/mctf26/pyquaticus/env-full/lib/python3.10/site-packages/pettingzoo/utils/__pycache__/__init__.cpython-310.pyc matches /home/magnus-amann/Master_Project/mctf26/pyquaticus/env-full/lib/python3.10/site-packages/pettingzoo/utils/__init__.py
# code object from '/home/magnus-amann/Master_Project/mctf26/pyquaticus/env-full/lib/python3.10/site-packages/pettingzoo/utils/__pycache__/__init__.cpython-310.pyc'
# /home/magnus-amann/Master_Project/mctf26/pyquaticus/env-full/lib/python3.10/site-packages/pettingzoo/utils/__pycache__/agent_selector.cpython-310.pyc matches /home/magnus-amann/Master_Project/mctf26/pyquaticus/env-full/lib/python3.10/site-packages/pettingzoo/utils/agent_selector.py
# code object from '/home/magnus-amann/Master_Project/mctf26/pyquaticus/env-full/lib/python3.10/site-packages/pettingzoo/utils/__pycache__/agent_selector.cpython-310.pyc'
import 'pettingzoo.utils.agent_selector' # <_frozen_importlib_external.SourceFileLoader object at 0x7e6473a43640>
# /home/magnus-amann/Master_Project/mctf26/pyquaticus/env-full/lib/python3.10/site-packages/pettingzoo/utils/__pycache__/average_total_reward.cpython-310.pyc matches /home/magnus-amann/Master_Project/mctf26/pyquaticus/env-full/lib/python3.10/site-packages/pettingzoo/utils/average_total_reward.py
# code object from '/home/magnus-amann/Master_Project/mctf26/pyquaticus/env-full/lib/python3.10/site-packages/pettingzoo/utils/__pycache__/average_total_reward.cpython-310.pyc'
# /home/magnus-amann/Master_Project/mctf26/pyquaticus/env-full/lib/python3.10/site-packages/pettingzoo/utils/__pycache__/env.cpython-310.pyc matches /home/magnus-amann/Master_Project/mctf26/pyquaticus/env-full/lib/python3.10/site-packages/pettingzoo/utils/env.py
# code object from '/home/magnus-amann/Master_Project/mctf26/pyquaticus/env-full/lib/python3.10/site-packages/pettingzoo/utils/__pycache__/env.cpython-310.pyc'
# /home/magnus-amann/Master_Project/mctf26/pyquaticus/env-full/lib/python3.10/site-packages/gymnasium/__pycache__/__init__.cpython-310.pyc matches /home/magnus-amann/Master_Project/mctf26/pyquaticus/env-full/lib/python3.10/site-packages/gymnasium/__init__.py
# code object from '/home/magnus-amann/Master_Project/mctf26/pyquaticus/env-full/lib/python3.10/site-packages/gymnasium/__pycache__/__init__.cpython-310.pyc'
# /home/magnus-amann/Master_Project/mctf26/pyquaticus/env-full/lib/python3.10/site-packages/gymnasium/__pycache__/core.cpython-310.pyc matches /home/magnus-amann/Master_Project/mctf26/pyquaticus/env-full/lib/python3.10/site-packages/gymnasium/core.py
# code object from '/home/magnus-amann/Master_Project/mctf26/pyquaticus/env-full/lib/python3.10/site-packages/gymnasium/__pycache__/core.cpython-310.pyc'
# /home/magnus-amann/Master_Project/mctf26/pyquaticus/env-full/lib/python3.10/__pycache__/copy.cpython-310.pyc matches /home/magnus-amann/Master_Project/mctf26/pyquaticus/env-full/lib/python3.10/copy.py
# code object from '/home/magnus-amann/Master_Project/mctf26/pyquaticus/env-full/lib/python3.10/__pycache__/copy.cpython-310.pyc'
import 'copy' # <_frozen_importlib_external.SourceFileLoader object at 0x7e6473a816c0>
# /home/magnus-amann/Master_Project/mctf26/pyquaticus/env-full/lib/python3.10/site-packages/gymnasium/spaces/__pycache__/__init__.cpython-310.pyc matches /home/magnus-amann/Master_Project/mctf26/pyquaticus/env-full/lib/python3.10/site-packages/gymnasium/spaces/__init__.py
# code object from '/home/magnus-amann/Master_Project/mctf26/pyquaticus/env-full/lib/python3.10/site-packages/gymnasium/spaces/__pycache__/__init__.cpython-310.pyc'
# /home/magnus-amann/Master_Project/mctf26/pyquaticus/env-full/lib/python3.10/site-packages/gymnasium/spaces/__pycache__/box.cpython-310.pyc matches /home/magnus-amann/Master_Project/mctf26/pyquaticus/env-full/lib/python3.10/site-packages/gymnasium/spaces/box.py
# code object from '/home/magnus-amann/Master_Project/mctf26/pyquaticus/env-full/lib/python3.10/site-packages/gymnasium/spaces/__pycache__/box.cpython-310.pyc'
# /home/magnus-amann/Master_Project/mctf26/pyquaticus/env-full/lib/python3.10/site-packages/gymnasium/spaces/__pycache__/space.cpython-310.pyc matches /home/magnus-amann/Master_Project/mctf26/pyquaticus/env-full/lib/python3.10/site-packages/gymnasium/spaces/space.py
# code object from '/home/magnus-amann/Master_Project/mctf26/pyquaticus/env-full/lib/python3.10/site-packages/gymnasium/spaces/__pycache__/space.cpython-310.pyc'
# /home/magnus-amann/Master_Project/mctf26/pyquaticus/env-full/lib/python3.10/site-packages/gymnasium/utils/__pycache__/__init__.cpython-310.pyc matches /home/magnus-amann/Master_Project/mctf26/pyquaticus/env-full/lib/python3.10/site-packages/gymnasium/utils/__init__.py
# code object from '/home/magnus-amann/Master_Project/mctf26/pyquaticus/env-full/lib/python3.10/site-packages/gymnasium/utils/__pycache__/__init__.cpython-310.pyc'
# /home/magnus-amann/Master_Project/mctf26/pyquaticus/env-full/lib/python3.10/site-packages/gymnasium/utils/__pycache__/colorize.cpython-310.pyc matches /home/magnus-amann/Master_Project/mctf26/pyquaticus/env-full/lib/python3.10/site-packages/gymnasium/utils/colorize.py
# code object from '/home/magnus-amann/Master_Project/mctf26/pyquaticus/env-full/lib/python3.10/site-packages/gymnasium/utils/__pycache__/colorize.cpython-310.pyc'
import 'gymnasium.utils.colorize' # <_frozen_importlib_external.SourceFileLoader object at 0x7e6473a82f20>
# /home/magnus-amann/Master_Project/mctf26/pyquaticus/env-full/lib/python3.10/site-packages/gymnasium/utils/__pycache__/ezpickle.cpython-310.pyc matches /home/magnus-amann/Master_Project/mctf26/pyquaticus/env-full/lib/python3.10/site-packages/gymnasium/utils/ezpickle.py
# code object from '/home/magnus-amann/Master_Project/mctf26/pyquaticus/env-full/lib/python3.10/site-packages/gymnasium/utils/__pycache__/ezpickle.cpython-310.pyc'
import 'gymnasium.utils.ezpickle' # <_frozen_importlib_external.SourceFileLoader object at 0x7e6473a82fb0>
# /home/magnus-amann/Master_Project/mctf26/pyquaticus/env-full/lib/python3.10/site-packages/gymnasium/utils/__pycache__/record_constructor.cpython-310.pyc matches /home/magnus-amann/Master_Project/mctf26/pyquaticus/env-full/lib/python3.10/site-packages/gymnasium/utils/record_constructor.py
# code object from '/home/magnus-amann/Master_Project/mctf26/pyquaticus/env-full/lib/python3.10/site-packages/gymnasium/utils/__pycache__/record_constructor.cpython-310.pyc'
import 'gymnasium.utils.record_constructor' # <_frozen_importlib_external.SourceFileLoader object at 0x7e6473a83130>
import 'gymnasium.utils' # <_frozen_importlib_external.SourceFileLoader object at 0x7e6473a82c50>
# /home/magnus-amann/Master_Project/mctf26/pyquaticus/env-full/lib/python3.10/site-packages/gymnasium/utils/__pycache__/seeding.cpython-310.pyc matches /home/magnus-amann/Master_Project/mctf26/pyquaticus/env-full/lib/python3.10/site-packages/gymnasium/utils/seeding.py
# code object from '/home/magnus-amann/Master_Project/mctf26/pyquaticus/env-full/lib/python3.10/site-packages/gymnasium/utils/__pycache__/seeding.cpython-310.pyc'
# /home/magnus-amann/Master_Project/mctf26/pyquaticus/env-full/lib/python3.10/site-packages/gymnasium/__pycache__/error.cpython-310.pyc matches /home/magnus-amann/Master_Project/mctf26/pyquaticus/env-full/lib/python3.10/site-packages/gymnasium/error.py
# code object from '/home/magnus-amann/Master_Project/mctf26/pyquaticus/env-full/lib/python3.10/site-packages/gymnasium/__pycache__/error.cpython-310.pyc'
import 'gymnasium.error' # <_frozen_importlib_external.SourceFileLoader object at 0x7e6473a833a0>
import 'gymnasium.utils.seeding' # <_frozen_importlib_external.SourceFileLoader object at 0x7e6473a83220>
import 'gymnasium.spaces.space' # <_frozen_importlib_external.SourceFileLoader object at 0x7e6473a82560>
import 'gymnasium.spaces.box' # <_frozen_importlib_external.SourceFileLoader object at 0x7e6473a81de0>
# /home/magnus-amann/Master_Project/mctf26/pyquaticus/env-full/lib/python3.10/site-packages/gymnasium/spaces/__pycache__/dict.cpython-310.pyc matches /home/magnus-amann/Master_Project/mctf26/pyquaticus/env-full/lib/python3.10/site-packages/gymnasium/spaces/dict.py
# code object from '/home/magnus-amann/Master_Project/mctf26/pyquaticus/env-full/lib/python3.10/site-packages/gymnasium/spaces/__pycache__/dict.cpython-310.pyc'
import 'gymnasium.spaces.dict' # <_frozen_importlib_external.SourceFileLoader object at 0x7e6473a83850>
# /home/magnus-amann/Master_Project/mctf26/pyquaticus/env-full/lib/python3.10/site-packages/gymnasium/spaces/__pycache__/discrete.cpython-310.pyc matches /home/magnus-amann/Master_Project/mctf26/pyquaticus/env-full/lib/python3.10/site-packages/gymnasium/spaces/discrete.py
# code object from '/home/magnus-amann/Master_Project/mctf26/pyquaticus/env-full/lib/python3.10/site-packages/gymnasium/spaces/__pycache__/discrete.cpython-310.pyc'
import 'gymnasium.spaces.discrete' # <_frozen_importlib_external.SourceFileLoader object at 0x7e6473ab42b0>
# /home/magnus-amann/Master_Project/mctf26/pyquaticus/env-full/lib/python3.10/site-packages/gymnasium/spaces/__pycache__/graph.cpython-310.pyc matches /home/magnus-amann/Master_Project/mctf26/pyquaticus/env-full/lib/python3.10/site-packages/gymnasium/spaces/graph.py
# code object from '/home/magnus-amann/Master_Project/mctf26/pyquaticus/env-full/lib/python3.10/site-packages/gymnasium/spaces/__pycache__/graph.cpython-310.pyc'
# /home/magnus-amann/Master_Project/mctf26/pyquaticus/env-full/lib/python3.10/site-packages/gymnasium/spaces/__pycache__/multi_discrete.cpython-310.pyc matches /home/magnus-amann/Master_Project/mctf26/pyquaticus/env-full/lib/python3.10/site-packages/gymnasium/spaces/multi_discrete.py
# code object from '/home/magnus-amann/Master_Project/mctf26/pyquaticus/env-full/lib/python3.10/site-packages/gymnasium/spaces/__pycache__/multi_discrete.cpython-310.pyc'
import 'gymnasium.spaces.multi_discrete' # <_frozen_importlib_external.SourceFileLoader object at 0x7e6473ab4c40>
import 'gymnasium.spaces.graph' # <_frozen_importlib_external.SourceFileLoader object at 0x7e6473ab46d0>
# /home/magnus-amann/Master_Project/mctf26/pyquaticus/env-full/lib/python3.10/site-packages/gymnasium/spaces/__pycache__/multi_binary.cpython-310.pyc matches /home/magnus-amann/Master_Project/mctf26/pyquaticus/env-full/lib/python3.10/site-packages/gymnasium/spaces/multi_binary.py
# code object from '/home/magnus-amann/Master_Project/mctf26/pyquaticus/env-full/lib/python3.10/site-packages/gymnasium/spaces/__pycache__/multi_binary.cpython-310.pyc'
import 'gymnasium.spaces.multi_binary' # <_frozen_importlib_external.SourceFileLoader object at 0x7e6473ab5ab0>
# /home/magnus-amann/Master_Project/mctf26/pyquaticus/env-full/lib/python3.10/site-packages/gymnasium/spaces/__pycache__/oneof.cpython-310.pyc matches /home/magnus-amann/Master_Project/mctf26/pyquaticus/env-full/lib/python3.10/site-packages/gymnasium/spaces/oneof.py
# code object from '/home/magnus-amann/Master_Project/mctf26/pyquaticus/env-full/lib/python3.10/site-packages/gymnasium/spaces/__pycache__/oneof.cpython-310.pyc'
import 'gymnasium.spaces.oneof' # <_frozen_importlib_external.SourceFileLoader object at 0x7e6473ab5ed0>
# /home/magnus-amann/Master_Project/mctf26/pyquaticus/env-full/lib/python3.10/site-packages/gymnasium/spaces/__pycache__/sequence.cpython-310.pyc matches /home/magnus-amann/Master_Project/mctf26/pyquaticus/env-full/lib/python3.10/site-packages/gymnasium/spaces/sequence.py
# code object from '/home/magnus-amann/Master_Project/mctf26/pyquaticus/env-full/lib/python3.10/site-packages/gymnasium/spaces/__pycache__/sequence.cpython-310.pyc'
import 'gymnasium.spaces.sequence' # <_frozen_importlib_external.SourceFileLoader object at 0x7e6473ab65c0>
# /home/magnus-amann/Master_Project/mctf26/pyquaticus/env-full/lib/python3.10/site-packages/gymnasium/spaces/__pycache__/text.cpython-310.pyc matches /home/magnus-amann/Master_Project/mctf26/pyquaticus/env-full/lib/python3.10/site-packages/gymnasium/spaces/text.py
# code object from '/home/magnus-amann/Master_Project/mctf26/pyquaticus/env-full/lib/python3.10/site-packages/gymnasium/spaces/__pycache__/text.cpython-310.pyc'
import 'gymnasium.spaces.text' # <_frozen_importlib_external.SourceFileLoader object at 0x7e6473ab6b90>
# /home/magnus-amann/Master_Project/mctf26/pyquaticus/env-full/lib/python3.10/site-packages/gymnasium/spaces/__pycache__/tuple.cpython-310.pyc matches /home/magnus-amann/Master_Project/mctf26/pyquaticus/env-full/lib/python3.10/site-packages/gymnasium/spaces/tuple.py
# code object from '/home/magnus-amann/Master_Project/mctf26/pyquaticus/env-full/lib/python3.10/site-packages/gymnasium/spaces/__pycache__/tuple.cpython-310.pyc'
import 'gymnasium.spaces.tuple' # <_frozen_importlib_external.SourceFileLoader object at 0x7e6473ab7280>
# /home/magnus-amann/Master_Project/mctf26/pyquaticus/env-full/lib/python3.10/site-packages/gymnasium/spaces/__pycache__/utils.cpython-310.pyc matches /home/magnus-amann/Master_Project/mctf26/pyquaticus/env-full/lib/python3.10/site-packages/gymnasium/spaces/utils.py
# code object from '/home/magnus-amann/Master_Project/mctf26/pyquaticus/env-full/lib/python3.10/site-packages/gymnasium/spaces/__pycache__/utils.cpython-310.pyc'
import 'gymnasium.spaces.utils' # <_frozen_importlib_external.SourceFileLoader object at 0x7e6473ab7ac0>
import 'gymnasium.spaces' # <_frozen_importlib_external.SourceFileLoader object at 0x7e6473a81a50>
import 'gymnasium.core' # <_frozen_importlib_external.SourceFileLoader object at 0x7e6473a80580>
# /home/magnus-amann/Master_Project/mctf26/pyquaticus/env-full/lib/python3.10/site-packages/gymnasium/envs/__pycache__/__init__.cpython-310.pyc matches /home/magnus-amann/Master_Project/mctf26/pyquaticus/env-full/lib/python3.10/site-packages/gymnasium/envs/__init__.py
# code object from '/home/magnus-amann/Master_Project/mctf26/pyquaticus/env-full/lib/python3.10/site-packages/gymnasium/envs/__pycache__/__init__.cpython-310.pyc'
# /home/magnus-amann/Master_Project/mctf26/pyquaticus/env-full/lib/python3.10/site-packages/gymnasium/envs/__pycache__/registration.cpython-310.pyc matches /home/magnus-amann/Master_Project/mctf26/pyquaticus/env-full/lib/python3.10/site-packages/gymnasium/envs/registration.py
# code object from '/home/magnus-amann/Master_Project/mctf26/pyquaticus/env-full/lib/python3.10/site-packages/gymnasium/envs/__pycache__/registration.cpython-310.pyc'
# /home/magnus-amann/Master_Project/mctf26/pyquaticus/env-full/lib/python3.10/__pycache__/dataclasses.cpython-310.pyc matches /home/magnus-amann/Master_Project/mctf26/pyquaticus/env-full/lib/python3.10/dataclasses.py
# code object from '/home/magnus-amann/Master_Project/mctf26/pyquaticus/env-full/lib/python3.10/__pycache__/dataclasses.cpython-310.pyc'
import 'dataclasses' # <_frozen_importlib_external.SourceFileLoader object at 0x7e6473ade2f0>
# /home/magnus-amann/Master_Project/mctf26/pyquaticus/env-full/lib/python3.10/__pycache__/difflib.cpython-310.pyc matches /home/magnus-amann/Master_Project/mctf26/pyquaticus/env-full/lib/python3.10/difflib.py
# code object from '/home/magnus-amann/Master_Project/mctf26/pyquaticus/env-full/lib/python3.10/__pycache__/difflib.cpython-310.pyc'
# /home/magnus-amann/Master_Project/mctf26/pyquaticus/env-full/lib/python3.10/__pycache__/heapq.cpython-310.pyc matches /home/magnus-amann/Master_Project/mctf26/pyquaticus/env-full/lib/python3.10/heapq.py
# code object from '/home/magnus-amann/Master_Project/mctf26/pyquaticus/env-full/lib/python3.10/__pycache__/heapq.cpython-310.pyc'
# extension module '_heapq' loaded from '/home/magnus-amann/Master_Project/mctf26/pyquaticus/env-full/lib/python3.10/lib-dynload/_heapq.cpython-310-x86_64-linux-gnu.so'
# extension module '_heapq' executed from '/home/magnus-amann/Master_Project/mctf26/pyquaticus/env-full/lib/python3.10/lib-dynload/_heapq.cpython-310-x86_64-linux-gnu.so'
import '_heapq' # <_frozen_importlib_external.ExtensionFileLoader object at 0x7e646d124640>
import 'heapq' # <_frozen_importlib_external.SourceFileLoader object at 0x7e646d124130>
import 'difflib' # <_frozen_importlib_external.SourceFileLoader object at 0x7e6473adf5e0>
# /home/magnus-amann/Master_Project/mctf26/pyquaticus/env-full/lib/python3.10/json/__pycache__/__init__.cpython-310.pyc matches /home/magnus-amann/Master_Project/mctf26/pyquaticus/env-full/lib/python3.10/json/__init__.py
# code object from '/home/magnus-amann/Master_Project/mctf26/pyquaticus/env-full/lib/python3.10/json/__pycache__/__init__.cpython-310.pyc'
# /home/magnus-amann/Master_Project/mctf26/pyquaticus/env-full/lib/python3.10/json/__pycache__/decoder.cpython-310.pyc matches /home/magnus-amann/Master_Project/mctf26/pyquaticus/env-full/lib/python3.10/json/decoder.py
# code object from '/home/magnus-amann/Master_Project/mctf26/pyquaticus/env-full/lib/python3.10/json/__pycache__/decoder.cpython-310.pyc'
# /home/magnus-amann/Master_Project/mctf26/pyquaticus/env-full/lib/python3.10/json/__pycache__/scanner.cpython-310.pyc matches /home/magnus-amann/Master_Project/mctf26/pyquaticus/env-full/lib/python3.10/json/scanner.py
# code object from '/home/magnus-amann/Master_Project/mctf26/pyquaticus/env-full/lib/python3.10/json/__pycache__/scanner.cpython-310.pyc'
# extension module '_json' loaded from '/home/magnus-amann/Master_Project/mctf26/pyquaticus/env-full/lib/python3.10/lib-dynload/_json.cpython-310-x86_64-linux-gnu.so'
# extension module '_json' executed from '/home/magnus-amann/Master_Project/mctf26/pyquaticus/env-full/lib/python3.10/lib-dynload/_json.cpython-310-x86_64-linux-gnu.so'
import '_json' # <_frozen_importlib_external.ExtensionFileLoader object at 0x7e646d124eb0>
import 'json.scanner' # <_frozen_importlib_external.SourceFileLoader object at 0x7e646d124ca0>
import 'json.decoder' # <_frozen_importlib_external.SourceFileLoader object at 0x7e646d124850>
# /home/magnus-amann/Master_Project/mctf26/pyquaticus/env-full/lib/python3.10/json/__pycache__/encoder.cpython-310.pyc matches /home/magnus-amann/Master_Project/mctf26/pyquaticus/env-full/lib/python3.10/json/encoder.py
# code object from '/home/magnus-amann/Master_Project/mctf26/pyquaticus/env-full/lib/python3.10/json/__pycache__/encoder.cpython-310.pyc'
import 'json.encoder' # <_frozen_importlib_external.SourceFileLoader object at 0x7e646d1246a0>
import 'json' # <_frozen_importlib_external.SourceFileLoader object at 0x7e646d124a00>
# /home/magnus-amann/Master_Project/mctf26/pyquaticus/env-full/lib/python3.10/site-packages/gymnasium/__pycache__/logger.cpython-310.pyc matches /home/magnus-amann/Master_Project/mctf26/pyquaticus/env-full/lib/python3.10/site-packages/gymnasium/logger.py
# code object from '/home/magnus-amann/Master_Project/mctf26/pyquaticus/env-full/lib/python3.10/site-packages/gymnasium/__pycache__/logger.cpython-310.pyc'
import 'gymnasium.logger' # <_frozen_importlib_external.SourceFileLoader object at 0x7e646d125150>
# /home/magnus-amann/Master_Project/mctf26/pyquaticus/env-full/lib/python3.10/importlib/metadata/__pycache__/__init__.cpython-310.pyc matches /home/magnus-amann/Master_Project/mctf26/pyquaticus/env-full/lib/python3.10/importlib/metadata/__init__.py
# code object from '/home/magnus-amann/Master_Project/mctf26/pyquaticus/env-full/lib/python3.10/importlib/metadata/__pycache__/__init__.cpython-310.pyc'
# /home/magnus-amann/Master_Project/mctf26/pyquaticus/env-full/lib/python3.10/__pycache__/csv.cpython-310.pyc matches /home/magnus-amann/Master_Project/mctf26/pyquaticus/env-full/lib/python3.10/csv.py
# code object from '/home/magnus-amann/Master_Project/mctf26/pyquaticus/env-full/lib/python3.10/__pycache__/csv.cpython-310.pyc'
# extension module '_csv' loaded from '/home/magnus-amann/Master_Project/mctf26/pyquaticus/env-full/lib/python3.10/lib-dynload/_csv.cpython-310-x86_64-linux-gnu.so'
# extension module '_csv' executed from '/home/magnus-amann/Master_Project/mctf26/pyquaticus/env-full/lib/python3.10/lib-dynload/_csv.cpython-310-x86_64-linux-gnu.so'
import '_csv' # <_frozen_importlib_external.ExtensionFileLoader object at 0x7e646d1279a0>
import 'csv' # <_frozen_importlib_external.SourceFileLoader object at 0x7e646d127250>
# /home/magnus-amann/Master_Project/mctf26/pyquaticus/env-full/lib/python3.10/email/__pycache__/__init__.cpython-310.pyc matches /home/magnus-amann/Master_Project/mctf26/pyquaticus/env-full/lib/python3.10/email/__init__.py
# code object from '/home/magnus-amann/Master_Project/mctf26/pyquaticus/env-full/lib/python3.10/email/__pycache__/__init__.cpython-310.pyc'
import 'email' # <_frozen_importlib_external.SourceFileLoader object at 0x7e646d127b20>
# /home/magnus-amann/Master_Project/mctf26/pyquaticus/env-full/lib/python3.10/__pycache__/zipfile.cpython-310.pyc matches /home/magnus-amann/Master_Project/mctf26/pyquaticus/env-full/lib/python3.10/zipfile.py
# code object from '/home/magnus-amann/Master_Project/mctf26/pyquaticus/env-full/lib/python3.10/__pycache__/zipfile.cpython-310.pyc'
# /home/magnus-amann/Master_Project/mctf26/pyquaticus/env-full/lib/python3.10/__pycache__/shutil.cpython-310.pyc matches /home/magnus-amann/Master_Project/mctf26/pyquaticus/env-full/lib/python3.10/shutil.py
# code object from '/home/magnus-amann/Master_Project/mctf26/pyquaticus/env-full/lib/python3.10/__pycache__/shutil.cpython-310.pyc'
# extension module 'zlib' loaded from '/home/magnus-amann/Master_Project/mctf26/pyquaticus/env-full/lib/python3.10/lib-dynload/zlib.cpython-310-x86_64-linux-gnu.so'
# extension module 'zlib' executed from '/home/magnus-amann/Master_Project/mctf26/pyquaticus/env-full/lib/python3.10/lib-dynload/zlib.cpython-310-x86_64-linux-gnu.so'
import 'zlib' # <_frozen_importlib_external.ExtensionFileLoader object at 0x7e646d166530>
# /home/magnus-amann/Master_Project/mctf26/pyquaticus/env-full/lib/python3.10/__pycache__/bz2.cpython-310.pyc matches /home/magnus-amann/Master_Project/mctf26/pyquaticus/env-full/lib/python3.10/bz2.py
# code object from '/home/magnus-amann/Master_Project/mctf26/pyquaticus/env-full/lib/python3.10/__pycache__/bz2.cpython-310.pyc'
# /home/magnus-amann/Master_Project/mctf26/pyquaticus/env-full/lib/python3.10/__pycache__/_compression.cpython-310.pyc matches /home/magnus-amann/Master_Project/mctf26/pyquaticus/env-full/lib/python3.10/_compression.py
# code object from '/home/magnus-amann/Master_Project/mctf26/pyquaticus/env-full/lib/python3.10/__pycache__/_compression.cpython-310.pyc'
import '_compression' # <_frozen_importlib_external.SourceFileLoader object at 0x7e646d166e60>
# extension module '_bz2' loaded from '/home/magnus-amann/Master_Project/mctf26/pyquaticus/env-full/lib/python3.10/lib-dynload/_bz2.cpython-310-x86_64-linux-gnu.so'
# extension module '_bz2' executed from '/home/magnus-amann/Master_Project/mctf26/pyquaticus/env-full/lib/python3.10/lib-dynload/_bz2.cpython-310-x86_64-linux-gnu.so'
import '_bz2' # <_frozen_importlib_external.ExtensionFileLoader object at 0x7e646d167370>
import 'bz2' # <_frozen_importlib_external.SourceFileLoader object at 0x7e646d166650>
# /home/magnus-amann/Master_Project/mctf26/pyquaticus/env-full/lib/python3.10/__pycache__/lzma.cpython-310.pyc matches /home/magnus-amann/Master_Project/mctf26/pyquaticus/env-full/lib/python3.10/lzma.py
# code object from '/home/magnus-amann/Master_Project/mctf26/pyquaticus/env-full/lib/python3.10/__pycache__/lzma.cpython-310.pyc'
# extension module '_lzma' loaded from '/home/magnus-amann/Master_Project/mctf26/pyquaticus/env-full/lib/python3.10/lib-dynload/_lzma.cpython-310-x86_64-linux-gnu.so'
# extension module '_lzma' executed from '/home/magnus-amann/Master_Project/mctf26/pyquaticus/env-full/lib/python3.10/lib-dynload/_lzma.cpython-310-x86_64-linux-gnu.so'
import '_lzma' # <_frozen_importlib_external.ExtensionFileLoader object at 0x7e646d167a30>
import 'lzma' # <_frozen_importlib_external.SourceFileLoader object at 0x7e646d1673d0>
import 'shutil' # <_frozen_importlib_external.SourceFileLoader object at 0x7e646d165780>
import 'zipfile' # <_frozen_importlib_external.SourceFileLoader object at 0x7e646d127c40>
# /home/magnus-amann/Master_Project/mctf26/pyquaticus/env-full/lib/python3.10/importlib/metadata/__pycache__/_adapters.cpython-310.pyc matches /home/magnus-amann/Master_Project/mctf26/pyquaticus/env-full/lib/python3.10/importlib/metadata/_adapters.py
# code object from '/home/magnus-amann/Master_Project/mctf26/pyquaticus/env-full/lib/python3.10/importlib/metadata/__pycache__/_adapters.cpython-310.pyc'
# /home/magnus-amann/Master_Project/mctf26/pyquaticus/env-full/lib/python3.10/email/__pycache__/message.cpython-310.pyc matches /home/magnus-amann/Master_Project/mctf26/pyquaticus/env-full/lib/python3.10/email/message.py
# code object from '/home/magnus-amann/Master_Project/mctf26/pyquaticus/env-full/lib/python3.10/email/__pycache__/message.cpython-310.pyc'
# /home/magnus-amann/Master_Project/mctf26/pyquaticus/env-full/lib/python3.10/__pycache__/uu.cpython-310.pyc matches /home/magnus-amann/Master_Project/mctf26/pyquaticus/env-full/lib/python3.10/uu.py
# code object from '/home/magnus-amann/Master_Project/mctf26/pyquaticus/env-full/lib/python3.10/__pycache__/uu.cpython-310.pyc'
import 'uu' # <_frozen_importlib_external.SourceFileLoader object at 0x7e646d1a9d20>
# /home/magnus-amann/Master_Project/mctf26/pyquaticus/env-full/lib/python3.10/__pycache__/quopri.cpython-310.pyc matches /home/magnus-amann/Master_Project/mctf26/pyquaticus/env-full/lib/python3.10/quopri.py
# code object from '/home/magnus-amann/Master_Project/mctf26/pyquaticus/env-full/lib/python3.10/__pycache__/quopri.cpython-310.pyc'
import 'quopri' # <_frozen_importlib_external.SourceFileLoader object at 0x7e646d1a9f60>
# /home/magnus-amann/Master_Project/mctf26/pyquaticus/env-full/lib/python3.10/email/__pycache__/utils.cpython-310.pyc matches /home/magnus-amann/Master_Project/mctf26/pyquaticus/env-full/lib/python3.10/email/utils.py
# code object from '/home/magnus-amann/Master_Project/mctf26/pyquaticus/env-full/lib/python3.10/email/__pycache__/utils.cpython-310.pyc'
# /home/magnus-amann/Master_Project/mctf26/pyquaticus/env-full/lib/python3.10/__pycache__/socket.cpython-310.pyc matches /home/magnus-amann/Master_Project/mctf26/pyquaticus/env-full/lib/python3.10/socket.py
# code object from '/home/magnus-amann/Master_Project/mctf26/pyquaticus/env-full/lib/python3.10/__pycache__/socket.cpython-310.pyc'
# extension module '_socket' loaded from '/home/magnus-amann/Master_Project/mctf26/pyquaticus/env-full/lib/python3.10/lib-dynload/_socket.cpython-310-x86_64-linux-gnu.so'
# extension module '_socket' executed from '/home/magnus-amann/Master_Project/mctf26/pyquaticus/env-full/lib/python3.10/lib-dynload/_socket.cpython-310-x86_64-linux-gnu.so'
import '_socket' # <_frozen_importlib_external.ExtensionFileLoader object at 0x7e646d1ab6a0>
# extension module 'array' loaded from '/home/magnus-amann/Master_Project/mctf26/pyquaticus/env-full/lib/python3.10/lib-dynload/array.cpython-310-x86_64-linux-gnu.so'
# extension module 'array' executed from '/home/magnus-amann/Master_Project/mctf26/pyquaticus/env-full/lib/python3.10/lib-dynload/array.cpython-310-x86_64-linux-gnu.so'
import 'array' # <_frozen_importlib_external.ExtensionFileLoader object at 0x7e646d1e0550>
import 'socket' # <_frozen_importlib_external.SourceFileLoader object at 0x7e646d1aab00>
# /home/magnus-amann/Master_Project/mctf26/pyquaticus/env-full/lib/python3.10/email/__pycache__/_parseaddr.cpython-310.pyc matches /home/magnus-amann/Master_Project/mctf26/pyquaticus/env-full/lib/python3.10/email/_parseaddr.py
# code object from '/home/magnus-amann/Master_Project/mctf26/pyquaticus/env-full/lib/python3.10/email/__pycache__/_parseaddr.cpython-310.pyc'
# /home/magnus-amann/Master_Project/mctf26/pyquaticus/env-full/lib/python3.10/__pycache__/calendar.cpython-310.pyc matches /home/magnus-amann/Master_Project/mctf26/pyquaticus/env-full/lib/python3.10/calendar.py
# code object from '/home/magnus-amann/Master_Project/mctf26/pyquaticus/env-full/lib/python3.10/__pycache__/calendar.cpython-310.pyc'
# /home/magnus-amann/Master_Project/mctf26/pyquaticus/env-full/lib/python3.10/__pycache__/locale.cpython-310.pyc matches /home/magnus-amann/Master_Project/mctf26/pyquaticus/env-full/lib/python3.10/locale.py
# code object from '/home/magnus-amann/Master_Project/mctf26/pyquaticus/env-full/lib/python3.10/__pycache__/locale.cpython-310.pyc'
import 'locale' # <_frozen_importlib_external.SourceFileLoader object at 0x7e646d1e1c90>
import 'calendar' # <_frozen_importlib_external.SourceFileLoader object at 0x7e646d1e0970>
import 'email._parseaddr' # <_frozen_importlib_external.SourceFileLoader object at 0x7e646d1aada0>
# /home/magnus-amann/Master_Project/mctf26/pyquaticus/env-full/lib/python3.10/email/__pycache__/charset.cpython-310.pyc matches /home/magnus-amann/Master_Project/mctf26/pyquaticus/env-full/lib/python3.10/email/charset.py
# code object from '/home/magnus-amann/Master_Project/mctf26/pyquaticus/env-full/lib/python3.10/email/__pycache__/charset.cpython-310.pyc'
# /home/magnus-amann/Master_Project/mctf26/pyquaticus/env-full/lib/python3.10/email/__pycache__/base64mime.cpython-310.pyc matches /home/magnus-amann/Master_Project/mctf26/pyquaticus/env-full/lib/python3.10/email/base64mime.py
# code object from '/home/magnus-amann/Master_Project/mctf26/pyquaticus/env-full/lib/python3.10/email/__pycache__/base64mime.cpython-310.pyc'
import 'email.base64mime' # <_frozen_importlib_external.SourceFileLoader object at 0x7e646d1e2c20>
# /home/magnus-amann/Master_Project/mctf26/pyquaticus/env-full/lib/python3.10/email/__pycache__/quoprimime.cpython-310.pyc matches /home/magnus-amann/Master_Project/mctf26/pyquaticus/env-full/lib/python3.10/email/quoprimime.py
# code object from '/home/magnus-amann/Master_Project/mctf26/pyquaticus/env-full/lib/python3.10/email/__pycache__/quoprimime.cpython-310.pyc'
# /home/magnus-amann/Master_Project/mctf26/pyquaticus/env-full/lib/python3.10/__pycache__/string.cpython-310.pyc matches /home/magnus-amann/Master_Project/mctf26/pyquaticus/env-full/lib/python3.10/string.py
# code object from '/home/magnus-amann/Master_Project/mctf26/pyquaticus/env-full/lib/python3.10/__pycache__/string.cpython-310.pyc'
import '_string' # <class '_frozen_importlib.BuiltinImporter'>
import 'string' # <_frozen_importlib_external.SourceFileLoader object at 0x7e646d1e3400>
import 'email.quoprimime' # <_frozen_importlib_external.SourceFileLoader object at 0x7e646d1e2e30>
# /home/magnus-amann/Master_Project/mctf26/pyquaticus/env-full/lib/python3.10/email/__pycache__/errors.cpython-310.pyc matches /home/magnus-amann/Master_Project/mctf26/pyquaticus/env-full/lib/python3.10/email/errors.py
# code object from '/home/magnus-amann/Master_Project/mctf26/pyquaticus/env-full/lib/python3.10/email/__pycache__/errors.cpython-310.pyc'
import 'email.errors' # <_frozen_importlib_external.SourceFileLoader object at 0x7e646d1e3a90>
# /home/magnus-amann/Master_Project/mctf26/pyquaticus/env-full/lib/python3.10/email/__pycache__/encoders.cpython-310.pyc matches /home/magnus-amann/Master_Project/mctf26/pyquaticus/env-full/lib/python3.10/email/encoders.py
# code object from '/home/magnus-amann/Master_Project/mctf26/pyquaticus/env-full/lib/python3.10/email/__pycache__/encoders.cpython-310.pyc'
import 'email.encoders' # <_frozen_importlib_external.SourceFileLoader object at 0x7e646a744400>
import 'email.charset' # <_frozen_importlib_external.SourceFileLoader object at 0x7e646d1e18a0>
import 'email.utils' # <_frozen_importlib_external.SourceFileLoader object at 0x7e646d1aa530>
# /home/magnus-amann/Master_Project/mctf26/pyquaticus/env-full/lib/python3.10/email/__pycache__/_policybase.cpython-310.pyc matches /home/magnus-amann/Master_Project/mctf26/pyquaticus/env-full/lib/python3.10/email/_policybase.py
# code object from '/home/magnus-amann/Master_Project/mctf26/pyquaticus/env-full/lib/python3.10/email/__pycache__/_policybase.cpython-310.pyc'
# /home/magnus-amann/Master_Project/mctf26/pyquaticus/env-full/lib/python3.10/email/__pycache__/header.cpython-310.pyc matches /home/magnus-amann/Master_Project/mctf26/pyquaticus/env-full/lib/python3.10/email/header.py
# code object from '/home/magnus-amann/Master_Project/mctf26/pyquaticus/env-full/lib/python3.10/email/__pycache__/header.cpython-310.pyc'
import 'email.header' # <_frozen_importlib_external.SourceFileLoader object at 0x7e646a744d60>
import 'email._policybase' # <_frozen_importlib_external.SourceFileLoader object at 0x7e646d1aa950>
# /home/magnus-amann/Master_Project/mctf26/pyquaticus/env-full/lib/python3.10/email/__pycache__/_encoded_words.cpython-310.pyc matches /home/magnus-amann/Master_Project/mctf26/pyquaticus/env-full/lib/python3.10/email/_encoded_words.py
# code object from '/home/magnus-amann/Master_Project/mctf26/pyquaticus/env-full/lib/python3.10/email/__pycache__/_encoded_words.cpython-310.pyc'
import 'email._encoded_words' # <_frozen_importlib_external.SourceFileLoader object at 0x7e646a745540>
# /home/magnus-amann/Master_Project/mctf26/pyquaticus/env-full/lib/python3.10/email/__pycache__/iterators.cpython-310.pyc matches /home/magnus-amann/Master_Project/mctf26/pyquaticus/env-full/lib/python3.10/email/iterators.py
# code object from '/home/magnus-amann/Master_Project/mctf26/pyquaticus/env-full/lib/python3.10/email/__pycache__/iterators.cpython-310.pyc'
import 'email.iterators' # <_frozen_importlib_external.SourceFileLoader object at 0x7e646a7458d0>
import 'email.message' # <_frozen_importlib_external.SourceFileLoader object at 0x7e646d1a88e0>
# /home/magnus-amann/Master_Project/mctf26/pyquaticus/env-full/lib/python3.10/importlib/metadata/__pycache__/_text.cpython-310.pyc matches /home/magnus-amann/Master_Project/mctf26/pyquaticus/env-full/lib/python3.10/importlib/metadata/_text.py
# code object from '/home/magnus-amann/Master_Project/mctf26/pyquaticus/env-full/lib/python3.10/importlib/metadata/__pycache__/_text.cpython-310.pyc'
# /home/magnus-amann/Master_Project/mctf26/pyquaticus/env-full/lib/python3.10/importlib/metadata/__pycache__/_functools.cpython-310.pyc matches /home/magnus-amann/Master_Project/mctf26/pyquaticus/env-full/lib/python3.10/importlib/metadata/_functools.py
# code object from '/home/magnus-amann/Master_Project/mctf26/pyquaticus/env-full/lib/python3.10/importlib/metadata/__pycache__/_functools.cpython-310.pyc'
import 'importlib.metadata._functools' # <_frozen_importlib_external.SourceFileLoader object at 0x7e646a745f90>
import 'importlib.metadata._text' # <_frozen_importlib_external.SourceFileLoader object at 0x7e646a745ba0>
import 'importlib.metadata._adapters' # <_frozen_importlib_external.SourceFileLoader object at 0x7e646d1a8190>
# /home/magnus-amann/Master_Project/mctf26/pyquaticus/env-full/lib/python3.10/importlib/metadata/__pycache__/_meta.cpython-310.pyc matches /home/magnus-amann/Master_Project/mctf26/pyquaticus/env-full/lib/python3.10/importlib/metadata/_meta.py
# code object from '/home/magnus-amann/Master_Project/mctf26/pyquaticus/env-full/lib/python3.10/importlib/metadata/__pycache__/_meta.cpython-310.pyc'
import 'importlib.metadata._meta' # <_frozen_importlib_external.SourceFileLoader object at 0x7e646a7463e0>
# /home/magnus-amann/Master_Project/mctf26/pyquaticus/env-full/lib/python3.10/importlib/metadata/__pycache__/_collections.cpython-310.pyc matches /home/magnus-amann/Master_Project/mctf26/pyquaticus/env-full/lib/python3.10/importlib/metadata/_collections.py
# code object from '/home/magnus-amann/Master_Project/mctf26/pyquaticus/env-full/lib/python3.10/importlib/metadata/__pycache__/_collections.cpython-310.pyc'
import 'importlib.metadata._collections' # <_frozen_importlib_external.SourceFileLoader object at 0x7e646a7468c0>
# /home/magnus-amann/Master_Project/mctf26/pyquaticus/env-full/lib/python3.10/importlib/metadata/__pycache__/_itertools.cpython-310.pyc matches /home/magnus-amann/Master_Project/mctf26/pyquaticus/env-full/lib/python3.10/importlib/metadata/_itertools.py
# code object from '/home/magnus-amann/Master_Project/mctf26/pyquaticus/env-full/lib/python3.10/importlib/metadata/__pycache__/_itertools.cpython-310.pyc'
import 'importlib.metadata._itertools' # <_frozen_importlib_external.SourceFileLoader object at 0x7e646a7472b0>
# /home/magnus-amann/Master_Project/mctf26/pyquaticus/env-full/lib/python3.10/importlib/__pycache__/abc.cpython-310.pyc matches /home/magnus-amann/Master_Project/mctf26/pyquaticus/env-full/lib/python3.10/importlib/abc.py
# code object from '/home/magnus-amann/Master_Project/mctf26/pyquaticus/env-full/lib/python3.10/importlib/__pycache__/abc.cpython-310.pyc'
import 'importlib.abc' # <_frozen_importlib_external.SourceFileLoader object at 0x7e646a747190>
import 'importlib.metadata' # <_frozen_importlib_external.SourceFileLoader object at 0x7e646d125210>
import 'gymnasium.envs.registration' # <_frozen_importlib_external.SourceFileLoader object at 0x7e6473add840>
import 'gymnasium.envs' # <_frozen_importlib_external.SourceFileLoader object at 0x7e6473add690>
# /home/magnus-amann/Master_Project/mctf26/pyquaticus/env-full/lib/python3.10/site-packages/gymnasium/vector/__pycache__/__init__.cpython-310.pyc matches /home/magnus-amann/Master_Project/mctf26/pyquaticus/env-full/lib/python3.10/site-packages/gymnasium/vector/__init__.py
# code object from '/home/magnus-amann/Master_Project/mctf26/pyquaticus/env-full/lib/python3.10/site-packages/gymnasium/vector/__pycache__/__init__.cpython-310.pyc'
# /home/magnus-amann/Master_Project/mctf26/pyquaticus/env-full/lib/python3.10/site-packages/gymnasium/vector/utils/__pycache__/__init__.cpython-310.pyc matches /home/magnus-amann/Master_Project/mctf26/pyquaticus/env-full/lib/python3.10/site-packages/gymnasium/vector/utils/__init__.py
# code object from '/home/magnus-amann/Master_Project/mctf26/pyquaticus/env-full/lib/python3.10/site-packages/gymnasium/vector/utils/__pycache__/__init__.cpython-310.pyc'
# /home/magnus-amann/Master_Project/mctf26/pyquaticus/env-full/lib/python3.10/site-packages/gymnasium/vector/utils/__pycache__/misc.cpython-310.pyc matches /home/magnus-amann/Master_Project/mctf26/pyquaticus/env-full/lib/python3.10/site-packages/gymnasium/vector/utils/misc.py
# code object from '/home/magnus-amann/Master_Project/mctf26/pyquaticus/env-full/lib/python3.10/site-packages/gymnasium/vector/utils/__pycache__/misc.cpython-310.pyc'
import 'gymnasium.vector.utils.misc' # <_frozen_importlib_external.SourceFileLoader object at 0x7e646a772c80>
# /home/magnus-amann/Master_Project/mctf26/pyquaticus/env-full/lib/python3.10/site-packages/gymnasium/vector/utils/__pycache__/shared_memory.cpython-310.pyc matches /home/magnus-amann/Master_Project/mctf26/pyquaticus/env-full/lib/python3.10/site-packages/gymnasium/vector/utils/shared_memory.py
# code object from '/home/magnus-amann/Master_Project/mctf26/pyquaticus/env-full/lib/python3.10/site-packages/gymnasium/vector/utils/__pycache__/shared_memory.cpython-310.pyc'
# /home/magnus-amann/Master_Project/mctf26/pyquaticus/env-full/lib/python3.10/multiprocessing/__pycache__/__init__.cpython-310.pyc matches /home/magnus-amann/Master_Project/mctf26/pyquaticus/env-full/lib/python3.10/multiprocessing/__init__.py
# code object from '/home/magnus-amann/Master_Project/mctf26/pyquaticus/env-full/lib/python3.10/multiprocessing/__pycache__/__init__.cpython-310.pyc'
# /home/magnus-amann/Master_Project/mctf26/pyquaticus/env-full/lib/python3.10/multiprocessing/__pycache__/context.cpython-310.pyc matches /home/magnus-amann/Master_Project/mctf26/pyquaticus/env-full/lib/python3.10/multiprocessing/context.py
# code object from '/home/magnus-amann/Master_Project/mctf26/pyquaticus/env-full/lib/python3.10/multiprocessing/__pycache__/context.cpython-310.pyc'
# /home/magnus-amann/Master_Project/mctf26/pyquaticus/env-full/lib/python3.10/multiprocessing/__pycache__/process.cpython-310.pyc matches /home/magnus-amann/Master_Project/mctf26/pyquaticus/env-full/lib/python3.10/multiprocessing/process.py
# code object from '/home/magnus-amann/Master_Project/mctf26/pyquaticus/env-full/lib/python3.10/multiprocessing/__pycache__/process.cpython-310.pyc'
import 'multiprocessing.process' # <_frozen_importlib_external.SourceFileLoader object at 0x7e646a7a42e0>
# /home/magnus-amann/Master_Project/mctf26/pyquaticus/env-full/lib/python3.10/multiprocessing/__pycache__/reduction.cpython-310.pyc matches /home/magnus-amann/Master_Project/mctf26/pyquaticus/env-full/lib/python3.10/multiprocessing/reduction.py
# code object from '/home/magnus-amann/Master_Project/mctf26/pyquaticus/env-full/lib/python3.10/multiprocessing/__pycache__/reduction.cpython-310.pyc'
import 'multiprocessing.reduction' # <_frozen_importlib_external.SourceFileLoader object at 0x7e646a7a4e20>
import 'multiprocessing.context' # <_frozen_importlib_external.SourceFileLoader object at 0x7e646a770ee0>
import 'multiprocessing' # <_frozen_importlib_external.SourceFileLoader object at 0x7e646a7716c0>
import 'gymnasium.vector.utils.shared_memory' # <_frozen_importlib_external.SourceFileLoader object at 0x7e646a7712d0>
# /home/magnus-amann/Master_Project/mctf26/pyquaticus/env-full/lib/python3.10/site-packages/gymnasium/vector/utils/__pycache__/space_utils.cpython-310.pyc matches /home/magnus-amann/Master_Project/mctf26/pyquaticus/env-full/lib/python3.10/site-packages/gymnasium/vector/utils/space_utils.py
# code object from '/home/magnus-amann/Master_Project/mctf26/pyquaticus/env-full/lib/python3.10/site-packages/gymnasium/vector/utils/__pycache__/space_utils.cpython-310.pyc'
import 'gymnasium.vector.utils.space_utils' # <_frozen_importlib_external.SourceFileLoader object at 0x7e646a7a5ba0>
import 'gymnasium.vector.utils' # <_frozen_importlib_external.SourceFileLoader object at 0x7e646a771c30>
# /home/magnus-amann/Master_Project/mctf26/pyquaticus/env-full/lib/python3.10/site-packages/gymnasium/vector/__pycache__/async_vector_env.cpython-310.pyc matches /home/magnus-amann/Master_Project/mctf26/pyquaticus/env-full/lib/python3.10/site-packages/gymnasium/vector/async_vector_env.py
# code object from '/home/magnus-amann/Master_Project/mctf26/pyquaticus/env-full/lib/python3.10/site-packages/gymnasium/vector/__pycache__/async_vector_env.cpython-310.pyc'
# /home/magnus-amann/Master_Project/mctf26/pyquaticus/env-full/lib/python3.10/__pycache__/traceback.cpython-310.pyc matches /home/magnus-amann/Master_Project/mctf26/pyquaticus/env-full/lib/python3.10/traceback.py
# code object from '/home/magnus-amann/Master_Project/mctf26/pyquaticus/env-full/lib/python3.10/__pycache__/traceback.cpython-310.pyc'
import 'traceback' # <_frozen_importlib_external.SourceFileLoader object at 0x7e646a7a7910>
# /home/magnus-amann/Master_Project/mctf26/pyquaticus/env-full/lib/python3.10/multiprocessing/__pycache__/connection.cpython-310.pyc matches /home/magnus-amann/Master_Project/mctf26/pyquaticus/env-full/lib/python3.10/multiprocessing/connection.py
# code object from '/home/magnus-amann/Master_Project/mctf26/pyquaticus/env-full/lib/python3.10/multiprocessing/__pycache__/connection.cpython-310.pyc'
# /home/magnus-amann/Master_Project/mctf26/pyquaticus/env-full/lib/python3.10/__pycache__/tempfile.cpython-310.pyc matches /home/magnus-amann/Master_Project/mctf26/pyquaticus/env-full/lib/python3.10/tempfile.py
# code object from '/home/magnus-amann/Master_Project/mctf26/pyquaticus/env-full/lib/python3.10/__pycache__/tempfile.cpython-310.pyc'
import 'tempfile' # <_frozen_importlib_external.SourceFileLoader object at 0x7e646a7dd660>
# extension module '_multiprocessing' loaded from '/home/magnus-amann/Master_Project/mctf26/pyquaticus/env-full/lib/python3.10/lib-dynload/_multiprocessing.cpython-310-x86_64-linux-gnu.so'
# extension module '_multiprocessing' executed from '/home/magnus-amann/Master_Project/mctf26/pyquaticus/env-full/lib/python3.10/lib-dynload/_multiprocessing.cpython-310-x86_64-linux-gnu.so'
import '_multiprocessing' # <_frozen_importlib_external.ExtensionFileLoader object at 0x7e646a7de620>
# /home/magnus-amann/Master_Project/mctf26/pyquaticus/env-full/lib/python3.10/multiprocessing/__pycache__/util.cpython-310.pyc matches /home/magnus-amann/Master_Project/mctf26/pyquaticus/env-full/lib/python3.10/multiprocessing/util.py
# code object from '/home/magnus-amann/Master_Project/mctf26/pyquaticus/env-full/lib/python3.10/multiprocessing/__pycache__/util.cpython-310.pyc'
import 'atexit' # <class '_frozen_importlib.BuiltinImporter'>
import 'multiprocessing.util' # <_frozen_importlib_external.SourceFileLoader object at 0x7e646a7de6e0>
import 'multiprocessing.connection' # <_frozen_importlib_external.SourceFileLoader object at 0x7e646a7dc4f0>
# /home/magnus-amann/Master_Project/mctf26/pyquaticus/env-full/lib/python3.10/site-packages/gymnasium/vector/__pycache__/vector_env.cpython-310.pyc matches /home/magnus-amann/Master_Project/mctf26/pyquaticus/env-full/lib/python3.10/site-packages/gymnasium/vector/vector_env.py
# code object from '/home/magnus-amann/Master_Project/mctf26/pyquaticus/env-full/lib/python3.10/site-packages/gymnasium/vector/__pycache__/vector_env.cpython-310.pyc'
import 'gymnasium.vector.vector_env' # <_frozen_importlib_external.SourceFileLoader object at 0x7e646a7dd240>
import 'gymnasium.vector.async_vector_env' # <_frozen_importlib_external.SourceFileLoader object at 0x7e646a772080>
# /home/magnus-amann/Master_Project/mctf26/pyquaticus/env-full/lib/python3.10/site-packages/gymnasium/vector/__pycache__/sync_vector_env.cpython-310.pyc matches /home/magnus-amann/Master_Project/mctf26/pyquaticus/env-full/lib/python3.10/site-packages/gymnasium/vector/sync_vector_env.py
# code object from '/home/magnus-amann/Master_Project/mctf26/pyquaticus/env-full/lib/python3.10/site-packages/gymnasium/vector/__pycache__/sync_vector_env.cpython-310.pyc'
import 'gymnasium.vector.sync_vector_env' # <_frozen_importlib_external.SourceFileLoader object at 0x7e646a7dfcd0>
import 'gymnasium.vector' # <_frozen_importlib_external.SourceFileLoader object at 0x7e646a772710>
# /home/magnus-amann/Master_Project/mctf26/pyquaticus/env-full/lib/python3.10/site-packages/gymnasium/wrappers/__pycache__/__init__.cpython-310.pyc matches /home/magnus-amann/Master_Project/mctf26/pyquaticus/env-full/lib/python3.10/site-packages/gymnasium/wrappers/__init__.py
# code object from '/home/magnus-amann/Master_Project/mctf26/pyquaticus/env-full/lib/python3.10/site-packages/gymnasium/wrappers/__pycache__/__init__.cpython-310.pyc'
# /home/magnus-amann/Master_Project/mctf26/pyquaticus/env-full/lib/python3.10/site-packages/gymnasium/wrappers/vector/__pycache__/__init__.cpython-310.pyc matches /home/magnus-amann/Master_Project/mctf26/pyquaticus/env-full/lib/python3.10/site-packages/gymnasium/wrappers/vector/__init__.py
# code object from '/home/magnus-amann/Master_Project/mctf26/pyquaticus/env-full/lib/python3.10/site-packages/gymnasium/wrappers/vector/__pycache__/__init__.cpython-310.pyc'
# /home/magnus-amann/Master_Project/mctf26/pyquaticus/env-full/lib/python3.10/site-packages/gymnasium/wrappers/vector/__pycache__/common.cpython-310.pyc matches /home/magnus-amann/Master_Project/mctf26/pyquaticus/env-full/lib/python3.10/site-packages/gymnasium/wrappers/vector/common.py
# code object from '/home/magnus-amann/Master_Project/mctf26/pyquaticus/env-full/lib/python3.10/site-packages/gymnasium/wrappers/vector/__pycache__/common.cpython-310.pyc'
import 'gymnasium.wrappers.vector.common' # <_frozen_importlib_external.SourceFileLoader object at 0x7e6466514550>
# /home/magnus-amann/Master_Project/mctf26/pyquaticus/env-full/lib/python3.10/site-packages/gymnasium/wrappers/vector/__pycache__/dict_info_to_list.cpython-310.pyc matches /home/magnus-amann/Master_Project/mctf26/pyquaticus/env-full/lib/python3.10/site-packages/gymnasium/wrappers/vector/dict_info_to_list.py
# code object from '/home/magnus-amann/Master_Project/mctf26/pyquaticus/env-full/lib/python3.10/site-packages/gymnasium/wrappers/vector/__pycache__/dict_info_to_list.cpython-310.pyc'
import 'gymnasium.wrappers.vector.dict_info_to_list' # <_frozen_importlib_external.SourceFileLoader object at 0x7e6466514730>
# /home/magnus-amann/Master_Project/mctf26/pyquaticus/env-full/lib/python3.10/site-packages/gymnasium/wrappers/vector/__pycache__/rendering.cpython-310.pyc matches /home/magnus-amann/Master_Project/mctf26/pyquaticus/env-full/lib/python3.10/site-packages/gymnasium/wrappers/vector/rendering.py
# code object from '/home/magnus-amann/Master_Project/mctf26/pyquaticus/env-full/lib/python3.10/site-packages/gymnasium/wrappers/vector/__pycache__/rendering.cpython-310.pyc'
import 'gymnasium.wrappers.vector.rendering' # <_frozen_importlib_external.SourceFileLoader object at 0x7e6466514970>
# /home/magnus-amann/Master_Project/mctf26/pyquaticus/env-full/lib/python3.10/site-packages/gymnasium/wrappers/vector/__pycache__/stateful_observation.cpython-310.pyc matches /home/magnus-amann/Master_Project/mctf26/pyquaticus/env-full/lib/python3.10/site-packages/gymnasium/wrappers/vector/stateful_observation.py
# code object from '/home/magnus-amann/Master_Project/mctf26/pyquaticus/env-full/lib/python3.10/site-packages/gymnasium/wrappers/vector/__pycache__/stateful_observation.cpython-310.pyc'
# /home/magnus-amann/Master_Project/mctf26/pyquaticus/env-full/lib/python3.10/site-packages/gymnasium/wrappers/__pycache__/utils.cpython-310.pyc matches /home/magnus-amann/Master_Project/mctf26/pyquaticus/env-full/lib/python3.10/site-packages/gymnasium/wrappers/utils.py
# code object from '/home/magnus-amann/Master_Project/mctf26/pyquaticus/env-full/lib/python3.10/site-packages/gymnasium/wrappers/__pycache__/utils.cpython-310.pyc'
import 'gymnasium.wrappers.utils' # <_frozen_importlib_external.SourceFileLoader object at 0x7e6466515180>
import 'gymnasium.wrappers.vector.stateful_observation' # <_frozen_importlib_external.SourceFileLoader object at 0x7e6466514e50>
# /home/magnus-amann/Master_Project/mctf26/pyquaticus/env-full/lib/python3.10/site-packages/gymnasium/wrappers/vector/__pycache__/stateful_reward.cpython-310.pyc matches /home/magnus-amann/Master_Project/mctf26/pyquaticus/env-full/lib/python3.10/site-packages/gymnasium/wrappers/vector/stateful_reward.py
# code object from '/home/magnus-amann/Master_Project/mctf26/pyquaticus/env-full/lib/python3.10/site-packages/gymnasium/wrappers/vector/__pycache__/stateful_reward.cpython-310.pyc'
import 'gymnasium.wrappers.vector.stateful_reward' # <_frozen_importlib_external.SourceFileLoader object at 0x7e6466515a20>
# /home/magnus-amann/Master_Project/mctf26/pyquaticus/env-full/lib/python3.10/site-packages/gymnasium/wrappers/vector/__pycache__/vectorize_action.cpython-310.pyc matches /home/magnus-amann/Master_Project/mctf26/pyquaticus/env-full/lib/python3.10/site-packages/gymnasium/wrappers/vector/vectorize_action.py
# code object from '/home/magnus-amann/Master_Project/mctf26/pyquaticus/env-full/lib/python3.10/site-packages/gymnasium/wrappers/vector/__pycache__/vectorize_action.cpython-310.pyc'
# /home/magnus-amann/Master_Project/mctf26/pyquaticus/env-full/lib/python3.10/site-packages/gymnasium/wrappers/__pycache__/transform_action.cpython-310.pyc matches /home/magnus-amann/Master_Project/mctf26/pyquaticus/env-full/lib/python3.10/site-packages/gymnasium/wrappers/transform_action.py
# code object from '/home/magnus-amann/Master_Project/mctf26/pyquaticus/env-full/lib/python3.10/site-packages/gymnasium/wrappers/__pycache__/transform_action.cpython-310.pyc'
import 'gymnasium.wrappers.transform_action' # <_frozen_importlib_external.SourceFileLoader object at 0x7e64665161d0>
import 'gymnasium.wrappers.vector.vectorize_action' # <_frozen_importlib_external.SourceFileLoader object at 0x7e6466515c30>
# /home/magnus-amann/Master_Project/mctf26/pyquaticus/env-full/lib/python3.10/site-packages/gymnasium/wrappers/vector/__pycache__/vectorize_observation.cpython-310.pyc matches /home/magnus-amann/Master_Project/mctf26/pyquaticus/env-full/lib/python3.10/site-packages/gymnasium/wrappers/vector/vectorize_observation.py
# code object from '/home/magnus-amann/Master_Project/mctf26/pyquaticus/env-full/lib/python3.10/site-packages/gymnasium/wrappers/vector/__pycache__/vectorize_observation.cpython-310.pyc'
# /home/magnus-amann/Master_Project/mctf26/pyquaticus/env-full/lib/python3.10/site-packages/gymnasium/wrappers/__pycache__/transform_observation.cpython-310.pyc matches /home/magnus-amann/Master_Project/mctf26/pyquaticus/env-full/lib/python3.10/site-packages/gymnasium/wrappers/transform_observation.py
# code object from '/home/magnus-amann/Master_Project/mctf26/pyquaticus/env-full/lib/python3.10/site-packages/gymnasium/wrappers/__pycache__/transform_observation.cpython-310.pyc'
import 'gymnasium.wrappers.transform_observation' # <_frozen_importlib_external.SourceFileLoader object at 0x7e6466516bc0>
import 'gymnasium.wrappers.vector.vectorize_observation' # <_frozen_importlib_external.SourceFileLoader object at 0x7e64665164a0>
# /home/magnus-amann/Master_Project/mctf26/pyquaticus/env-full/lib/python3.10/site-packages/gymnasium/wrappers/vector/__pycache__/vectorize_reward.cpython-310.pyc matches /home/magnus-amann/Master_Project/mctf26/pyquaticus/env-full/lib/python3.10/site-packages/gymnasium/wrappers/vector/vectorize_reward.py
# code object from '/home/magnus-amann/Master_Project/mctf26/pyquaticus/env-full/lib/python3.10/site-packages/gymnasium/wrappers/vector/__pycache__/vectorize_reward.cpython-310.pyc'
# /home/magnus-amann/Master_Project/mctf26/pyquaticus/env-full/lib/python3.10/site-packages/gymnasium/wrappers/__pycache__/transform_reward.cpython-310.pyc matches /home/magnus-amann/Master_Project/mctf26/pyquaticus/env-full/lib/python3.10/site-packages/gymnasium/wrappers/transform_reward.py
# code object from '/home/magnus-amann/Master_Project/mctf26/pyquaticus/env-full/lib/python3.10/site-packages/gymnasium/wrappers/__pycache__/transform_reward.cpython-310.pyc'
import 'gymnasium.wrappers.transform_reward' # <_frozen_importlib_external.SourceFileLoader object at 0x7e6466517bb0>
import 'gymnasium.wrappers.vector.vectorize_reward' # <_frozen_importlib_external.SourceFileLoader object at 0x7e64665168f0>
import 'gymnasium.wrappers.vector' # <_frozen_importlib_external.SourceFileLoader object at 0x7e6466514280>
# /home/magnus-amann/Master_Project/mctf26/pyquaticus/env-full/lib/python3.10/site-packages/gymnasium/wrappers/__pycache__/atari_preprocessing.cpython-310.pyc matches /home/magnus-amann/Master_Project/mctf26/pyquaticus/env-full/lib/python3.10/site-packages/gymnasium/wrappers/atari_preprocessing.py
# code object from '/home/magnus-amann/Master_Project/mctf26/pyquaticus/env-full/lib/python3.10/site-packages/gymnasium/wrappers/__pycache__/atari_preprocessing.cpython-310.pyc'
import 'gymnasium.wrappers.atari_preprocessing' # <_frozen_importlib_external.SourceFileLoader object at 0x7e6466517a00>
# /home/magnus-amann/Master_Project/mctf26/pyquaticus/env-full/lib/python3.10/site-packages/gymnasium/wrappers/__pycache__/common.cpython-310.pyc matches /home/magnus-amann/Master_Project/mctf26/pyquaticus/env-full/lib/python3.10/site-packages/gymnasium/wrappers/common.py
# code object from '/home/magnus-amann/Master_Project/mctf26/pyquaticus/env-full/lib/python3.10/site-packages/gymnasium/wrappers/__pycache__/common.cpython-310.pyc'
# /home/magnus-amann/Master_Project/mctf26/pyquaticus/env-full/lib/python3.10/site-packages/gymnasium/utils/__pycache__/passive_env_checker.cpython-310.pyc matches /home/magnus-amann/Master_Project/mctf26/pyquaticus/env-full/lib/python3.10/site-packages/gymnasium/utils/passive_env_checker.py
# code object from '/home/magnus-amann/Master_Project/mctf26/pyquaticus/env-full/lib/python3.10/site-packages/gymnasium/utils/__pycache__/passive_env_checker.cpython-310.pyc'
import 'gymnasium.utils.passive_env_checker' # <_frozen_importlib_external.SourceFileLoader object at 0x7e6466554460>
import 'gymnasium.wrappers.common' # <_frozen_importlib_external.SourceFileLoader object at 0x7e6466517e20>
# /home/magnus-amann/Master_Project/mctf26/pyquaticus/env-full/lib/python3.10/site-packages/gymnasium/wrappers/__pycache__/rendering.cpython-310.pyc matches /home/magnus-amann/Master_Project/mctf26/pyquaticus/env-full/lib/python3.10/site-packages/gymnasium/wrappers/rendering.py
# code object from '/home/magnus-amann/Master_Project/mctf26/pyquaticus/env-full/lib/python3.10/site-packages/gymnasium/wrappers/__pycache__/rendering.cpython-310.pyc'
import 'gymnasium.wrappers.rendering' # <_frozen_importlib_external.SourceFileLoader object at 0x7e64665547f0>
# /home/magnus-amann/Master_Project/mctf26/pyquaticus/env-full/lib/python3.10/site-packages/gymnasium/wrappers/__pycache__/stateful_action.cpython-310.pyc matches /home/magnus-amann/Master_Project/mctf26/pyquaticus/env-full/lib/python3.10/site-packages/gymnasium/wrappers/stateful_action.py
# code object from '/home/magnus-amann/Master_Project/mctf26/pyquaticus/env-full/lib/python3.10/site-packages/gymnasium/wrappers/__pycache__/stateful_action.cpython-310.pyc'
import 'gymnasium.wrappers.stateful_action' # <_frozen_importlib_external.SourceFileLoader object at 0x7e6466554eb0>
# /home/magnus-amann/Master_Project/mctf26/pyquaticus/env-full/lib/python3.10/site-packages/gymnasium/wrappers/__pycache__/stateful_observation.cpython-310.pyc matches /home/magnus-amann/Master_Project/mctf26/pyquaticus/env-full/lib/python3.10/site-packages/gymnasium/wrappers/stateful_observation.py
# code object from '/home/magnus-amann/Master_Project/mctf26/pyquaticus/env-full/lib/python3.10/site-packages/gymnasium/wrappers/__pycache__/stateful_observation.cpython-310.pyc'
import 'gymnasium.wrappers.stateful_observation' # <_frozen_importlib_external.SourceFileLoader object at 0x7e6466555090>
# /home/magnus-amann/Master_Project/mctf26/pyquaticus/env-full/lib/python3.10/site-packages/gymnasium/wrappers/__pycache__/stateful_reward.cpython-310.pyc matches /home/magnus-amann/Master_Project/mctf26/pyquaticus/env-full/lib/python3.10/site-packages/gymnasium/wrappers/stateful_reward.py
# code object from '/home/magnus-amann/Master_Project/mctf26/pyquaticus/env-full/lib/python3.10/site-packages/gymnasium/wrappers/__pycache__/stateful_reward.cpython-310.pyc'
import 'gymnasium.wrappers.stateful_reward' # <_frozen_importlib_external.SourceFileLoader object at 0x7e6466555b10>
import 'gymnasium.wrappers' # <_frozen_importlib_external.SourceFileLoader object at 0x7e646a772cb0>
# /home/magnus-amann/Master_Project/mctf26/pyquaticus/env-full/lib/python3.10/site-packages/gymnasium/experimental/__pycache__/__init__.cpython-310.pyc matches /home/magnus-amann/Master_Project/mctf26/pyquaticus/env-full/lib/python3.10/site-packages/gymnasium/experimental/__init__.py
# code object from '/home/magnus-amann/Master_Project/mctf26/pyquaticus/env-full/lib/python3.10/site-packages/gymnasium/experimental/__pycache__/__init__.cpython-310.pyc'
import 'gymnasium.experimental' # <_frozen_importlib_external.SourceFileLoader object at 0x7e6466555cf0>
# /home/magnus-amann/Master_Project/mctf26/pyquaticus/env-full/lib/python3.10/site-packages/farama_notifications/__pycache__/__init__.cpython-310.pyc matches /home/magnus-amann/Master_Project/mctf26/pyquaticus/env-full/lib/python3.10/site-packages/farama_notifications/__init__.py
# code object from '/home/magnus-amann/Master_Project/mctf26/pyquaticus/env-full/lib/python3.10/site-packages/farama_notifications/__pycache__/__init__.cpython-310.pyc'
import 'farama_notifications' # <_frozen_importlib_external.SourceFileLoader object at 0x7e6466555de0>
import 'gymnasium' # <_frozen_importlib_external.SourceFileLoader object at 0x7e6473a802b0>
import 'pettingzoo.utils.env' # <_frozen_importlib_external.SourceFileLoader object at 0x7e6473a439d0>
import 'pettingzoo.utils.average_total_reward' # <_frozen_importlib_external.SourceFileLoader object at 0x7e6473a43880>
# /home/magnus-amann/Master_Project/mctf26/pyquaticus/env-full/lib/python3.10/site-packages/pettingzoo/utils/__pycache__/conversions.cpython-310.pyc matches /home/magnus-amann/Master_Project/mctf26/pyquaticus/env-full/lib/python3.10/site-packages/pettingzoo/utils/conversions.py
# code object from '/home/magnus-amann/Master_Project/mctf26/pyquaticus/env-full/lib/python3.10/site-packages/pettingzoo/utils/__pycache__/conversions.cpython-310.pyc'
# /home/magnus-amann/Master_Project/mctf26/pyquaticus/env-full/lib/python3.10/site-packages/pettingzoo/utils/wrappers/__pycache__/__init__.cpython-310.pyc matches /home/magnus-amann/Master_Project/mctf26/pyquaticus/env-full/lib/python3.10/site-packages/pettingzoo/utils/wrappers/__init__.py
# code object from '/home/magnus-amann/Master_Project/mctf26/pyquaticus/env-full/lib/python3.10/site-packages/pettingzoo/utils/wrappers/__pycache__/__init__.cpython-310.pyc'
# /home/magnus-amann/Master_Project/mctf26/pyquaticus/env-full/lib/python3.10/site-packages/pettingzoo/utils/wrappers/__pycache__/assert_out_of_bounds.cpython-310.pyc matches /home/magnus-amann/Master_Project/mctf26/pyquaticus/env-full/lib/python3.10/site-packages/pettingzoo/utils/wrappers/assert_out_of_bounds.py
# code object from '/home/magnus-amann/Master_Project/mctf26/pyquaticus/env-full/lib/python3.10/site-packages/pettingzoo/utils/wrappers/__pycache__/assert_out_of_bounds.cpython-310.pyc'
# /home/magnus-amann/Master_Project/mctf26/pyquaticus/env-full/lib/python3.10/site-packages/pettingzoo/utils/wrappers/__pycache__/base.cpython-310.pyc matches /home/magnus-amann/Master_Project/mctf26/pyquaticus/env-full/lib/python3.10/site-packages/pettingzoo/utils/wrappers/base.py
# code object from '/home/magnus-amann/Master_Project/mctf26/pyquaticus/env-full/lib/python3.10/site-packages/pettingzoo/utils/wrappers/__pycache__/base.cpython-310.pyc'
import 'pettingzoo.utils.wrappers.base' # <_frozen_importlib_external.SourceFileLoader object at 0x7e6466556ce0>
import 'pettingzoo.utils.wrappers.assert_out_of_bounds' # <_frozen_importlib_external.SourceFileLoader object at 0x7e6466556a10>
# /home/magnus-amann/Master_Project/mctf26/pyquaticus/env-full/lib/python3.10/site-packages/pettingzoo/utils/wrappers/__pycache__/base_parallel.cpython-310.pyc matches /home/magnus-amann/Master_Project/mctf26/pyquaticus/env-full/lib/python3.10/site-packages/pettingzoo/utils/wrappers/base_parallel.py
# code object from '/home/magnus-amann/Master_Project/mctf26/pyquaticus/env-full/lib/python3.10/site-packages/pettingzoo/utils/wrappers/__pycache__/base_parallel.cpython-310.pyc'
import 'pettingzoo.utils.wrappers.base_parallel' # <_frozen_importlib_external.SourceFileLoader object at 0x7e6466557160>
# /home/magnus-amann/Master_Project/mctf26/pyquaticus/env-full/lib/python3.10/site-packages/pettingzoo/utils/wrappers/__pycache__/capture_stdout.cpython-310.pyc matches /home/magnus-amann/Master_Project/mctf26/pyquaticus/env-full/lib/python3.10/site-packages/pettingzoo/utils/wrappers/capture_stdout.py
# code object from '/home/magnus-amann/Master_Project/mctf26/pyquaticus/env-full/lib/python3.10/site-packages/pettingzoo/utils/wrappers/__pycache__/capture_stdout.cpython-310.pyc'
# /home/magnus-amann/Master_Project/mctf26/pyquaticus/env-full/lib/python3.10/site-packages/pettingzoo/utils/__pycache__/capture_stdout.cpython-310.pyc matches /home/magnus-amann/Master_Project/mctf26/pyquaticus/env-full/lib/python3.10/site-packages/pettingzoo/utils/capture_stdout.py
# code object from '/home/magnus-amann/Master_Project/mctf26/pyquaticus/env-full/lib/python3.10/site-packages/pettingzoo/utils/__pycache__/capture_stdout.cpython-310.pyc'
import 'pettingzoo.utils.capture_stdout' # <_frozen_importlib_external.SourceFileLoader object at 0x7e6466557850>
import 'pettingzoo.utils.wrappers.capture_stdout' # <_frozen_importlib_external.SourceFileLoader object at 0x7e6466557520>
# /home/magnus-amann/Master_Project/mctf26/pyquaticus/env-full/lib/python3.10/site-packages/pettingzoo/utils/wrappers/__pycache__/clip_out_of_bounds.cpython-310.pyc matches /home/magnus-amann/Master_Project/mctf26/pyquaticus/env-full/lib/python3.10/site-packages/pettingzoo/utils/wrappers/clip_out_of_bounds.py
# code object from '/home/magnus-amann/Master_Project/mctf26/pyquaticus/env-full/lib/python3.10/site-packages/pettingzoo/utils/wrappers/__pycache__/clip_out_of_bounds.cpython-310.pyc'
# /home/magnus-amann/Master_Project/mctf26/pyquaticus/env-full/lib/python3.10/site-packages/pettingzoo/utils/__pycache__/env_logger.cpython-310.pyc matches /home/magnus-amann/Master_Project/mctf26/pyquaticus/env-full/lib/python3.10/site-packages/pettingzoo/utils/env_logger.py
# code object from '/home/magnus-amann/Master_Project/mctf26/pyquaticus/env-full/lib/python3.10/site-packages/pettingzoo/utils/__pycache__/env_logger.cpython-310.pyc'
# /home/magnus-amann/Master_Project/mctf26/pyquaticus/env-full/lib/python3.10/logging/__pycache__/__init__.cpython-310.pyc matches /home/magnus-amann/Master_Project/mctf26/pyquaticus/env-full/lib/python3.10/logging/__init__.py
# code object from '/home/magnus-amann/Master_Project/mctf26/pyquaticus/env-full/lib/python3.10/logging/__pycache__/__init__.cpython-310.pyc'
import 'logging' # <_frozen_importlib_external.SourceFileLoader object at 0x7e64665903a0>
import 'pettingzoo.utils.env_logger' # <_frozen_importlib_external.SourceFileLoader object at 0x7e6466557d30>
import 'pettingzoo.utils.wrappers.clip_out_of_bounds' # <_frozen_importlib_external.SourceFileLoader object at 0x7e64665579d0>
# /home/magnus-amann/Master_Project/mctf26/pyquaticus/env-full/lib/python3.10/site-packages/pettingzoo/utils/wrappers/__pycache__/multi_episode_env.cpython-310.pyc matches /home/magnus-amann/Master_Project/mctf26/pyquaticus/env-full/lib/python3.10/site-packages/pettingzoo/utils/wrappers/multi_episode_env.py
# code object from '/home/magnus-amann/Master_Project/mctf26/pyquaticus/env-full/lib/python3.10/site-packages/pettingzoo/utils/wrappers/__pycache__/multi_episode_env.cpython-310.pyc'
import 'pettingzoo.utils.wrappers.multi_episode_env' # <_frozen_importlib_external.SourceFileLoader object at 0x7e64665928c0>
# /home/magnus-amann/Master_Project/mctf26/pyquaticus/env-full/lib/python3.10/site-packages/pettingzoo/utils/wrappers/__pycache__/multi_episode_parallel_env.cpython-310.pyc matches /home/magnus-amann/Master_Project/mctf26/pyquaticus/env-full/lib/python3.10/site-packages/pettingzoo/utils/wrappers/multi_episode_parallel_env.py
# code object from '/home/magnus-amann/Master_Project/mctf26/pyquaticus/env-full/lib/python3.10/site-packages/pettingzoo/utils/wrappers/__pycache__/multi_episode_parallel_env.cpython-310.pyc'
import 'pettingzoo.utils.wrappers.multi_episode_parallel_env' # <_frozen_importlib_external.SourceFileLoader object at 0x7e6466592980>
# /home/magnus-amann/Master_Project/mctf26/pyquaticus/env-full/lib/python3.10/site-packages/pettingzoo/utils/wrappers/__pycache__/order_enforcing.cpython-310.pyc matches /home/magnus-amann/Master_Project/mctf26/pyquaticus/env-full/lib/python3.10/site-packages/pettingzoo/utils/wrappers/order_enforcing.py
# code object from '/home/magnus-amann/Master_Project/mctf26/pyquaticus/env-full/lib/python3.10/site-packages/pettingzoo/utils/wrappers/__pycache__/order_enforcing.cpython-310.pyc'
import 'pettingzoo.utils.wrappers.order_enforcing' # <_frozen_importlib_external.SourceFileLoader object at 0x7e6466592d40>
# /home/magnus-amann/Master_Project/mctf26/pyquaticus/env-full/lib/python3.10/site-packages/pettingzoo/utils/wrappers/__pycache__/terminate_illegal.cpython-310.pyc matches /home/magnus-amann/Master_Project/mctf26/pyquaticus/env-full/lib/python3.10/site-packages/pettingzoo/utils/wrappers/terminate_illegal.py
# code object from '/home/magnus-amann/Master_Project/mctf26/pyquaticus/env-full/lib/python3.10/site-packages/pettingzoo/utils/wrappers/__pycache__/terminate_illegal.cpython-310.pyc'
import 'pettingzoo.utils.wrappers.terminate_illegal' # <_frozen_importlib_external.SourceFileLoader object at 0x7e6466593490>
import 'pettingzoo.utils.wrappers' # <_frozen_importlib_external.SourceFileLoader object at 0x7e6466556650>
import 'pettingzoo.utils.conversions' # <_frozen_importlib_external.SourceFileLoader object at 0x7e6473a43730>
# /home/magnus-amann/Master_Project/mctf26/pyquaticus/env-full/lib/python3.10/site-packages/pettingzoo/utils/__pycache__/random_demo.cpython-310.pyc matches /home/magnus-amann/Master_Project/mctf26/pyquaticus/env-full/lib/python3.10/site-packages/pettingzoo/utils/random_demo.py
# code object from '/home/magnus-amann/Master_Project/mctf26/pyquaticus/env-full/lib/python3.10/site-packages/pettingzoo/utils/__pycache__/random_demo.cpython-310.pyc'
import 'pettingzoo.utils.random_demo' # <_frozen_importlib_external.SourceFileLoader object at 0x7e6466593760>
# /home/magnus-amann/Master_Project/mctf26/pyquaticus/env-full/lib/python3.10/site-packages/pettingzoo/utils/__pycache__/save_observation.cpython-310.pyc matches /home/magnus-amann/Master_Project/mctf26/pyquaticus/env-full/lib/python3.10/site-packages/pettingzoo/utils/save_observation.py
# code object from '/home/magnus-amann/Master_Project/mctf26/pyquaticus/env-full/lib/python3.10/site-packages/pettingzoo/utils/__pycache__/save_observation.cpython-310.pyc'
import 'pettingzoo.utils.save_observation' # <_frozen_importlib_external.SourceFileLoader object at 0x7e6466593820>
import 'pettingzoo.utils' # <_frozen_importlib_external.SourceFileLoader object at 0x7e6473a434c0>
import 'pettingzoo' # <_frozen_importlib_external.SourceFileLoader object at 0x7e6473a43370>
# /home/magnus-amann/Master_Project/mctf26/pyquaticus/env-full/lib/python3.10/site-packages/pettingzoo/utils/__pycache__/deprecated_module.cpython-310.pyc matches /home/magnus-amann/Master_Project/mctf26/pyquaticus/env-full/lib/python3.10/site-packages/pettingzoo/utils/deprecated_module.py
# code object from '/home/magnus-amann/Master_Project/mctf26/pyquaticus/env-full/lib/python3.10/site-packages/pettingzoo/utils/__pycache__/deprecated_module.cpython-310.pyc'
# /home/magnus-amann/Master_Project/mctf26/pyquaticus/env-full/lib/python3.10/__pycache__/pkgutil.cpython-310.pyc matches /home/magnus-amann/Master_Project/mctf26/pyquaticus/env-full/lib/python3.10/pkgutil.py
# code object from '/home/magnus-amann/Master_Project/mctf26/pyquaticus/env-full/lib/python3.10/__pycache__/pkgutil.cpython-310.pyc'
import 'pkgutil' # <_frozen_importlib_external.SourceFileLoader object at 0x7e64665938e0>
import 'pettingzoo.utils.deprecated_module' # <_frozen_importlib_external.SourceFileLoader object at 0x7e6473a42fb0>
import 'pyquaticus' # <_frozen_importlib_external.SourceFileLoader object at 0x7e6473a43160>
# /home/magnus-amann/Master_Project/mctf26/pyquaticus/pyquaticus/__pycache__/pyquaticus_v0.cpython-310.pyc matches /home/magnus-amann/Master_Project/mctf26/pyquaticus/pyquaticus/pyquaticus_v0.py
# code object from '/home/magnus-amann/Master_Project/mctf26/pyquaticus/pyquaticus/__pycache__/pyquaticus_v0.cpython-310.pyc'
# /home/magnus-amann/Master_Project/mctf26/pyquaticus/pyquaticus/envs/__pycache__/__init__.cpython-310.pyc matches /home/magnus-amann/Master_Project/mctf26/pyquaticus/pyquaticus/envs/__init__.py
# code object from '/home/magnus-amann/Master_Project/mctf26/pyquaticus/pyquaticus/envs/__pycache__/__init__.cpython-310.pyc'
import 'pyquaticus.envs' # <_frozen_importlib_external.SourceFileLoader object at 0x7e64665d0130>
# /home/magnus-amann/Master_Project/mctf26/pyquaticus/pyquaticus/envs/__pycache__/pyquaticus.cpython-310.pyc matches /home/magnus-amann/Master_Project/mctf26/pyquaticus/pyquaticus/envs/pyquaticus.py
# code object from '/home/magnus-amann/Master_Project/mctf26/pyquaticus/pyquaticus/envs/__pycache__/pyquaticus.cpython-310.pyc'
# /home/magnus-amann/Master_Project/mctf26/pyquaticus/env-full/lib/python3.10/__pycache__/colorsys.cpython-310.pyc matches /home/magnus-amann/Master_Project/mctf26/pyquaticus/env-full/lib/python3.10/colorsys.py
# code object from '/home/magnus-amann/Master_Project/mctf26/pyquaticus/env-full/lib/python3.10/__pycache__/colorsys.cpython-310.pyc'
import 'colorsys' # <_frozen_importlib_external.SourceFileLoader object at 0x7e64665d1810>
# /home/magnus-amann/Master_Project/mctf26/pyquaticus/env-full/lib/python3.10/site-packages/cv2/__pycache__/__init__.cpython-310.pyc matches /home/magnus-amann/Master_Project/mctf26/pyquaticus/env-full/lib/python3.10/site-packages/cv2/__init__.py
# code object from '/home/magnus-amann/Master_Project/mctf26/pyquaticus/env-full/lib/python3.10/site-packages/cv2/__pycache__/__init__.cpython-310.pyc'
# /home/magnus-amann/Master_Project/mctf26/pyquaticus/env-full/lib/python3.10/site-packages/cv2/__pycache__/load_config_py3.cpython-310.pyc matches /home/magnus-amann/Master_Project/mctf26/pyquaticus/env-full/lib/python3.10/site-packages/cv2/load_config_py3.py
# code object from '/home/magnus-amann/Master_Project/mctf26/pyquaticus/env-full/lib/python3.10/site-packages/cv2/__pycache__/load_config_py3.cpython-310.pyc'
import 'cv2.load_config_py3' # <_frozen_importlib_external.SourceFileLoader object at 0x7e64665d1ed0>
# /home/magnus-amann/Master_Project/mctf26/pyquaticus/env-full/lib/python3.10/site-packages/cv2/__pycache__/version.cpython-310.pyc matches /home/magnus-amann/Master_Project/mctf26/pyquaticus/env-full/lib/python3.10/site-packages/cv2/version.py
# code object from '/home/magnus-amann/Master_Project/mctf26/pyquaticus/env-full/lib/python3.10/site-packages/cv2/__pycache__/version.cpython-310.pyc'
import 'cv2.version' # <_frozen_importlib_external.SourceFileLoader object at 0x7e64665d1f30>
# /home/magnus-amann/Master_Project/mctf26/pyquaticus/env-full/lib/python3.10/site-packages/numpy/_core/__pycache__/__init__.cpython-310.pyc matches /home/magnus-amann/Master_Project/mctf26/pyquaticus/env-full/lib/python3.10/site-packages/numpy/_core/__init__.py
# code object from '/home/magnus-amann/Master_Project/mctf26/pyquaticus/env-full/lib/python3.10/site-packages/numpy/_core/__pycache__/__init__.cpython-310.pyc'
import 'numpy._core' # <_frozen_importlib_external.SourceFileLoader object at 0x7e64665d2e30>
# /home/magnus-amann/Master_Project/mctf26/pyquaticus/env-full/lib/python3.10/site-packages/numpy/_core/__pycache__/_multiarray_umath.cpython-310.pyc matches /home/magnus-amann/Master_Project/mctf26/pyquaticus/env-full/lib/python3.10/site-packages/numpy/_core/_multiarray_umath.py
# code object from '/home/magnus-amann/Master_Project/mctf26/pyquaticus/env-full/lib/python3.10/site-packages/numpy/_core/__pycache__/_multiarray_umath.cpython-310.pyc'
import 'numpy._core._multiarray_umath' # <_frozen_importlib_external.SourceFileLoader object at 0x7e64665d3af0>
# extension module 'cv2' loaded from '/home/magnus-amann/Master_Project/mctf26/pyquaticus/env-full/lib/python3.10/site-packages/cv2/cv2.abi3.so'
# extension module 'cv2' executed from '/home/magnus-amann/Master_Project/mctf26/pyquaticus/env-full/lib/python3.10/site-packages/cv2/cv2.abi3.so'
import 'cv2' # <_frozen_importlib_external.ExtensionFileLoader object at 0x7e64665d20e0>
# /home/magnus-amann/Master_Project/mctf26/pyquaticus/env-full/lib/python3.10/site-packages/cv2/gapi/__pycache__/__init__.cpython-310.pyc matches /home/magnus-amann/Master_Project/mctf26/pyquaticus/env-full/lib/python3.10/site-packages/cv2/gapi/__init__.py
# code object from '/home/magnus-amann/Master_Project/mctf26/pyquaticus/env-full/lib/python3.10/site-packages/cv2/gapi/__pycache__/__init__.cpython-310.pyc'
import 'cv2.gapi' # <_frozen_importlib_external.SourceFileLoader object at 0x7e6465d91c30>
# possible namespace for /home/magnus-amann/Master_Project/mctf26/pyquaticus/env-full/lib/python3.10/site-packages/cv2/ml
import 'cv2.ml' # <_frozen_importlib_external._NamespaceLoader object at 0x7e6465d91f60>
# possible namespace for /home/magnus-amann/Master_Project/mctf26/pyquaticus/env-full/lib/python3.10/site-packages/cv2/barcode
import 'cv2.barcode' # <_frozen_importlib_external._NamespaceLoader object at 0x7e6465d92cb0>
# possible namespace for /home/magnus-amann/Master_Project/mctf26/pyquaticus/env-full/lib/python3.10/site-packages/cv2/ipp
import 'cv2.ipp' # <_frozen_importlib_external._NamespaceLoader object at 0x7e6465d92dd0>
# possible namespace for /home/magnus-amann/Master_Project/mctf26/pyquaticus/env-full/lib/python3.10/site-packages/cv2/videoio_registry
import 'cv2.videoio_registry' # <_frozen_importlib_external._NamespaceLoader object at 0x7e6465d92ef0>
# /home/magnus-amann/Master_Project/mctf26/pyquaticus/env-full/lib/python3.10/site-packages/cv2/data/__pycache__/__init__.cpython-310.pyc matches /home/magnus-amann/Master_Project/mctf26/pyquaticus/env-full/lib/python3.10/site-packages/cv2/data/__init__.py
# code object from '/home/magnus-amann/Master_Project/mctf26/pyquaticus/env-full/lib/python3.10/site-packages/cv2/data/__pycache__/__init__.cpython-310.pyc'
import 'cv2.data' # <_frozen_importlib_external.SourceFileLoader object at 0x7e6465d93160>
# possible namespace for /home/magnus-amann/Master_Project/mctf26/pyquaticus/env-full/lib/python3.10/site-packages/cv2/samples
import 'cv2.samples' # <_frozen_importlib_external._NamespaceLoader object at 0x7e6465d93130>
# possible namespace for /home/magnus-amann/Master_Project/mctf26/pyquaticus/env-full/lib/python3.10/site-packages/cv2/ogl
import 'cv2.ogl' # <_frozen_importlib_external._NamespaceLoader object at 0x7e6465d931c0>
# /home/magnus-amann/Master_Project/mctf26/pyquaticus/env-full/lib/python3.10/site-packages/cv2/typing/__pycache__/__init__.cpython-310.pyc matches /home/magnus-amann/Master_Project/mctf26/pyquaticus/env-full/lib/python3.10/site-packages/cv2/typing/__init__.py
# code object from '/home/magnus-amann/Master_Project/mctf26/pyquaticus/env-full/lib/python3.10/site-packages/cv2/typing/__pycache__/__init__.cpython-310.pyc'
# /home/magnus-amann/Master_Project/mctf26/pyquaticus/env-full/lib/python3.10/site-packages/cv2/mat_wrapper/__pycache__/__init__.cpython-310.pyc matches /home/magnus-amann/Master_Project/mctf26/pyquaticus/env-full/lib/python3.10/site-packages/cv2/mat_wrapper/__init__.py
# code object from '/home/magnus-amann/Master_Project/mctf26/pyquaticus/env-full/lib/python3.10/site-packages/cv2/mat_wrapper/__pycache__/__init__.cpython-310.pyc'
import 'cv2.mat_wrapper' # <_frozen_importlib_external.SourceFileLoader object at 0x7e6465d93550>
import 'cv2.typing' # <_frozen_importlib_external.SourceFileLoader object at 0x7e6465d93430>
# /home/magnus-amann/Master_Project/mctf26/pyquaticus/env-full/lib/python3.10/site-packages/cv2/utils/__pycache__/__init__.cpython-310.pyc matches /home/magnus-amann/Master_Project/mctf26/pyquaticus/env-full/lib/python3.10/site-packages/cv2/utils/__init__.py
# code object from '/home/magnus-amann/Master_Project/mctf26/pyquaticus/env-full/lib/python3.10/site-packages/cv2/utils/__pycache__/__init__.cpython-310.pyc'
import 'cv2.utils' # <_frozen_importlib_external.SourceFileLoader object at 0x7e6465d93c70>
# possible namespace for /home/magnus-amann/Master_Project/mctf26/pyquaticus/env-full/lib/python3.10/site-packages/cv2/cuda
import 'cv2.cuda' # <_frozen_importlib_external._NamespaceLoader object at 0x7e6465d93e80>
# possible namespace for /home/magnus-amann/Master_Project/mctf26/pyquaticus/env-full/lib/python3.10/site-packages/cv2/segmentation
import 'cv2.segmentation' # <_frozen_importlib_external._NamespaceLoader object at 0x7e6465dd4250>
# possible namespace for /home/magnus-amann/Master_Project/mctf26/pyquaticus/env-full/lib/python3.10/site-packages/cv2/detail
import 'cv2.detail' # <_frozen_importlib_external._NamespaceLoader object at 0x7e6465dd4460>
# possible namespace for /home/magnus-amann/Master_Project/mctf26/pyquaticus/env-full/lib/python3.10/site-packages/cv2/fisheye
import 'cv2.fisheye' # <_frozen_importlib_external._NamespaceLoader object at 0x7e6465dd4340>
# possible namespace for /home/magnus-amann/Master_Project/mctf26/pyquaticus/env-full/lib/python3.10/site-packages/cv2/flann
import 'cv2.flann' # <_frozen_importlib_external._NamespaceLoader object at 0x7e6465dd4190>
# /home/magnus-amann/Master_Project/mctf26/pyquaticus/env-full/lib/python3.10/site-packages/cv2/misc/__pycache__/__init__.cpython-310.pyc matches /home/magnus-amann/Master_Project/mctf26/pyquaticus/env-full/lib/python3.10/site-packages/cv2/misc/__init__.py
# code object from '/home/magnus-amann/Master_Project/mctf26/pyquaticus/env-full/lib/python3.10/site-packages/cv2/misc/__pycache__/__init__.cpython-310.pyc'
# /home/magnus-amann/Master_Project/mctf26/pyquaticus/env-full/lib/python3.10/site-packages/cv2/misc/__pycache__/version.cpython-310.pyc matches /home/magnus-amann/Master_Project/mctf26/pyquaticus/env-full/lib/python3.10/site-packages/cv2/misc/version.py
# code object from '/home/magnus-amann/Master_Project/mctf26/pyquaticus/env-full/lib/python3.10/site-packages/cv2/misc/__pycache__/version.cpython-310.pyc'
import 'cv2.misc.version' # <_frozen_importlib_external.SourceFileLoader object at 0x7e6465dd48e0>
import 'cv2.misc' # <_frozen_importlib_external.SourceFileLoader object at 0x7e6465dd46a0>
# possible namespace for /home/magnus-amann/Master_Project/mctf26/pyquaticus/env-full/lib/python3.10/site-packages/cv2/ocl
import 'cv2.ocl' # <_frozen_importlib_external._NamespaceLoader object at 0x7e6465dd4670>
# possible namespace for /home/magnus-amann/Master_Project/mctf26/pyquaticus/env-full/lib/python3.10/site-packages/cv2/aruco
import 'cv2.aruco' # <_frozen_importlib_external._NamespaceLoader object at 0x7e6465dd46d0>
# possible namespace for /home/magnus-amann/Master_Project/mctf26/pyquaticus/env-full/lib/python3.10/site-packages/cv2/parallel
import 'cv2.parallel' # <_frozen_importlib_external._NamespaceLoader object at 0x7e6465dd49a0>
# possible namespace for /home/magnus-amann/Master_Project/mctf26/pyquaticus/env-full/lib/python3.10/site-packages/cv2/dnn
import 'cv2.dnn' # <_frozen_importlib_external._NamespaceLoader object at 0x7e6465dd4a90>
# possible namespace for /home/magnus-amann/Master_Project/mctf26/pyquaticus/env-full/lib/python3.10/site-packages/cv2/Error
import 'cv2.Error' # <_frozen_importlib_external._NamespaceLoader object at 0x7e6465dd4bb0>
# /home/magnus-amann/Master_Project/mctf26/pyquaticus/env-full/lib/python3.10/site-packages/cv2/mat_wrapper/__pycache__/__init__.cpython-310.pyc matches /home/magnus-amann/Master_Project/mctf26/pyquaticus/env-full/lib/python3.10/site-packages/cv2/mat_wrapper/__init__.py
# code object from '/home/magnus-amann/Master_Project/mctf26/pyquaticus/env-full/lib/python3.10/site-packages/cv2/mat_wrapper/__pycache__/__init__.cpython-310.pyc'
import 'cv2.mat_wrapper' # <_frozen_importlib_external.SourceFileLoader object at 0x7e6465dd4e20>
import 'cv2' # <_frozen_importlib_external.SourceFileLoader object at 0x7e64665d1990>
# /home/magnus-amann/Master_Project/mctf26/pyquaticus/env-full/lib/python3.10/site-packages/pygame/__pycache__/__init__.cpython-310.pyc matches /home/magnus-amann/Master_Project/mctf26/pyquaticus/env-full/lib/python3.10/site-packages/pygame/__init__.py
# code object from '/home/magnus-amann/Master_Project/mctf26/pyquaticus/env-full/lib/python3.10/site-packages/pygame/__pycache__/__init__.cpython-310.pyc'
# extension module 'pygame.base' loaded from '/home/magnus-amann/Master_Project/mctf26/pyquaticus/env-full/lib/python3.10/site-packages/pygame/base.cpython-310-x86_64-linux-gnu.so'
# extension module 'pygame.base' executed from '/home/magnus-amann/Master_Project/mctf26/pyquaticus/env-full/lib/python3.10/site-packages/pygame/base.cpython-310-x86_64-linux-gnu.so'
import 'pygame.base' # <_frozen_importlib_external.ExtensionFileLoader object at 0x7e6465dd5510>
# extension module 'pygame.constants' loaded from '/home/magnus-amann/Master_Project/mctf26/pyquaticus/env-full/lib/python3.10/site-packages/pygame/constants.cpython-310-x86_64-linux-gnu.so'
# extension module 'pygame.constants' executed from '/home/magnus-amann/Master_Project/mctf26/pyquaticus/env-full/lib/python3.10/site-packages/pygame/constants.cpython-310-x86_64-linux-gnu.so'
import 'pygame.constants' # <_frozen_importlib_external.ExtensionFileLoader object at 0x7e6465dd5600>
# /home/magnus-amann/Master_Project/mctf26/pyquaticus/env-full/lib/python3.10/site-packages/pygame/__pycache__/version.cpython-310.pyc matches /home/magnus-amann/Master_Project/mctf26/pyquaticus/env-full/lib/python3.10/site-packages/pygame/version.py
# code object from '/home/magnus-amann/Master_Project/mctf26/pyquaticus/env-full/lib/python3.10/site-packages/pygame/__pycache__/version.cpython-310.pyc'
import 'pygame.version' # <_frozen_importlib_external.SourceFileLoader object at 0x7e6465dd5690>
# extension module 'pygame.rect' loaded from '/home/magnus-amann/Master_Project/mctf26/pyquaticus/env-full/lib/python3.10/site-packages/pygame/rect.cpython-310-x86_64-linux-gnu.so'
# extension module 'pygame.rect' executed from '/home/magnus-amann/Master_Project/mctf26/pyquaticus/env-full/lib/python3.10/site-packages/pygame/rect.cpython-310-x86_64-linux-gnu.so'
import 'pygame.rect' # <_frozen_importlib_external.ExtensionFileLoader object at 0x7e6465dd5960>
# extension module 'pygame.rwobject' loaded from '/home/magnus-amann/Master_Project/mctf26/pyquaticus/env-full/lib/python3.10/site-packages/pygame/rwobject.cpython-310-x86_64-linux-gnu.so'
# extension module 'pygame.rwobject' executed from '/home/magnus-amann/Master_Project/mctf26/pyquaticus/env-full/lib/python3.10/site-packages/pygame/rwobject.cpython-310-x86_64-linux-gnu.so'
import 'pygame.rwobject' # <_frozen_importlib_external.ExtensionFileLoader object at 0x7e6465dd5a50>
# extension module 'pygame.surflock' loaded from '/home/magnus-amann/Master_Project/mctf26/pyquaticus/env-full/lib/python3.10/site-packages/pygame/surflock.cpython-310-x86_64-linux-gnu.so'
# extension module 'pygame.surflock' executed from '/home/magnus-amann/Master_Project/mctf26/pyquaticus/env-full/lib/python3.10/site-packages/pygame/surflock.cpython-310-x86_64-linux-gnu.so'
import 'pygame.surflock' # <_frozen_importlib_external.ExtensionFileLoader object at 0x7e6465dd5b10>
# /home/magnus-amann/Master_Project/mctf26/pyquaticus/env-full/lib/python3.10/site-packages/pygame/__pycache__/colordict.cpython-310.pyc matches /home/magnus-amann/Master_Project/mctf26/pyquaticus/env-full/lib/python3.10/site-packages/pygame/colordict.py
# code object from '/home/magnus-amann/Master_Project/mctf26/pyquaticus/env-full/lib/python3.10/site-packages/pygame/__pycache__/colordict.cpython-310.pyc'
import 'pygame.colordict' # <_frozen_importlib_external.SourceFileLoader object at 0x7e6465dd5d80>
# extension module 'pygame.color' loaded from '/home/magnus-amann/Master_Project/mctf26/pyquaticus/env-full/lib/python3.10/site-packages/pygame/color.cpython-310-x86_64-linux-gnu.so'
# extension module 'pygame.color' executed from '/home/magnus-amann/Master_Project/mctf26/pyquaticus/env-full/lib/python3.10/site-packages/pygame/color.cpython-310-x86_64-linux-gnu.so'
import 'pygame.color' # <_frozen_importlib_external.ExtensionFileLoader object at 0x7e6465dd5c00>
# extension module 'pygame.bufferproxy' loaded from '/home/magnus-amann/Master_Project/mctf26/pyquaticus/env-full/lib/python3.10/site-packages/pygame/bufferproxy.cpython-310-x86_64-linux-gnu.so'
# extension module 'pygame.bufferproxy' executed from '/home/magnus-amann/Master_Project/mctf26/pyquaticus/env-full/lib/python3.10/site-packages/pygame/bufferproxy.cpython-310-x86_64-linux-gnu.so'
import 'pygame.bufferproxy' # <_frozen_importlib_external.ExtensionFileLoader object at 0x7e6465dd5db0>
# extension module 'pygame.math' loaded from '/home/magnus-amann/Master_Project/mctf26/pyquaticus/env-full/lib/python3.10/site-packages/pygame/math.cpython-310-x86_64-linux-gnu.so'
# extension module 'pygame.math' executed from '/home/magnus-amann/Master_Project/mctf26/pyquaticus/env-full/lib/python3.10/site-packages/pygame/math.cpython-310-x86_64-linux-gnu.so'
import 'pygame.math' # <_frozen_importlib_external.ExtensionFileLoader object at 0x7e6465dd5e70>
# extension module 'pygame.surface' loaded from '/home/magnus-amann/Master_Project/mctf26/pyquaticus/env-full/lib/python3.10/site-packages/pygame/surface.cpython-310-x86_64-linux-gnu.so'
# extension module 'pygame.surface' executed from '/home/magnus-amann/Master_Project/mctf26/pyquaticus/env-full/lib/python3.10/site-packages/pygame/surface.cpython-310-x86_64-linux-gnu.so'
import 'pygame.surface' # <_frozen_importlib_external.ExtensionFileLoader object at 0x7e6465dd6200>
# extension module 'pygame.display' loaded from '/home/magnus-amann/Master_Project/mctf26/pyquaticus/env-full/lib/python3.10/site-packages/pygame/display.cpython-310-x86_64-linux-gnu.so'
# extension module 'pygame.display' executed from '/home/magnus-amann/Master_Project/mctf26/pyquaticus/env-full/lib/python3.10/site-packages/pygame/display.cpython-310-x86_64-linux-gnu.so'
import 'pygame.display' # <_frozen_importlib_external.ExtensionFileLoader object at 0x7e6465dd6080>
# extension module 'pygame.draw' loaded from '/home/magnus-amann/Master_Project/mctf26/pyquaticus/env-full/lib/python3.10/site-packages/pygame/draw.cpython-310-x86_64-linux-gnu.so'
# extension module 'pygame.draw' executed from '/home/magnus-amann/Master_Project/mctf26/pyquaticus/env-full/lib/python3.10/site-packages/pygame/draw.cpython-310-x86_64-linux-gnu.so'
import 'pygame.draw' # <_frozen_importlib_external.ExtensionFileLoader object at 0x7e6465dd6260>
# extension module 'pygame.event' loaded from '/home/magnus-amann/Master_Project/mctf26/pyquaticus/env-full/lib/python3.10/site-packages/pygame/event.cpython-310-x86_64-linux-gnu.so'
# extension module 'pygame.event' executed from '/home/magnus-amann/Master_Project/mctf26/pyquaticus/env-full/lib/python3.10/site-packages/pygame/event.cpython-310-x86_64-linux-gnu.so'
import 'pygame.event' # <_frozen_importlib_external.ExtensionFileLoader object at 0x7e6465dd62f0>
# extension module 'pygame.imageext' loaded from '/home/magnus-amann/Master_Project/mctf26/pyquaticus/env-full/lib/python3.10/site-packages/pygame/imageext.cpython-310-x86_64-linux-gnu.so'
# extension module 'pygame.imageext' executed from '/home/magnus-amann/Master_Project/mctf26/pyquaticus/env-full/lib/python3.10/site-packages/pygame/imageext.cpython-310-x86_64-linux-gnu.so'
import 'pygame.imageext' # <_frozen_importlib_external.ExtensionFileLoader object at 0x7e6465dd6530>
# extension module 'pygame.image' loaded from '/home/magnus-amann/Master_Project/mctf26/pyquaticus/env-full/lib/python3.10/site-packages/pygame/image.cpython-310-x86_64-linux-gnu.so'
# extension module 'pygame.image' executed from '/home/magnus-amann/Master_Project/mctf26/pyquaticus/env-full/lib/python3.10/site-packages/pygame/image.cpython-310-x86_64-linux-gnu.so'
import 'pygame.image' # <_frozen_importlib_external.ExtensionFileLoader object at 0x7e6465dd63b0>
# extension module 'pygame.joystick' loaded from '/home/magnus-amann/Master_Project/mctf26/pyquaticus/env-full/lib/python3.10/site-packages/pygame/joystick.cpython-310-x86_64-linux-gnu.so'
# extension module 'pygame.joystick' executed from '/home/magnus-amann/Master_Project/mctf26/pyquaticus/env-full/lib/python3.10/site-packages/pygame/joystick.cpython-310-x86_64-linux-gnu.so'
import 'pygame.joystick' # <_frozen_importlib_external.ExtensionFileLoader object at 0x7e6465dd64d0>
# extension module 'pygame.key' loaded from '/home/magnus-amann/Master_Project/mctf26/pyquaticus/env-full/lib/python3.10/site-packages/pygame/key.cpython-310-x86_64-linux-gnu.so'
# extension module 'pygame.key' executed from '/home/magnus-amann/Master_Project/mctf26/pyquaticus/env-full/lib/python3.10/site-packages/pygame/key.cpython-310-x86_64-linux-gnu.so'
import 'pygame.key' # <_frozen_importlib_external.ExtensionFileLoader object at 0x7e6465dd65f0>
# extension module 'pygame.mouse' loaded from '/home/magnus-amann/Master_Project/mctf26/pyquaticus/env-full/lib/python3.10/site-packages/pygame/mouse.cpython-310-x86_64-linux-gnu.so'
# extension module 'pygame.mouse' executed from '/home/magnus-amann/Master_Project/mctf26/pyquaticus/env-full/lib/python3.10/site-packages/pygame/mouse.cpython-310-x86_64-linux-gnu.so'
import 'pygame.mouse' # <_frozen_importlib_external.ExtensionFileLoader object at 0x7e6465dd6680>
# /home/magnus-amann/Master_Project/mctf26/pyquaticus/env-full/lib/python3.10/site-packages/pygame/__pycache__/cursors.cpython-310.pyc matches /home/magnus-amann/Master_Project/mctf26/pyquaticus/env-full/lib/python3.10/site-packages/pygame/cursors.py
# code object from '/home/magnus-amann/Master_Project/mctf26/pyquaticus/env-full/lib/python3.10/site-packages/pygame/__pycache__/cursors.cpython-310.pyc'
import 'pygame.cursors' # <_frozen_importlib_external.SourceFileLoader object at 0x7e6465dd6710>
# /home/magnus-amann/Master_Project/mctf26/pyquaticus/env-full/lib/python3.10/site-packages/pygame/__pycache__/sprite.cpython-310.pyc matches /home/magnus-amann/Master_Project/mctf26/pyquaticus/env-full/lib/python3.10/site-packages/pygame/sprite.py
# code object from '/home/magnus-amann/Master_Project/mctf26/pyquaticus/env-full/lib/python3.10/site-packages/pygame/__pycache__/sprite.cpython-310.pyc'
# extension module 'pygame.time' loaded from '/home/magnus-amann/Master_Project/mctf26/pyquaticus/env-full/lib/python3.10/site-packages/pygame/time.cpython-310-x86_64-linux-gnu.so'
# extension module 'pygame.time' executed from '/home/magnus-amann/Master_Project/mctf26/pyquaticus/env-full/lib/python3.10/site-packages/pygame/time.cpython-310-x86_64-linux-gnu.so'
import 'pygame.time' # <_frozen_importlib_external.ExtensionFileLoader object at 0x7e64607348b0>
# extension module 'pygame.mask' loaded from '/home/magnus-amann/Master_Project/mctf26/pyquaticus/env-full/lib/python3.10/site-packages/pygame/mask.cpython-310-x86_64-linux-gnu.so'
# extension module 'pygame.mask' executed from '/home/magnus-amann/Master_Project/mctf26/pyquaticus/env-full/lib/python3.10/site-packages/pygame/mask.cpython-310-x86_64-linux-gnu.so'
import 'pygame.mask' # <_frozen_importlib_external.ExtensionFileLoader object at 0x7e64607349a0>
import 'pygame.sprite' # <_frozen_importlib_external.SourceFileLoader object at 0x7e6465dd6e60>
# /home/magnus-amann/Master_Project/mctf26/pyquaticus/env-full/lib/python3.10/site-packages/pygame/threads/__pycache__/__init__.cpython-310.pyc matches /home/magnus-amann/Master_Project/mctf26/pyquaticus/env-full/lib/python3.10/site-packages/pygame/threads/__init__.py
# code object from '/home/magnus-amann/Master_Project/mctf26/pyquaticus/env-full/lib/python3.10/site-packages/pygame/threads/__pycache__/__init__.cpython-310.pyc'
# /home/magnus-amann/Master_Project/mctf26/pyquaticus/env-full/lib/python3.10/__pycache__/queue.cpython-310.pyc matches /home/magnus-amann/Master_Project/mctf26/pyquaticus/env-full/lib/python3.10/queue.py
# code object from '/home/magnus-amann/Master_Project/mctf26/pyquaticus/env-full/lib/python3.10/__pycache__/queue.cpython-310.pyc'
# extension module '_queue' loaded from '/home/magnus-amann/Master_Project/mctf26/pyquaticus/env-full/lib/python3.10/lib-dynload/_queue.cpython-310-x86_64-linux-gnu.so'
# extension module '_queue' executed from '/home/magnus-amann/Master_Project/mctf26/pyquaticus/env-full/lib/python3.10/lib-dynload/_queue.cpython-310-x86_64-linux-gnu.so'
import '_queue' # <_frozen_importlib_external.ExtensionFileLoader object at 0x7e6460735960>
import 'queue' # <_frozen_importlib_external.SourceFileLoader object at 0x7e6460735120>
import 'pygame.threads' # <_frozen_importlib_external.SourceFileLoader object at 0x7e6465dd7a60>
# extension module 'pygame.pixelcopy' loaded from '/home/magnus-amann/Master_Project/mctf26/pyquaticus/env-full/lib/python3.10/site-packages/pygame/pixelcopy.cpython-310-x86_64-linux-gnu.so'
# extension module 'pygame.pixelcopy' executed from '/home/magnus-amann/Master_Project/mctf26/pyquaticus/env-full/lib/python3.10/site-packages/pygame/pixelcopy.cpython-310-x86_64-linux-gnu.so'
import 'pygame.pixelcopy' # <_frozen_importlib_external.ExtensionFileLoader object at 0x7e64607355a0>
# extension module 'pygame.pixelarray' loaded from '/home/magnus-amann/Master_Project/mctf26/pyquaticus/env-full/lib/python3.10/site-packages/pygame/pixelarray.cpython-310-x86_64-linux-gnu.so'
# extension module 'pygame.pixelarray' executed from '/home/magnus-amann/Master_Project/mctf26/pyquaticus/env-full/lib/python3.10/site-packages/pygame/pixelarray.cpython-310-x86_64-linux-gnu.so'
import 'pygame.pixelarray' # <_frozen_importlib_external.ExtensionFileLoader object at 0x7e6460735a20>
# extension module 'pygame.transform' loaded from '/home/magnus-amann/Master_Project/mctf26/pyquaticus/env-full/lib/python3.10/site-packages/pygame/transform.cpython-310-x86_64-linux-gnu.so'
# extension module 'pygame.transform' executed from '/home/magnus-amann/Master_Project/mctf26/pyquaticus/env-full/lib/python3.10/site-packages/pygame/transform.cpython-310-x86_64-linux-gnu.so'
import 'pygame.transform' # <_frozen_importlib_external.ExtensionFileLoader object at 0x7e6460735ae0>
# extension module 'pygame.font' loaded from '/home/magnus-amann/Master_Project/mctf26/pyquaticus/env-full/lib/python3.10/site-packages/pygame/font.cpython-310-x86_64-linux-gnu.so'
# extension module 'pygame.font' executed from '/home/magnus-amann/Master_Project/mctf26/pyquaticus/env-full/lib/python3.10/site-packages/pygame/font.cpython-310-x86_64-linux-gnu.so'
import 'pygame.font' # <_frozen_importlib_external.ExtensionFileLoader object at 0x7e6460735ba0>
# /home/magnus-amann/Master_Project/mctf26/pyquaticus/env-full/lib/python3.10/site-packages/pygame/__pycache__/sysfont.cpython-310.pyc matches /home/magnus-amann/Master_Project/mctf26/pyquaticus/env-full/lib/python3.10/site-packages/pygame/sysfont.py
# code object from '/home/magnus-amann/Master_Project/mctf26/pyquaticus/env-full/lib/python3.10/site-packages/pygame/__pycache__/sysfont.cpython-310.pyc'
import 'pygame.sysfont' # <_frozen_importlib_external.SourceFileLoader object at 0x7e6460735c60>
# extension module 'pygame.mixer_music' loaded from '/home/magnus-amann/Master_Project/mctf26/pyquaticus/env-full/lib/python3.10/site-packages/pygame/mixer_music.cpython-310-x86_64-linux-gnu.so'
# extension module 'pygame.mixer_music' executed from '/home/magnus-amann/Master_Project/mctf26/pyquaticus/env-full/lib/python3.10/site-packages/pygame/mixer_music.cpython-310-x86_64-linux-gnu.so'
import 'pygame.mixer_music' # <_frozen_importlib_external.ExtensionFileLoader object at 0x7e6460735fc0>
# extension module 'pygame.mixer' loaded from '/home/magnus-amann/Master_Project/mctf26/pyquaticus/env-full/lib/python3.10/site-packages/pygame/mixer.cpython-310-x86_64-linux-gnu.so'
# extension module 'pygame.mixer' executed from '/home/magnus-amann/Master_Project/mctf26/pyquaticus/env-full/lib/python3.10/site-packages/pygame/mixer.cpython-310-x86_64-linux-gnu.so'
import 'pygame.mixer' # <_frozen_importlib_external.ExtensionFileLoader object at 0x7e64607360b0>
# extension module 'pygame.scrap' loaded from '/home/magnus-amann/Master_Project/mctf26/pyquaticus/env-full/lib/python3.10/site-packages/pygame/scrap.cpython-310-x86_64-linux-gnu.so'
# extension module 'pygame.scrap' executed from '/home/magnus-amann/Master_Project/mctf26/pyquaticus/env-full/lib/python3.10/site-packages/pygame/scrap.cpython-310-x86_64-linux-gnu.so'
import 'pygame.scrap' # <_frozen_importlib_external.ExtensionFileLoader object at 0x7e64607361a0>
# /home/magnus-amann/Master_Project/mctf26/pyquaticus/env-full/lib/python3.10/site-packages/pygame/__pycache__/surfarray.cpython-310.pyc matches /home/magnus-amann/Master_Project/mctf26/pyquaticus/env-full/lib/python3.10/site-packages/pygame/surfarray.py
# code object from '/home/magnus-amann/Master_Project/mctf26/pyquaticus/env-full/lib/python3.10/site-packages/pygame/__pycache__/surfarray.cpython-310.pyc'
import 'pygame.surfarray' # <_frozen_importlib_external.SourceFileLoader object at 0x7e6460736230>
# /home/magnus-amann/Master_Project/mctf26/pyquaticus/env-full/lib/python3.10/site-packages/pygame/__pycache__/sndarray.cpython-310.pyc matches /home/magnus-amann/Master_Project/mctf26/pyquaticus/env-full/lib/python3.10/site-packages/pygame/sndarray.py
# code object from '/home/magnus-amann/Master_Project/mctf26/pyquaticus/env-full/lib/python3.10/site-packages/pygame/__pycache__/sndarray.cpython-310.pyc'
import 'pygame.sndarray' # <_frozen_importlib_external.SourceFileLoader object at 0x7e6460736590>
# /home/magnus-amann/Master_Project/mctf26/pyquaticus/env-full/lib/python3.10/site-packages/pygame/__pycache__/fastevent.cpython-310.pyc matches /home/magnus-amann/Master_Project/mctf26/pyquaticus/env-full/lib/python3.10/site-packages/pygame/fastevent.py
# code object from '/home/magnus-amann/Master_Project/mctf26/pyquaticus/env-full/lib/python3.10/site-packages/pygame/__pycache__/fastevent.cpython-310.pyc'
import 'pygame.fastevent' # <_frozen_importlib_external.SourceFileLoader object at 0x7e6460736860>
# /home/magnus-amann/Master_Project/mctf26/pyquaticus/env-full/lib/python3.10/site-packages/pygame/__pycache__/pkgdata.cpython-310.pyc matches /home/magnus-amann/Master_Project/mctf26/pyquaticus/env-full/lib/python3.10/site-packages/pygame/pkgdata.py
# code object from '/home/magnus-amann/Master_Project/mctf26/pyquaticus/env-full/lib/python3.10/site-packages/pygame/__pycache__/pkgdata.cpython-310.pyc'
import 'pygame.pkgdata' # <_frozen_importlib_external.SourceFileLoader object at 0x7e6460736bc0>
import 'pygame' # <_frozen_importlib_external.SourceFileLoader object at 0x7e64665d1cc0>
# /home/magnus-amann/Master_Project/mctf26/pyquaticus/pyquaticus/__pycache__/config.cpython-310.pyc matches /home/magnus-amann/Master_Project/mctf26/pyquaticus/pyquaticus/config.py
# code object from '/home/magnus-amann/Master_Project/mctf26/pyquaticus/pyquaticus/__pycache__/config.cpython-310.pyc'
import 'pyquaticus.config' # <_frozen_importlib_external.SourceFileLoader object at 0x7e6465dd5270>
# possible namespace for /home/magnus-amann/Master_Project/mctf26/pyquaticus/pyquaticus/dynamics
import 'pyquaticus.dynamics' # <_frozen_importlib_external._NamespaceLoader object at 0x7e6460736c50>
# /home/magnus-amann/Master_Project/mctf26/pyquaticus/pyquaticus/dynamics/__pycache__/dynamics_registry.cpython-310.pyc matches /home/magnus-amann/Master_Project/mctf26/pyquaticus/pyquaticus/dynamics/dynamics_registry.py
# code object from '/home/magnus-amann/Master_Project/mctf26/pyquaticus/pyquaticus/dynamics/__pycache__/dynamics_registry.cpython-310.pyc'
# /home/magnus-amann/Master_Project/mctf26/pyquaticus/pyquaticus/dynamics/__pycache__/dynamics.cpython-310.pyc matches /home/magnus-amann/Master_Project/mctf26/pyquaticus/pyquaticus/dynamics/dynamics.py
# code object from '/home/magnus-amann/Master_Project/mctf26/pyquaticus/pyquaticus/dynamics/__pycache__/dynamics.cpython-310.pyc'
# possible namespace for /home/magnus-amann/Master_Project/mctf26/pyquaticus/pyquaticus/utils
import 'pyquaticus.utils' # <_frozen_importlib_external._NamespaceLoader object at 0x7e6460737610>
# /home/magnus-amann/Master_Project/mctf26/pyquaticus/pyquaticus/utils/__pycache__/utils.cpython-310.pyc matches /home/magnus-amann/Master_Project/mctf26/pyquaticus/pyquaticus/utils/utils.py
# code object from '/home/magnus-amann/Master_Project/mctf26/pyquaticus/pyquaticus/utils/__pycache__/utils.cpython-310.pyc'
import 'pyquaticus.utils.utils' # <_frozen_importlib_external.SourceFileLoader object at 0x7e6460737880>
# /home/magnus-amann/Master_Project/mctf26/pyquaticus/pyquaticus/dynamics/__pycache__/dynamics_utils.cpython-310.pyc matches /home/magnus-amann/Master_Project/mctf26/pyquaticus/pyquaticus/dynamics/dynamics_utils.py
# code object from '/home/magnus-amann/Master_Project/mctf26/pyquaticus/pyquaticus/dynamics/__pycache__/dynamics_utils.cpython-310.pyc'
import 'pyquaticus.dynamics.dynamics_utils' # <_frozen_importlib_external.SourceFileLoader object at 0x7e6460737df0>
# /home/magnus-amann/Master_Project/mctf26/pyquaticus/pyquaticus/utils/__pycache__/pid.cpython-310.pyc matches /home/magnus-amann/Master_Project/mctf26/pyquaticus/pyquaticus/utils/pid.py
# code object from '/home/magnus-amann/Master_Project/mctf26/pyquaticus/pyquaticus/utils/__pycache__/pid.cpython-310.pyc'
import 'pyquaticus.utils.pid' # <_frozen_importlib_external.SourceFileLoader object at 0x7e6460737e80>
# /home/magnus-amann/Master_Project/mctf26/pyquaticus/pyquaticus/__pycache__/structs.cpython-310.pyc matches /home/magnus-amann/Master_Project/mctf26/pyquaticus/pyquaticus/structs.py
# code object from '/home/magnus-amann/Master_Project/mctf26/pyquaticus/pyquaticus/__pycache__/structs.cpython-310.pyc'
import 'pyquaticus.structs' # <_frozen_importlib_external.SourceFileLoader object at 0x7e6460737f40>
import 'pyquaticus.dynamics.dynamics' # <_frozen_importlib_external.SourceFileLoader object at 0x7e6460736f80>
import 'pyquaticus.dynamics.dynamics_registry' # <_frozen_importlib_external.SourceFileLoader object at 0x7e6460736e60>
# /home/magnus-amann/Master_Project/mctf26/pyquaticus/pyquaticus/utils/__pycache__/obs_utils.cpython-310.pyc matches /home/magnus-amann/Master_Project/mctf26/pyquaticus/pyquaticus/utils/obs_utils.py
# code object from '/home/magnus-amann/Master_Project/mctf26/pyquaticus/pyquaticus/utils/__pycache__/obs_utils.cpython-310.pyc'
import 'pyquaticus.utils.obs_utils' # <_frozen_importlib_external.SourceFileLoader object at 0x7e646077d870>
# /home/magnus-amann/Master_Project/mctf26/pyquaticus/env-full/lib/python3.10/site-packages/scipy/__pycache__/__init__.cpython-310.pyc matches /home/magnus-amann/Master_Project/mctf26/pyquaticus/env-full/lib/python3.10/site-packages/scipy/__init__.py
# code object from '/home/magnus-amann/Master_Project/mctf26/pyquaticus/env-full/lib/python3.10/site-packages/scipy/__pycache__/__init__.cpython-310.pyc'
# /home/magnus-amann/Master_Project/mctf26/pyquaticus/env-full/lib/python3.10/site-packages/scipy/__pycache__/__config__.cpython-310.pyc matches /home/magnus-amann/Master_Project/mctf26/pyquaticus/env-full/lib/python3.10/site-packages/scipy/__config__.py
# code object from '/home/magnus-amann/Master_Project/mctf26/pyquaticus/env-full/lib/python3.10/site-packages/scipy/__pycache__/__config__.cpython-310.pyc'
import 'scipy.__config__' # <_frozen_importlib_external.SourceFileLoader object at 0x7e646077f580>
# /home/magnus-amann/Master_Project/mctf26/pyquaticus/env-full/lib/python3.10/site-packages/scipy/__pycache__/version.cpython-310.pyc matches /home/magnus-amann/Master_Project/mctf26/pyquaticus/env-full/lib/python3.10/site-packages/scipy/version.py
# code object from '/home/magnus-amann/Master_Project/mctf26/pyquaticus/env-full/lib/python3.10/site-packages/scipy/__pycache__/version.cpython-310.pyc'
import 'scipy.version' # <_frozen_importlib_external.SourceFileLoader object at 0x7e646077f730>
# /home/magnus-amann/Master_Project/mctf26/pyquaticus/env-full/lib/python3.10/site-packages/scipy/__pycache__/_distributor_init.cpython-310.pyc matches /home/magnus-amann/Master_Project/mctf26/pyquaticus/env-full/lib/python3.10/site-packages/scipy/_distributor_init.py
# code object from '/home/magnus-amann/Master_Project/mctf26/pyquaticus/env-full/lib/python3.10/site-packages/scipy/__pycache__/_distributor_init.cpython-310.pyc'
import 'scipy._distributor_init' # <_frozen_importlib_external.SourceFileLoader object at 0x7e646077d2d0>
# /home/magnus-amann/Master_Project/mctf26/pyquaticus/env-full/lib/python3.10/site-packages/scipy/_lib/__pycache__/__init__.cpython-310.pyc matches /home/magnus-amann/Master_Project/mctf26/pyquaticus/env-full/lib/python3.10/site-packages/scipy/_lib/__init__.py
# code object from '/home/magnus-amann/Master_Project/mctf26/pyquaticus/env-full/lib/python3.10/site-packages/scipy/_lib/__pycache__/__init__.cpython-310.pyc'
# /home/magnus-amann/Master_Project/mctf26/pyquaticus/env-full/lib/python3.10/site-packages/scipy/_lib/__pycache__/_testutils.cpython-310.pyc matches /home/magnus-amann/Master_Project/mctf26/pyquaticus/env-full/lib/python3.10/site-packages/scipy/_lib/_testutils.py
# code object from '/home/magnus-amann/Master_Project/mctf26/pyquaticus/env-full/lib/python3.10/site-packages/scipy/_lib/__pycache__/_testutils.cpython-310.pyc'
# /home/magnus-amann/Master_Project/mctf26/pyquaticus/env-full/lib/python3.10/__pycache__/sysconfig.cpython-310.pyc matches /home/magnus-amann/Master_Project/mctf26/pyquaticus/env-full/lib/python3.10/sysconfig.py
# code object from '/home/magnus-amann/Master_Project/mctf26/pyquaticus/env-full/lib/python3.10/__pycache__/sysconfig.cpython-310.pyc'
import 'sysconfig' # <_frozen_importlib_external.SourceFileLoader object at 0x7e646077eb60>
# /home/magnus-amann/Master_Project/mctf26/pyquaticus/env-full/lib/python3.10/__pycache__/_sysconfigdata__linux_x86_64-linux-gnu.cpython-310.pyc matches /home/magnus-amann/Master_Project/mctf26/pyquaticus/env-full/lib/python3.10/_sysconfigdata__linux_x86_64-linux-gnu.py
# code object from '/home/magnus-amann/Master_Project/mctf26/pyquaticus/env-full/lib/python3.10/__pycache__/_sysconfigdata__linux_x86_64-linux-gnu.cpython-310.pyc'
import '_sysconfigdata__linux_x86_64-linux-gnu' # <_frozen_importlib_external.SourceFileLoader object at 0x7e646077ded0>
import 'scipy._lib._testutils' # <_frozen_importlib_external.SourceFileLoader object at 0x7e646077d810>
import 'scipy._lib' # <_frozen_importlib_external.SourceFileLoader object at 0x7e646077fdc0>
# /home/magnus-amann/Master_Project/mctf26/pyquaticus/env-full/lib/python3.10/site-packages/scipy/_lib/__pycache__/_pep440.cpython-310.pyc matches /home/magnus-amann/Master_Project/mctf26/pyquaticus/env-full/lib/python3.10/site-packages/scipy/_lib/_pep440.py
# code object from '/home/magnus-amann/Master_Project/mctf26/pyquaticus/env-full/lib/python3.10/site-packages/scipy/_lib/__pycache__/_pep440.cpython-310.pyc'
import 'scipy._lib._pep440' # <_frozen_importlib_external.SourceFileLoader object at 0x7e646077d750>
# /home/magnus-amann/Master_Project/mctf26/pyquaticus/env-full/lib/python3.10/site-packages/scipy/_lib/__pycache__/_ccallback.cpython-310.pyc matches /home/magnus-amann/Master_Project/mctf26/pyquaticus/env-full/lib/python3.10/site-packages/scipy/_lib/_ccallback.py
# code object from '/home/magnus-amann/Master_Project/mctf26/pyquaticus/env-full/lib/python3.10/site-packages/scipy/_lib/__pycache__/_ccallback.cpython-310.pyc'
# extension module 'scipy._lib._ccallback_c' loaded from '/home/magnus-amann/Master_Project/mctf26/pyquaticus/env-full/lib/python3.10/site-packages/scipy/_lib/_ccallback_c.cpython-310-x86_64-linux-gnu.so'
# extension module 'scipy._lib._ccallback_c' executed from '/home/magnus-amann/Master_Project/mctf26/pyquaticus/env-full/lib/python3.10/site-packages/scipy/_lib/_ccallback_c.cpython-310-x86_64-linux-gnu.so'
import 'scipy._lib._ccallback_c' # <_frozen_importlib_external.ExtensionFileLoader object at 0x7e64607bcaf0>
import 'scipy._lib._ccallback' # <_frozen_importlib_external.SourceFileLoader object at 0x7e64607bca00>
import 'scipy' # <_frozen_importlib_external.SourceFileLoader object at 0x7e646077da20>
# /home/magnus-amann/Master_Project/mctf26/pyquaticus/env-full/lib/python3.10/site-packages/scipy/ndimage/__pycache__/__init__.cpython-310.pyc matches /home/magnus-amann/Master_Project/mctf26/pyquaticus/env-full/lib/python3.10/site-packages/scipy/ndimage/__init__.py
# code object from '/home/magnus-amann/Master_Project/mctf26/pyquaticus/env-full/lib/python3.10/site-packages/scipy/ndimage/__pycache__/__init__.cpython-310.pyc'
# /home/magnus-amann/Master_Project/mctf26/pyquaticus/env-full/lib/python3.10/site-packages/scipy/ndimage/__pycache__/_support_alternative_backends.cpython-310.pyc matches /home/magnus-amann/Master_Project/mctf26/pyquaticus/env-full/lib/python3.10/site-packages/scipy/ndimage/_support_alternative_backends.py
# code object from '/home/magnus-amann/Master_Project/mctf26/pyquaticus/env-full/lib/python3.10/site-packages/scipy/ndimage/__pycache__/_support_alternative_backends.cpython-310.pyc'
# /home/magnus-amann/Master_Project/mctf26/pyquaticus/env-full/lib/python3.10/site-packages/scipy/_lib/__pycache__/_array_api.cpython-310.pyc matches /home/magnus-amann/Master_Project/mctf26/pyquaticus/env-full/lib/python3.10/site-packages/scipy/_lib/_array_api.py
# code object from '/home/magnus-amann/Master_Project/mctf26/pyquaticus/env-full/lib/python3.10/site-packages/scipy/_lib/__pycache__/_array_api.cpython-310.pyc'
# /home/magnus-amann/Master_Project/mctf26/pyquaticus/env-full/lib/python3.10/site-packages/scipy/_lib/array_api_compat/__pycache__/__init__.cpython-310.pyc matches /home/magnus-amann/Master_Project/mctf26/pyquaticus/env-full/lib/python3.10/site-packages/scipy/_lib/array_api_compat/__init__.py
# code object from '/home/magnus-amann/Master_Project/mctf26/pyquaticus/env-full/lib/python3.10/site-packages/scipy/_lib/array_api_compat/__pycache__/__init__.cpython-310.pyc'
# /home/magnus-amann/Master_Project/mctf26/pyquaticus/env-full/lib/python3.10/site-packages/scipy/_lib/array_api_compat/common/__pycache__/__init__.cpython-310.pyc matches /home/magnus-amann/Master_Project/mctf26/pyquaticus/env-full/lib/python3.10/site-packages/scipy/_lib/array_api_compat/common/__init__.py
# code object from '/home/magnus-amann/Master_Project/mctf26/pyquaticus/env-full/lib/python3.10/site-packages/scipy/_lib/array_api_compat/common/__pycache__/__init__.cpython-310.pyc'
# /home/magnus-amann/Master_Project/mctf26/pyquaticus/env-full/lib/python3.10/site-packages/scipy/_lib/array_api_compat/common/__pycache__/_helpers.cpython-310.pyc matches /home/magnus-amann/Master_Project/mctf26/pyquaticus/env-full/lib/python3.10/site-packages/scipy/_lib/array_api_compat/common/_helpers.py
# code object from '/home/magnus-amann/Master_Project/mctf26/pyquaticus/env-full/lib/python3.10/site-packages/scipy/_lib/array_api_compat/common/__pycache__/_helpers.cpython-310.pyc'
import 'scipy._lib.array_api_compat.common._helpers' # <_frozen_importlib_external.SourceFileLoader object at 0x7e64607bde70>
import 'scipy._lib.array_api_compat.common' # <_frozen_importlib_external.SourceFileLoader object at 0x7e64607bdc60>
import 'scipy._lib.array_api_compat' # <_frozen_importlib_external.SourceFileLoader object at 0x7e64607bd8a0>
# /home/magnus-amann/Master_Project/mctf26/pyquaticus/env-full/lib/python3.10/site-packages/scipy/_lib/array_api_compat/numpy/__pycache__/__init__.cpython-310.pyc matches /home/magnus-amann/Master_Project/mctf26/pyquaticus/env-full/lib/python3.10/site-packages/scipy/_lib/array_api_compat/numpy/__init__.py
# code object from '/home/magnus-amann/Master_Project/mctf26/pyquaticus/env-full/lib/python3.10/site-packages/scipy/_lib/array_api_compat/numpy/__pycache__/__init__.cpython-310.pyc'
# /home/magnus-amann/Master_Project/mctf26/pyquaticus/env-full/lib/python3.10/site-packages/scipy/_lib/array_api_compat/numpy/__pycache__/_aliases.cpython-310.pyc matches /home/magnus-amann/Master_Project/mctf26/pyquaticus/env-full/lib/python3.10/site-packages/scipy/_lib/array_api_compat/numpy/_aliases.py
# code object from '/home/magnus-amann/Master_Project/mctf26/pyquaticus/env-full/lib/python3.10/site-packages/scipy/_lib/array_api_compat/numpy/__pycache__/_aliases.cpython-310.pyc'
# /home/magnus-amann/Master_Project/mctf26/pyquaticus/env-full/lib/python3.10/site-packages/scipy/_lib/array_api_compat/common/__pycache__/_aliases.cpython-310.pyc matches /home/magnus-amann/Master_Project/mctf26/pyquaticus/env-full/lib/python3.10/site-packages/scipy/_lib/array_api_compat/common/_aliases.py
# code object from '/home/magnus-amann/Master_Project/mctf26/pyquaticus/env-full/lib/python3.10/site-packages/scipy/_lib/array_api_compat/common/__pycache__/_aliases.cpython-310.pyc'
import 'scipy._lib.array_api_compat.common._aliases' # <_frozen_importlib_external.SourceFileLoader object at 0x7e64607be7a0>
# /home/magnus-amann/Master_Project/mctf26/pyquaticus/env-full/lib/python3.10/site-packages/scipy/_lib/array_api_compat/__pycache__/_internal.cpython-310.pyc matches /home/magnus-amann/Master_Project/mctf26/pyquaticus/env-full/lib/python3.10/site-packages/scipy/_lib/array_api_compat/_internal.py
# code object from '/home/magnus-amann/Master_Project/mctf26/pyquaticus/env-full/lib/python3.10/site-packages/scipy/_lib/array_api_compat/__pycache__/_internal.cpython-310.pyc'
import 'scipy._lib.array_api_compat._internal' # <_frozen_importlib_external.SourceFileLoader object at 0x7e64607bf4c0>
# /home/magnus-amann/Master_Project/mctf26/pyquaticus/env-full/lib/python3.10/site-packages/scipy/_lib/array_api_compat/numpy/__pycache__/_info.cpython-310.pyc matches /home/magnus-amann/Master_Project/mctf26/pyquaticus/env-full/lib/python3.10/site-packages/scipy/_lib/array_api_compat/numpy/_info.py
# code object from '/home/magnus-amann/Master_Project/mctf26/pyquaticus/env-full/lib/python3.10/site-packages/scipy/_lib/array_api_compat/numpy/__pycache__/_info.cpython-310.pyc'
import 'scipy._lib.array_api_compat.numpy._info' # <_frozen_importlib_external.SourceFileLoader object at 0x7e64607bf3d0>
import 'scipy._lib.array_api_compat.numpy._aliases' # <_frozen_importlib_external.SourceFileLoader object at 0x7e64607be560>
# /home/magnus-amann/Master_Project/mctf26/pyquaticus/env-full/lib/python3.10/site-packages/scipy/_lib/array_api_compat/numpy/__pycache__/linalg.cpython-310.pyc matches /home/magnus-amann/Master_Project/mctf26/pyquaticus/env-full/lib/python3.10/site-packages/scipy/_lib/array_api_compat/numpy/linalg.py
# code object from '/home/magnus-amann/Master_Project/mctf26/pyquaticus/env-full/lib/python3.10/site-packages/scipy/_lib/array_api_compat/numpy/__pycache__/linalg.cpython-310.pyc'
# /home/magnus-amann/Master_Project/mctf26/pyquaticus/env-full/lib/python3.10/site-packages/scipy/_lib/array_api_compat/common/__pycache__/_linalg.cpython-310.pyc matches /home/magnus-amann/Master_Project/mctf26/pyquaticus/env-full/lib/python3.10/site-packages/scipy/_lib/array_api_compat/common/_linalg.py
# code object from '/home/magnus-amann/Master_Project/mctf26/pyquaticus/env-full/lib/python3.10/site-packages/scipy/_lib/array_api_compat/common/__pycache__/_linalg.cpython-310.pyc'
import 'scipy._lib.array_api_compat.common._linalg' # <_frozen_importlib_external.SourceFileLoader object at 0x7e64607fdf30>
import 'scipy._lib.array_api_compat.numpy.linalg' # <_frozen_importlib_external.SourceFileLoader object at 0x7e64607fddb0>
# /home/magnus-amann/Master_Project/mctf26/pyquaticus/env-full/lib/python3.10/site-packages/scipy/_lib/array_api_compat/numpy/__pycache__/fft.cpython-310.pyc matches /home/magnus-amann/Master_Project/mctf26/pyquaticus/env-full/lib/python3.10/site-packages/scipy/_lib/array_api_compat/numpy/fft.py
# code object from '/home/magnus-amann/Master_Project/mctf26/pyquaticus/env-full/lib/python3.10/site-packages/scipy/_lib/array_api_compat/numpy/__pycache__/fft.cpython-310.pyc'
# /home/magnus-amann/Master_Project/mctf26/pyquaticus/env-full/lib/python3.10/site-packages/scipy/_lib/array_api_compat/common/__pycache__/_fft.cpython-310.pyc matches /home/magnus-amann/Master_Project/mctf26/pyquaticus/env-full/lib/python3.10/site-packages/scipy/_lib/array_api_compat/common/_fft.py
# code object from '/home/magnus-amann/Master_Project/mctf26/pyquaticus/env-full/lib/python3.10/site-packages/scipy/_lib/array_api_compat/common/__pycache__/_fft.cpython-310.pyc'
import 'scipy._lib.array_api_compat.common._fft' # <_frozen_importlib_external.SourceFileLoader object at 0x7e645b91c5b0>
import 'scipy._lib.array_api_compat.numpy.fft' # <_frozen_importlib_external.SourceFileLoader object at 0x7e645b91c460>
import 'scipy._lib.array_api_compat.numpy' # <_frozen_importlib_external.SourceFileLoader object at 0x7e64607bdbd0>
import 'scipy._lib._array_api' # <_frozen_importlib_external.SourceFileLoader object at 0x7e64607bd720>
# /home/magnus-amann/Master_Project/mctf26/pyquaticus/env-full/lib/python3.10/site-packages/scipy/ndimage/__pycache__/_ndimage_api.cpython-310.pyc matches /home/magnus-amann/Master_Project/mctf26/pyquaticus/env-full/lib/python3.10/site-packages/scipy/ndimage/_ndimage_api.py
# code object from '/home/magnus-amann/Master_Project/mctf26/pyquaticus/env-full/lib/python3.10/site-packages/scipy/ndimage/__pycache__/_ndimage_api.cpython-310.pyc'
# /home/magnus-amann/Master_Project/mctf26/pyquaticus/env-full/lib/python3.10/site-packages/scipy/ndimage/__pycache__/_filters.cpython-310.pyc matches /home/magnus-amann/Master_Project/mctf26/pyquaticus/env-full/lib/python3.10/site-packages/scipy/ndimage/_filters.py
# code object from '/home/magnus-amann/Master_Project/mctf26/pyquaticus/env-full/lib/python3.10/site-packages/scipy/ndimage/__pycache__/_filters.cpython-310.pyc'
# /home/magnus-amann/Master_Project/mctf26/pyquaticus/env-full/lib/python3.10/site-packages/scipy/_lib/__pycache__/_util.cpython-310.pyc matches /home/magnus-amann/Master_Project/mctf26/pyquaticus/env-full/lib/python3.10/site-packages/scipy/_lib/_util.py
# code object from '/home/magnus-amann/Master_Project/mctf26/pyquaticus/env-full/lib/python3.10/site-packages/scipy/_lib/__pycache__/_util.cpython-310.pyc'
# /home/magnus-amann/Master_Project/mctf26/pyquaticus/env-full/lib/python3.10/site-packages/scipy/_lib/__pycache__/_docscrape.cpython-310.pyc matches /home/magnus-amann/Master_Project/mctf26/pyquaticus/env-full/lib/python3.10/site-packages/scipy/_lib/_docscrape.py
# code object from '/home/magnus-amann/Master_Project/mctf26/pyquaticus/env-full/lib/python3.10/site-packages/scipy/_lib/__pycache__/_docscrape.cpython-310.pyc'
# /home/magnus-amann/Master_Project/mctf26/pyquaticus/env-full/lib/python3.10/__pycache__/pydoc.cpython-310.pyc matches /home/magnus-amann/Master_Project/mctf26/pyquaticus/env-full/lib/python3.10/pydoc.py
# code object from '/home/magnus-amann/Master_Project/mctf26/pyquaticus/env-full/lib/python3.10/__pycache__/pydoc.cpython-310.pyc'
import 'pydoc' # <_frozen_importlib_external.SourceFileLoader object at 0x7e645b91fb80>
import 'scipy._lib._docscrape' # <_frozen_importlib_external.SourceFileLoader object at 0x7e645b91ec20>
import 'scipy._lib._util' # <_frozen_importlib_external.SourceFileLoader object at 0x7e645b91db10>
# /home/magnus-amann/Master_Project/mctf26/pyquaticus/env-full/lib/python3.10/site-packages/scipy/ndimage/__pycache__/_ni_support.cpython-310.pyc matches /home/magnus-amann/Master_Project/mctf26/pyquaticus/env-full/lib/python3.10/site-packages/scipy/ndimage/_ni_support.py
# code object from '/home/magnus-amann/Master_Project/mctf26/pyquaticus/env-full/lib/python3.10/site-packages/scipy/ndimage/__pycache__/_ni_support.cpython-310.pyc'
import 'scipy.ndimage._ni_support' # <_frozen_importlib_external.SourceFileLoader object at 0x7e645b95b610>
# extension module 'scipy.ndimage._nd_image' loaded from '/home/magnus-amann/Master_Project/mctf26/pyquaticus/env-full/lib/python3.10/site-packages/scipy/ndimage/_nd_image.cpython-310-x86_64-linux-gnu.so'
# extension module 'scipy.ndimage._nd_image' executed from '/home/magnus-amann/Master_Project/mctf26/pyquaticus/env-full/lib/python3.10/site-packages/scipy/ndimage/_nd_image.cpython-310-x86_64-linux-gnu.so'
import 'scipy.ndimage._nd_image' # <_frozen_importlib_external.ExtensionFileLoader object at 0x7e645b95b190>
# /home/magnus-amann/Master_Project/mctf26/pyquaticus/env-full/lib/python3.10/site-packages/scipy/ndimage/__pycache__/_ni_docstrings.cpython-310.pyc matches /home/magnus-amann/Master_Project/mctf26/pyquaticus/env-full/lib/python3.10/site-packages/scipy/ndimage/_ni_docstrings.py
# code object from '/home/magnus-amann/Master_Project/mctf26/pyquaticus/env-full/lib/python3.10/site-packages/scipy/ndimage/__pycache__/_ni_docstrings.cpython-310.pyc'
# /home/magnus-amann/Master_Project/mctf26/pyquaticus/env-full/lib/python3.10/site-packages/scipy/_lib/__pycache__/doccer.cpython-310.pyc matches /home/magnus-amann/Master_Project/mctf26/pyquaticus/env-full/lib/python3.10/site-packages/scipy/_lib/doccer.py
# code object from '/home/magnus-amann/Master_Project/mctf26/pyquaticus/env-full/lib/python3.10/site-packages/scipy/_lib/__pycache__/doccer.cpython-310.pyc'
import 'scipy._lib.doccer' # <_frozen_importlib_external.SourceFileLoader object at 0x7e645b95ae30>
import 'scipy.ndimage._ni_docstrings' # <_frozen_importlib_external.SourceFileLoader object at 0x7e645b95afe0>
# extension module 'scipy.ndimage._rank_filter_1d' loaded from '/home/magnus-amann/Master_Project/mctf26/pyquaticus/env-full/lib/python3.10/site-packages/scipy/ndimage/_rank_filter_1d.cpython-310-x86_64-linux-gnu.so'
# extension module 'scipy.ndimage._rank_filter_1d' executed from '/home/magnus-amann/Master_Project/mctf26/pyquaticus/env-full/lib/python3.10/site-packages/scipy/ndimage/_rank_filter_1d.cpython-310-x86_64-linux-gnu.so'
import 'scipy.ndimage._rank_filter_1d' # <_frozen_importlib_external.ExtensionFileLoader object at 0x7e645b95a530>
import 'scipy.ndimage._filters' # <_frozen_importlib_external.SourceFileLoader object at 0x7e645b91d480>
# /home/magnus-amann/Master_Project/mctf26/pyquaticus/env-full/lib/python3.10/site-packages/scipy/ndimage/__pycache__/_fourier.cpython-310.pyc matches /home/magnus-amann/Master_Project/mctf26/pyquaticus/env-full/lib/python3.10/site-packages/scipy/ndimage/_fourier.py
# code object from '/home/magnus-amann/Master_Project/mctf26/pyquaticus/env-full/lib/python3.10/site-packages/scipy/ndimage/__pycache__/_fourier.cpython-310.pyc'
import 'scipy.ndimage._fourier' # <_frozen_importlib_external.SourceFileLoader object at 0x7e645b95a410>
# /home/magnus-amann/Master_Project/mctf26/pyquaticus/env-full/lib/python3.10/site-packages/scipy/ndimage/__pycache__/_interpolation.cpython-310.pyc matches /home/magnus-amann/Master_Project/mctf26/pyquaticus/env-full/lib/python3.10/site-packages/scipy/ndimage/_interpolation.py
# code object from '/home/magnus-amann/Master_Project/mctf26/pyquaticus/env-full/lib/python3.10/site-packages/scipy/ndimage/__pycache__/_interpolation.cpython-310.pyc'
# /home/magnus-amann/Master_Project/mctf26/pyquaticus/env-full/lib/python3.10/site-packages/scipy/special/__pycache__/__init__.cpython-310.pyc matches /home/magnus-amann/Master_Project/mctf26/pyquaticus/env-full/lib/python3.10/site-packages/scipy/special/__init__.py
# code object from '/home/magnus-amann/Master_Project/mctf26/pyquaticus/env-full/lib/python3.10/site-packages/scipy/special/__pycache__/__init__.cpython-310.pyc'
# /home/magnus-amann/Master_Project/mctf26/pyquaticus/env-full/lib/python3.10/site-packages/scipy/special/__pycache__/_sf_error.cpython-310.pyc matches /home/magnus-amann/Master_Project/mctf26/pyquaticus/env-full/lib/python3.10/site-packages/scipy/special/_sf_error.py
# code object from '/home/magnus-amann/Master_Project/mctf26/pyquaticus/env-full/lib/python3.10/site-packages/scipy/special/__pycache__/_sf_error.cpython-310.pyc'
import 'scipy.special._sf_error' # <_frozen_importlib_external.SourceFileLoader object at 0x7e645b95bbe0>
# extension module 'scipy.special._ufuncs' loaded from '/home/magnus-amann/Master_Project/mctf26/pyquaticus/env-full/lib/python3.10/site-packages/scipy/special/_ufuncs.cpython-310-x86_64-linux-gnu.so'
# extension module 'scipy.special._ufuncs_cxx' loaded from '/home/magnus-amann/Master_Project/mctf26/pyquaticus/env-full/lib/python3.10/site-packages/scipy/special/_ufuncs_cxx.cpython-310-x86_64-linux-gnu.so'
# extension module 'scipy.special._ufuncs_cxx' executed from '/home/magnus-amann/Master_Project/mctf26/pyquaticus/env-full/lib/python3.10/site-packages/scipy/special/_ufuncs_cxx.cpython-310-x86_64-linux-gnu.so'
import 'scipy.special._ufuncs_cxx' # <_frozen_importlib_external.ExtensionFileLoader object at 0x7e645b95bee0>
# extension module 'scipy.special._special_ufuncs' loaded from '/home/magnus-amann/Master_Project/mctf26/pyquaticus/env-full/lib/python3.10/site-packages/scipy/special/_special_ufuncs.cpython-310-x86_64-linux-gnu.so'
# extension module 'scipy.special._special_ufuncs' executed from '/home/magnus-amann/Master_Project/mctf26/pyquaticus/env-full/lib/python3.10/site-packages/scipy/special/_special_ufuncs.cpython-310-x86_64-linux-gnu.so'
import 'scipy.special._special_ufuncs' # <_frozen_importlib_external.ExtensionFileLoader object at 0x7e645b9d1900>
# extension module 'scipy.special._ufuncs' executed from '/home/magnus-amann/Master_Project/mctf26/pyquaticus/env-full/lib/python3.10/site-packages/scipy/special/_ufuncs.cpython-310-x86_64-linux-gnu.so'
import 'scipy.special._ufuncs' # <_frozen_importlib_external.ExtensionFileLoader object at 0x7e645b95bcd0>
# /home/magnus-amann/Master_Project/mctf26/pyquaticus/env-full/lib/python3.10/site-packages/scipy/special/__pycache__/_support_alternative_backends.cpython-310.pyc matches /home/magnus-amann/Master_Project/mctf26/pyquaticus/env-full/lib/python3.10/site-packages/scipy/special/_support_alternative_backends.py
# code object from '/home/magnus-amann/Master_Project/mctf26/pyquaticus/env-full/lib/python3.10/site-packages/scipy/special/__pycache__/_support_alternative_backends.cpython-310.pyc'
import 'scipy.special._support_alternative_backends' # <_frozen_importlib_external.SourceFileLoader object at 0x7e645b9d3c70>
# /home/magnus-amann/Master_Project/mctf26/pyquaticus/env-full/lib/python3.10/site-packages/scipy/special/__pycache__/_basic.cpython-310.pyc matches /home/magnus-amann/Master_Project/mctf26/pyquaticus/env-full/lib/python3.10/site-packages/scipy/special/_basic.py
# code object from '/home/magnus-amann/Master_Project/mctf26/pyquaticus/env-full/lib/python3.10/site-packages/scipy/special/__pycache__/_basic.cpython-310.pyc'
# extension module 'scipy.special._gufuncs' loaded from '/home/magnus-amann/Master_Project/mctf26/pyquaticus/env-full/lib/python3.10/site-packages/scipy/special/_gufuncs.cpython-310-x86_64-linux-gnu.so'
# extension module 'scipy.special._gufuncs' executed from '/home/magnus-amann/Master_Project/mctf26/pyquaticus/env-full/lib/python3.10/site-packages/scipy/special/_gufuncs.cpython-310-x86_64-linux-gnu.so'
import 'scipy.special._gufuncs' # <_frozen_importlib_external.ExtensionFileLoader object at 0x7e645a924f70>
# /home/magnus-amann/Master_Project/mctf26/pyquaticus/env-full/lib/python3.10/site-packages/scipy/special/__pycache__/_input_validation.cpython-310.pyc matches /home/magnus-amann/Master_Project/mctf26/pyquaticus/env-full/lib/python3.10/site-packages/scipy/special/_input_validation.py
# code object from '/home/magnus-amann/Master_Project/mctf26/pyquaticus/env-full/lib/python3.10/site-packages/scipy/special/__pycache__/_input_validation.cpython-310.pyc'
import 'scipy.special._input_validation' # <_frozen_importlib_external.SourceFileLoader object at 0x7e645a925930>
# extension module 'scipy.special._specfun' loaded from '/home/magnus-amann/Master_Project/mctf26/pyquaticus/env-full/lib/python3.10/site-packages/scipy/special/_specfun.cpython-310-x86_64-linux-gnu.so'
# extension module 'scipy.special._specfun' executed from '/home/magnus-amann/Master_Project/mctf26/pyquaticus/env-full/lib/python3.10/site-packages/scipy/special/_specfun.cpython-310-x86_64-linux-gnu.so'
import 'scipy.special._specfun' # <_frozen_importlib_external.ExtensionFileLoader object at 0x7e645a925a20>
# extension module 'scipy.special._comb' loaded from '/home/magnus-amann/Master_Project/mctf26/pyquaticus/env-full/lib/python3.10/site-packages/scipy/special/_comb.cpython-310-x86_64-linux-gnu.so'
# extension module 'scipy.special._comb' executed from '/home/magnus-amann/Master_Project/mctf26/pyquaticus/env-full/lib/python3.10/site-packages/scipy/special/_comb.cpython-310-x86_64-linux-gnu.so'
import 'scipy.special._comb' # <_frozen_importlib_external.ExtensionFileLoader object at 0x7e645a925d50>
# /home/magnus-amann/Master_Project/mctf26/pyquaticus/env-full/lib/python3.10/site-packages/scipy/special/__pycache__/_multiufuncs.cpython-310.pyc matches /home/magnus-amann/Master_Project/mctf26/pyquaticus/env-full/lib/python3.10/site-packages/scipy/special/_multiufuncs.py
# code object from '/home/magnus-amann/Master_Project/mctf26/pyquaticus/env-full/lib/python3.10/site-packages/scipy/special/__pycache__/_multiufuncs.cpython-310.pyc'
import 'scipy.special._multiufuncs' # <_frozen_importlib_external.SourceFileLoader object at 0x7e645a925e70>
# /home/magnus-amann/Master_Project/mctf26/pyquaticus/env-full/lib/python3.10/site-packages/scipy/_lib/__pycache__/deprecation.cpython-310.pyc matches /home/magnus-amann/Master_Project/mctf26/pyquaticus/env-full/lib/python3.10/site-packages/scipy/_lib/deprecation.py
# code object from '/home/magnus-amann/Master_Project/mctf26/pyquaticus/env-full/lib/python3.10/site-packages/scipy/_lib/__pycache__/deprecation.cpython-310.pyc'
import 'scipy._lib.deprecation' # <_frozen_importlib_external.SourceFileLoader object at 0x7e645a926800>
import 'scipy.special._basic' # <_frozen_importlib_external.SourceFileLoader object at 0x7e645a9241f0>
# /home/magnus-amann/Master_Project/mctf26/pyquaticus/env-full/lib/python3.10/site-packages/scipy/special/__pycache__/_logsumexp.cpython-310.pyc matches /home/magnus-amann/Master_Project/mctf26/pyquaticus/env-full/lib/python3.10/site-packages/scipy/special/_logsumexp.py
# code object from '/home/magnus-amann/Master_Project/mctf26/pyquaticus/env-full/lib/python3.10/site-packages/scipy/special/__pycache__/_logsumexp.cpython-310.pyc'
# /home/magnus-amann/Master_Project/mctf26/pyquaticus/env-full/lib/python3.10/site-packages/scipy/_lib/array_api_extra/__pycache__/__init__.cpython-310.pyc matches /home/magnus-amann/Master_Project/mctf26/pyquaticus/env-full/lib/python3.10/site-packages/scipy/_lib/array_api_extra/__init__.py
# code object from '/home/magnus-amann/Master_Project/mctf26/pyquaticus/env-full/lib/python3.10/site-packages/scipy/_lib/array_api_extra/__pycache__/__init__.cpython-310.pyc'
# /home/magnus-amann/Master_Project/mctf26/pyquaticus/env-full/lib/python3.10/site-packages/scipy/_lib/array_api_extra/__pycache__/_funcs.cpython-310.pyc matches /home/magnus-amann/Master_Project/mctf26/pyquaticus/env-full/lib/python3.10/site-packages/scipy/_lib/array_api_extra/_funcs.py
# code object from '/home/magnus-amann/Master_Project/mctf26/pyquaticus/env-full/lib/python3.10/site-packages/scipy/_lib/array_api_extra/__pycache__/_funcs.cpython-310.pyc'
import 'scipy._lib.array_api_extra._funcs' # <_frozen_importlib_external.SourceFileLoader object at 0x7e645a927040>
import 'scipy._lib.array_api_extra' # <_frozen_importlib_external.SourceFileLoader object at 0x7e645a926dd0>
import 'scipy.special._logsumexp' # <_frozen_importlib_external.SourceFileLoader object at 0x7e645a926bf0>
# /home/magnus-amann/Master_Project/mctf26/pyquaticus/env-full/lib/python3.10/site-packages/scipy/special/__pycache__/_orthogonal.cpython-310.pyc matches /home/magnus-amann/Master_Project/mctf26/pyquaticus/env-full/lib/python3.10/site-packages/scipy/special/_orthogonal.py
# code object from '/home/magnus-amann/Master_Project/mctf26/pyquaticus/env-full/lib/python3.10/site-packages/scipy/special/__pycache__/_orthogonal.cpython-310.pyc'
# /home/magnus-amann/Master_Project/mctf26/pyquaticus/env-full/lib/python3.10/site-packages/scipy/linalg/__pycache__/__init__.cpython-310.pyc matches /home/magnus-amann/Master_Project/mctf26/pyquaticus/env-full/lib/python3.10/site-packages/scipy/linalg/__init__.py
# code object from '/home/magnus-amann/Master_Project/mctf26/pyquaticus/env-full/lib/python3.10/site-packages/scipy/linalg/__pycache__/__init__.cpython-310.pyc'
# /home/magnus-amann/Master_Project/mctf26/pyquaticus/env-full/lib/python3.10/site-packages/scipy/linalg/__pycache__/_misc.cpython-310.pyc matches /home/magnus-amann/Master_Project/mctf26/pyquaticus/env-full/lib/python3.10/site-packages/scipy/linalg/_misc.py
# code object from '/home/magnus-amann/Master_Project/mctf26/pyquaticus/env-full/lib/python3.10/site-packages/scipy/linalg/__pycache__/_misc.cpython-310.pyc'
# /home/magnus-amann/Master_Project/mctf26/pyquaticus/env-full/lib/python3.10/site-packages/scipy/linalg/__pycache__/blas.cpython-310.pyc matches /home/magnus-amann/Master_Project/mctf26/pyquaticus/env-full/lib/python3.10/site-packages/scipy/linalg/blas.py
# code object from '/home/magnus-amann/Master_Project/mctf26/pyquaticus/env-full/lib/python3.10/site-packages/scipy/linalg/__pycache__/blas.cpython-310.pyc'
# extension module 'scipy.linalg._fblas' loaded from '/home/magnus-amann/Master_Project/mctf26/pyquaticus/env-full/lib/python3.10/site-packages/scipy/linalg/_fblas.cpython-310-x86_64-linux-gnu.so'
# extension module 'scipy.linalg._fblas' executed from '/home/magnus-amann/Master_Project/mctf26/pyquaticus/env-full/lib/python3.10/site-packages/scipy/linalg/_fblas.cpython-310-x86_64-linux-gnu.so'
import 'scipy.linalg._fblas' # <_frozen_importlib_external.ExtensionFileLoader object at 0x7e645a9709a0>
import 'scipy.linalg.blas' # <_frozen_importlib_external.SourceFileLoader object at 0x7e645a970580>
# /home/magnus-amann/Master_Project/mctf26/pyquaticus/env-full/lib/python3.10/site-packages/scipy/linalg/__pycache__/lapack.cpython-310.pyc matches /home/magnus-amann/Master_Project/mctf26/pyquaticus/env-full/lib/python3.10/site-packages/scipy/linalg/lapack.py
# code object from '/home/magnus-amann/Master_Project/mctf26/pyquaticus/env-full/lib/python3.10/site-packages/scipy/linalg/__pycache__/lapack.cpython-310.pyc'
# extension module 'scipy.linalg._flapack' loaded from '/home/magnus-amann/Master_Project/mctf26/pyquaticus/env-full/lib/python3.10/site-packages/scipy/linalg/_flapack.cpython-310-x86_64-linux-gnu.so'
# extension module 'scipy.linalg._flapack' executed from '/home/magnus-amann/Master_Project/mctf26/pyquaticus/env-full/lib/python3.10/site-packages/scipy/linalg/_flapack.cpython-310-x86_64-linux-gnu.so'
import 'scipy.linalg._flapack' # <_frozen_importlib_external.ExtensionFileLoader object at 0x7e645a972890>
import 'scipy.linalg.lapack' # <_frozen_importlib_external.SourceFileLoader object at 0x7e645a972650>
import 'scipy.linalg._misc' # <_frozen_importlib_external.SourceFileLoader object at 0x7e645a9703a0>
# extension module 'scipy.linalg._cythonized_array_utils' loaded from '/home/magnus-amann/Master_Project/mctf26/pyquaticus/env-full/lib/python3.10/site-packages/scipy/linalg/_cythonized_array_utils.cpython-310-x86_64-linux-gnu.so'
# extension module 'scipy.linalg.cython_lapack' loaded from '/home/magnus-amann/Master_Project/mctf26/pyquaticus/env-full/lib/python3.10/site-packages/scipy/linalg/cython_lapack.cpython-310-x86_64-linux-gnu.so'
# extension module 'scipy.linalg.cython_lapack' executed from '/home/magnus-amann/Master_Project/mctf26/pyquaticus/env-full/lib/python3.10/site-packages/scipy/linalg/cython_lapack.cpython-310-x86_64-linux-gnu.so'
import 'scipy.linalg.cython_lapack' # <_frozen_importlib_external.ExtensionFileLoader object at 0x7e645a9be440>
# extension module 'scipy.linalg._cythonized_array_utils' executed from '/home/magnus-amann/Master_Project/mctf26/pyquaticus/env-full/lib/python3.10/site-packages/scipy/linalg/_cythonized_array_utils.cpython-310-x86_64-linux-gnu.so'
import 'scipy.linalg._cythonized_array_utils' # <_frozen_importlib_external.ExtensionFileLoader object at 0x7e645a970400>
# /home/magnus-amann/Master_Project/mctf26/pyquaticus/env-full/lib/python3.10/site-packages/scipy/linalg/__pycache__/_basic.cpython-310.pyc matches /home/magnus-amann/Master_Project/mctf26/pyquaticus/env-full/lib/python3.10/site-packages/scipy/linalg/_basic.py
# code object from '/home/magnus-amann/Master_Project/mctf26/pyquaticus/env-full/lib/python3.10/site-packages/scipy/linalg/__pycache__/_basic.cpython-310.pyc'
# /home/magnus-amann/Master_Project/mctf26/pyquaticus/env-full/lib/python3.10/site-packages/scipy/linalg/__pycache__/_decomp.cpython-310.pyc matches /home/magnus-amann/Master_Project/mctf26/pyquaticus/env-full/lib/python3.10/site-packages/scipy/linalg/_decomp.py
# code object from '/home/magnus-amann/Master_Project/mctf26/pyquaticus/env-full/lib/python3.10/site-packages/scipy/linalg/__pycache__/_decomp.cpython-310.pyc'
import 'scipy.linalg._decomp' # <_frozen_importlib_external.SourceFileLoader object at 0x7e645a9fc880>
# /home/magnus-amann/Master_Project/mctf26/pyquaticus/env-full/lib/python3.10/site-packages/scipy/linalg/__pycache__/_decomp_svd.cpython-310.pyc matches /home/magnus-amann/Master_Project/mctf26/pyquaticus/env-full/lib/python3.10/site-packages/scipy/linalg/_decomp_svd.py
# code object from '/home/magnus-amann/Master_Project/mctf26/pyquaticus/env-full/lib/python3.10/site-packages/scipy/linalg/__pycache__/_decomp_svd.cpython-310.pyc'
import 'scipy.linalg._decomp_svd' # <_frozen_importlib_external.SourceFileLoader object at 0x7e645a9fceb0>
# extension module 'scipy.linalg._solve_toeplitz' loaded from '/home/magnus-amann/Master_Project/mctf26/pyquaticus/env-full/lib/python3.10/site-packages/scipy/linalg/_solve_toeplitz.cpython-310-x86_64-linux-gnu.so'
# extension module 'scipy.linalg._solve_toeplitz' executed from '/home/magnus-amann/Master_Project/mctf26/pyquaticus/env-full/lib/python3.10/site-packages/scipy/linalg/_solve_toeplitz.cpython-310-x86_64-linux-gnu.so'
import 'scipy.linalg._solve_toeplitz' # <_frozen_importlib_external.ExtensionFileLoader object at 0x7e645a9fd150>
import 'scipy.linalg._basic' # <_frozen_importlib_external.SourceFileLoader object at 0x7e645a9eff40>
# /home/magnus-amann/Master_Project/mctf26/pyquaticus/env-full/lib/python3.10/site-packages/scipy/linalg/__pycache__/_decomp_lu.cpython-310.pyc matches /home/magnus-amann/Master_Project/mctf26/pyquaticus/env-full/lib/python3.10/site-packages/scipy/linalg/_decomp_lu.py
# code object from '/home/magnus-amann/Master_Project/mctf26/pyquaticus/env-full/lib/python3.10/site-packages/scipy/linalg/__pycache__/_decomp_lu.cpython-310.pyc'
# extension module 'scipy.linalg._decomp_lu_cython' loaded from '/home/magnus-amann/Master_Project/mctf26/pyquaticus/env-full/lib/python3.10/site-packages/scipy/linalg/_decomp_lu_cython.cpython-310-x86_64-linux-gnu.so'
# extension module 'scipy.linalg._decomp_lu_cython' executed from '/home/magnus-amann/Master_Project/mctf26/pyquaticus/env-full/lib/python3.10/site-packages/scipy/linalg/_decomp_lu_cython.cpython-310-x86_64-linux-gnu.so'
import 'scipy.linalg._decomp_lu_cython' # <_frozen_importlib_external.ExtensionFileLoader object at 0x7e645a9fd840>
import 'scipy.linalg._decomp_lu' # <_frozen_importlib_external.SourceFileLoader object at 0x7e645a9fd540>
# /home/magnus-amann/Master_Project/mctf26/pyquaticus/env-full/lib/python3.10/site-packages/scipy/linalg/__pycache__/_decomp_ldl.cpython-310.pyc matches /home/magnus-amann/Master_Project/mctf26/pyquaticus/env-full/lib/python3.10/site-packages/scipy/linalg/_decomp_ldl.py
# code object from '/home/magnus-amann/Master_Project/mctf26/pyquaticus/env-full/lib/python3.10/site-packages/scipy/linalg/__pycache__/_decomp_ldl.cpython-310.pyc'
import 'scipy.linalg._decomp_ldl' # <_frozen_importlib_external.SourceFileLoader object at 0x7e645a9fdcc0>
# /home/magnus-amann/Master_Project/mctf26/pyquaticus/env-full/lib/python3.10/site-packages/scipy/linalg/__pycache__/_decomp_cholesky.cpython-310.pyc matches /home/magnus-amann/Master_Project/mctf26/pyquaticus/env-full/lib/python3.10/site-packages/scipy/linalg/_decomp_cholesky.py
# code object from '/home/magnus-amann/Master_Project/mctf26/pyquaticus/env-full/lib/python3.10/site-packages/scipy/linalg/__pycache__/_decomp_cholesky.cpython-310.pyc'
import 'scipy.linalg._decomp_cholesky' # <_frozen_importlib_external.SourceFileLoader object at 0x7e645a9fdd50>
# /home/magnus-amann/Master_Project/mctf26/pyquaticus/env-full/lib/python3.10/site-packages/scipy/linalg/__pycache__/_decomp_qr.cpython-310.pyc matches /home/magnus-amann/Master_Project/mctf26/pyquaticus/env-full/lib/python3.10/site-packages/scipy/linalg/_decomp_qr.py
# code object from '/home/magnus-amann/Master_Project/mctf26/pyquaticus/env-full/lib/python3.10/site-packages/scipy/linalg/__pycache__/_decomp_qr.cpython-310.pyc'
import 'scipy.linalg._decomp_qr' # <_frozen_importlib_external.SourceFileLoader object at 0x7e645a9fdf30>
# /home/magnus-amann/Master_Project/mctf26/pyquaticus/env-full/lib/python3.10/site-packages/scipy/linalg/__pycache__/_decomp_qz.cpython-310.pyc matches /home/magnus-amann/Master_Project/mctf26/pyquaticus/env-full/lib/python3.10/site-packages/scipy/linalg/_decomp_qz.py
# code object from '/home/magnus-amann/Master_Project/mctf26/pyquaticus/env-full/lib/python3.10/site-packages/scipy/linalg/__pycache__/_decomp_qz.cpython-310.pyc'
import 'scipy.linalg._decomp_qz' # <_frozen_importlib_external.SourceFileLoader object at 0x7e645a9fe1d0>
# /home/magnus-amann/Master_Project/mctf26/pyquaticus/env-full/lib/python3.10/site-packages/scipy/linalg/__pycache__/_decomp_schur.cpython-310.pyc matches /home/magnus-amann/Master_Project/mctf26/pyquaticus/env-full/lib/python3.10/site-packages/scipy/linalg/_decomp_schur.py
# code object from '/home/magnus-amann/Master_Project/mctf26/pyquaticus/env-full/lib/python3.10/site-packages/scipy/linalg/__pycache__/_decomp_schur.cpython-310.pyc'
import 'scipy.linalg._decomp_schur' # <_frozen_importlib_external.SourceFileLoader object at 0x7e645a9fe500>
# /home/magnus-amann/Master_Project/mctf26/pyquaticus/env-full/lib/python3.10/site-packages/scipy/linalg/__pycache__/_decomp_polar.cpython-310.pyc matches /home/magnus-amann/Master_Project/mctf26/pyquaticus/env-full/lib/python3.10/site-packages/scipy/linalg/_decomp_polar.py
# code object from '/home/magnus-amann/Master_Project/mctf26/pyquaticus/env-full/lib/python3.10/site-packages/scipy/linalg/__pycache__/_decomp_polar.cpython-310.pyc'
import 'scipy.linalg._decomp_polar' # <_frozen_importlib_external.SourceFileLoader object at 0x7e645a9fe920>
# /home/magnus-amann/Master_Project/mctf26/pyquaticus/env-full/lib/python3.10/site-packages/scipy/linalg/__pycache__/_matfuncs.cpython-310.pyc matches /home/magnus-amann/Master_Project/mctf26/pyquaticus/env-full/lib/python3.10/site-packages/scipy/linalg/_matfuncs.py
# code object from '/home/magnus-amann/Master_Project/mctf26/pyquaticus/env-full/lib/python3.10/site-packages/scipy/linalg/__pycache__/_matfuncs.cpython-310.pyc'
# /home/magnus-amann/Master_Project/mctf26/pyquaticus/env-full/lib/python3.10/site-packages/scipy/linalg/__pycache__/_expm_frechet.cpython-310.pyc matches /home/magnus-amann/Master_Project/mctf26/pyquaticus/env-full/lib/python3.10/site-packages/scipy/linalg/_expm_frechet.py
# code object from '/home/magnus-amann/Master_Project/mctf26/pyquaticus/env-full/lib/python3.10/site-packages/scipy/linalg/__pycache__/_expm_frechet.cpython-310.pyc'
import 'scipy.linalg._expm_frechet' # <_frozen_importlib_external.SourceFileLoader object at 0x7e645a9ff010>
# /home/magnus-amann/Master_Project/mctf26/pyquaticus/env-full/lib/python3.10/site-packages/scipy/linalg/__pycache__/_matfuncs_sqrtm.cpython-310.pyc matches /home/magnus-amann/Master_Project/mctf26/pyquaticus/env-full/lib/python3.10/site-packages/scipy/linalg/_matfuncs_sqrtm.py
# code object from '/home/magnus-amann/Master_Project/mctf26/pyquaticus/env-full/lib/python3.10/site-packages/scipy/linalg/__pycache__/_matfuncs_sqrtm.cpython-310.pyc'
# extension module 'scipy.linalg._matfuncs_sqrtm_triu' loaded from '/home/magnus-amann/Master_Project/mctf26/pyquaticus/env-full/lib/python3.10/site-packages/scipy/linalg/_matfuncs_sqrtm_triu.cpython-310-x86_64-linux-gnu.so'
# extension module 'scipy.linalg._matfuncs_sqrtm_triu' executed from '/home/magnus-amann/Master_Project/mctf26/pyquaticus/env-full/lib/python3.10/site-packages/scipy/linalg/_matfuncs_sqrtm_triu.cpython-310-x86_64-linux-gnu.so'
import 'scipy.linalg._matfuncs_sqrtm_triu' # <_frozen_importlib_external.ExtensionFileLoader object at 0x7e645a9ff5b0>
import 'scipy.linalg._matfuncs_sqrtm' # <_frozen_importlib_external.SourceFileLoader object at 0x7e645a9ff220>
# extension module 'scipy.linalg._matfuncs_expm' loaded from '/home/magnus-amann/Master_Project/mctf26/pyquaticus/env-full/lib/python3.10/site-packages/scipy/linalg/_matfuncs_expm.cpython-310-x86_64-linux-gnu.so'
# extension module 'scipy.linalg._matfuncs_expm' executed from '/home/magnus-amann/Master_Project/mctf26/pyquaticus/env-full/lib/python3.10/site-packages/scipy/linalg/_matfuncs_expm.cpython-310-x86_64-linux-gnu.so'
import 'scipy.linalg._matfuncs_expm' # <_frozen_importlib_external.ExtensionFileLoader object at 0x7e645a9ffa30>
# extension module 'scipy.linalg._linalg_pythran' loaded from '/home/magnus-amann/Master_Project/mctf26/pyquaticus/env-full/lib/python3.10/site-packages/scipy/linalg/_linalg_pythran.cpython-310-x86_64-linux-gnu.so'
# extension module 'scipy.linalg._linalg_pythran' executed from '/home/magnus-amann/Master_Project/mctf26/pyquaticus/env-full/lib/python3.10/site-packages/scipy/linalg/_linalg_pythran.cpython-310-x86_64-linux-gnu.so'
import 'scipy.linalg._linalg_pythran' # <_frozen_importlib_external.ExtensionFileLoader object at 0x7e645a9ffac0>
import 'scipy.linalg._matfuncs' # <_frozen_importlib_external.SourceFileLoader object at 0x7e645a9fe9b0>
# /home/magnus-amann/Master_Project/mctf26/pyquaticus/env-full/lib/python3.10/site-packages/scipy/linalg/__pycache__/_special_matrices.cpython-310.pyc matches /home/magnus-amann/Master_Project/mctf26/pyquaticus/env-full/lib/python3.10/site-packages/scipy/linalg/_special_matrices.py
# code object from '/home/magnus-amann/Master_Project/mctf26/pyquaticus/env-full/lib/python3.10/site-packages/scipy/linalg/__pycache__/_special_matrices.cpython-310.pyc'
import 'scipy.linalg._special_matrices' # <_frozen_importlib_external.SourceFileLoader object at 0x7e645a9ffa60>
# /home/magnus-amann/Master_Project/mctf26/pyquaticus/env-full/lib/python3.10/site-packages/scipy/linalg/__pycache__/_solvers.cpython-310.pyc matches /home/magnus-amann/Master_Project/mctf26/pyquaticus/env-full/lib/python3.10/site-packages/scipy/linalg/_solvers.py
# code object from '/home/magnus-amann/Master_Project/mctf26/pyquaticus/env-full/lib/python3.10/site-packages/scipy/linalg/__pycache__/_solvers.cpython-310.pyc'
import 'scipy.linalg._solvers' # <_frozen_importlib_external.SourceFileLoader object at 0x7e645a9ffdc0>
# /home/magnus-amann/Master_Project/mctf26/pyquaticus/env-full/lib/python3.10/site-packages/scipy/linalg/__pycache__/_procrustes.cpython-310.pyc matches /home/magnus-amann/Master_Project/mctf26/pyquaticus/env-full/lib/python3.10/site-packages/scipy/linalg/_procrustes.py
# code object from '/home/magnus-amann/Master_Project/mctf26/pyquaticus/env-full/lib/python3.10/site-packages/scipy/linalg/__pycache__/_procrustes.cpython-310.pyc'
import 'scipy.linalg._procrustes' # <_frozen_importlib_external.SourceFileLoader object at 0x7e645a1442b0>
# extension module 'scipy.linalg._decomp_update' loaded from '/home/magnus-amann/Master_Project/mctf26/pyquaticus/env-full/lib/python3.10/site-packages/scipy/linalg/_decomp_update.cpython-310-x86_64-linux-gnu.so'
# extension module 'scipy.linalg.cython_blas' loaded from '/home/magnus-amann/Master_Project/mctf26/pyquaticus/env-full/lib/python3.10/site-packages/scipy/linalg/cython_blas.cpython-310-x86_64-linux-gnu.so'
# extension module 'scipy.linalg.cython_blas' executed from '/home/magnus-amann/Master_Project/mctf26/pyquaticus/env-full/lib/python3.10/site-packages/scipy/linalg/cython_blas.cpython-310-x86_64-linux-gnu.so'
import 'scipy.linalg.cython_blas' # <_frozen_importlib_external.ExtensionFileLoader object at 0x7e645a144940>
# extension module 'scipy.linalg._decomp_update' executed from '/home/magnus-amann/Master_Project/mctf26/pyquaticus/env-full/lib/python3.10/site-packages/scipy/linalg/_decomp_update.cpython-310-x86_64-linux-gnu.so'
import 'scipy.linalg._decomp_update' # <_frozen_importlib_external.ExtensionFileLoader object at 0x7e645a144340>
# /home/magnus-amann/Master_Project/mctf26/pyquaticus/env-full/lib/python3.10/site-packages/scipy/linalg/__pycache__/_sketches.cpython-310.pyc matches /home/magnus-amann/Master_Project/mctf26/pyquaticus/env-full/lib/python3.10/site-packages/scipy/linalg/_sketches.py
# code object from '/home/magnus-amann/Master_Project/mctf26/pyquaticus/env-full/lib/python3.10/site-packages/scipy/linalg/__pycache__/_sketches.cpython-310.pyc'
# /home/magnus-amann/Master_Project/mctf26/pyquaticus/env-full/lib/python3.10/site-packages/scipy/sparse/__pycache__/__init__.cpython-310.pyc matches /home/magnus-amann/Master_Project/mctf26/pyquaticus/env-full/lib/python3.10/site-packages/scipy/sparse/__init__.py
# code object from '/home/magnus-amann/Master_Project/mctf26/pyquaticus/env-full/lib/python3.10/site-packages/scipy/sparse/__pycache__/__init__.cpython-310.pyc'
# /home/magnus-amann/Master_Project/mctf26/pyquaticus/env-full/lib/python3.10/site-packages/scipy/sparse/__pycache__/_base.cpython-310.pyc matches /home/magnus-amann/Master_Project/mctf26/pyquaticus/env-full/lib/python3.10/site-packages/scipy/sparse/_base.py
# code object from '/home/magnus-amann/Master_Project/mctf26/pyquaticus/env-full/lib/python3.10/site-packages/scipy/sparse/__pycache__/_base.cpython-310.pyc'
# /home/magnus-amann/Master_Project/mctf26/pyquaticus/env-full/lib/python3.10/site-packages/scipy/sparse/__pycache__/_sputils.cpython-310.pyc matches /home/magnus-amann/Master_Project/mctf26/pyquaticus/env-full/lib/python3.10/site-packages/scipy/sparse/_sputils.py
# code object from '/home/magnus-amann/Master_Project/mctf26/pyquaticus/env-full/lib/python3.10/site-packages/scipy/sparse/__pycache__/_sputils.cpython-310.pyc'
import 'scipy.sparse._sputils' # <_frozen_importlib_external.SourceFileLoader object at 0x7e645a15c910>
# /home/magnus-amann/Master_Project/mctf26/pyquaticus/env-full/lib/python3.10/site-packages/scipy/sparse/__pycache__/_matrix.cpython-310.pyc matches /home/magnus-amann/Master_Project/mctf26/pyquaticus/env-full/lib/python3.10/site-packages/scipy/sparse/_matrix.py
# code object from '/home/magnus-amann/Master_Project/mctf26/pyquaticus/env-full/lib/python3.10/site-packages/scipy/sparse/__pycache__/_matrix.cpython-310.pyc'
import 'scipy.sparse._matrix' # <_frozen_importlib_external.SourceFileLoader object at 0x7e645a15d240>
import 'scipy.sparse._base' # <_frozen_importlib_external.SourceFileLoader object at 0x7e645a147100>
# /home/magnus-amann/Master_Project/mctf26/pyquaticus/env-full/lib/python3.10/site-packages/scipy/sparse/__pycache__/_csr.cpython-310.pyc matches /home/magnus-amann/Master_Project/mctf26/pyquaticus/env-full/lib/python3.10/site-packages/scipy/sparse/_csr.py
# code object from '/home/magnus-amann/Master_Project/mctf26/pyquaticus/env-full/lib/python3.10/site-packages/scipy/sparse/__pycache__/_csr.cpython-310.pyc'
# extension module 'scipy.sparse._sparsetools' loaded from '/home/magnus-amann/Master_Project/mctf26/pyquaticus/env-full/lib/python3.10/site-packages/scipy/sparse/_sparsetools.cpython-310-x86_64-linux-gnu.so'
# extension module 'scipy.sparse._sparsetools' executed from '/home/magnus-amann/Master_Project/mctf26/pyquaticus/env-full/lib/python3.10/site-packages/scipy/sparse/_sparsetools.cpython-310-x86_64-linux-gnu.so'
import 'scipy.sparse._sparsetools' # <_frozen_importlib_external.ExtensionFileLoader object at 0x7e645a15e290>
# /home/magnus-amann/Master_Project/mctf26/pyquaticus/env-full/lib/python3.10/site-packages/scipy/sparse/__pycache__/_compressed.cpython-310.pyc matches /home/magnus-amann/Master_Project/mctf26/pyquaticus/env-full/lib/python3.10/site-packages/scipy/sparse/_compressed.py
# code object from '/home/magnus-amann/Master_Project/mctf26/pyquaticus/env-full/lib/python3.10/site-packages/scipy/sparse/__pycache__/_compressed.cpython-310.pyc'
# /home/magnus-amann/Master_Project/mctf26/pyquaticus/env-full/lib/python3.10/site-packages/scipy/sparse/__pycache__/_data.cpython-310.pyc matches /home/magnus-amann/Master_Project/mctf26/pyquaticus/env-full/lib/python3.10/site-packages/scipy/sparse/_data.py
# code object from '/home/magnus-amann/Master_Project/mctf26/pyquaticus/env-full/lib/python3.10/site-packages/scipy/sparse/__pycache__/_data.cpython-310.pyc'
import 'scipy.sparse._data' # <_frozen_importlib_external.SourceFileLoader object at 0x7e645a15ee60>
# /home/magnus-amann/Master_Project/mctf26/pyquaticus/env-full/lib/python3.10/site-packages/scipy/sparse/__pycache__/_index.cpython-310.pyc matches /home/magnus-amann/Master_Project/mctf26/pyquaticus/env-full/lib/python3.10/site-packages/scipy/sparse/_index.py
# code object from '/home/magnus-amann/Master_Project/mctf26/pyquaticus/env-full/lib/python3.10/site-packages/scipy/sparse/__pycache__/_index.cpython-310.pyc'
import 'scipy.sparse._index' # <_frozen_importlib_external.SourceFileLoader object at 0x7e645a15fd00>
import 'scipy.sparse._compressed' # <_frozen_importlib_external.SourceFileLoader object at 0x7e645a15e350>
import 'scipy.sparse._csr' # <_frozen_importlib_external.SourceFileLoader object at 0x7e645a15dba0>
# /home/magnus-amann/Master_Project/mctf26/pyquaticus/env-full/lib/python3.10/site-packages/scipy/sparse/__pycache__/_csc.cpython-310.pyc matches /home/magnus-amann/Master_Project/mctf26/pyquaticus/env-full/lib/python3.10/site-packages/scipy/sparse/_csc.py
# code object from '/home/magnus-amann/Master_Project/mctf26/pyquaticus/env-full/lib/python3.10/site-packages/scipy/sparse/__pycache__/_csc.cpython-310.pyc'
import 'scipy.sparse._csc' # <_frozen_importlib_external.SourceFileLoader object at 0x7e645a15ec80>
# /home/magnus-amann/Master_Project/mctf26/pyquaticus/env-full/lib/python3.10/site-packages/scipy/sparse/__pycache__/_lil.cpython-310.pyc matches /home/magnus-amann/Master_Project/mctf26/pyquaticus/env-full/lib/python3.10/site-packages/scipy/sparse/_lil.py
# code object from '/home/magnus-amann/Master_Project/mctf26/pyquaticus/env-full/lib/python3.10/site-packages/scipy/sparse/__pycache__/_lil.cpython-310.pyc'
# extension module 'scipy.sparse._csparsetools' loaded from '/home/magnus-amann/Master_Project/mctf26/pyquaticus/env-full/lib/python3.10/site-packages/scipy/sparse/_csparsetools.cpython-310-x86_64-linux-gnu.so'
# extension module 'scipy.sparse._csparsetools' executed from '/home/magnus-amann/Master_Project/mctf26/pyquaticus/env-full/lib/python3.10/site-packages/scipy/sparse/_csparsetools.cpython-310-x86_64-linux-gnu.so'
import 'scipy.sparse._csparsetools' # <_frozen_importlib_external.ExtensionFileLoader object at 0x7e645a1a8eb0>
import 'scipy.sparse._lil' # <_frozen_importlib_external.SourceFileLoader object at 0x7e645a1a8490>
# /home/magnus-amann/Master_Project/mctf26/pyquaticus/env-full/lib/python3.10/site-packages/scipy/sparse/__pycache__/_dok.cpython-310.pyc matches /home/magnus-amann/Master_Project/mctf26/pyquaticus/env-full/lib/python3.10/site-packages/scipy/sparse/_dok.py
# code object from '/home/magnus-amann/Master_Project/mctf26/pyquaticus/env-full/lib/python3.10/site-packages/scipy/sparse/__pycache__/_dok.cpython-310.pyc'
import 'scipy.sparse._dok' # <_frozen_importlib_external.SourceFileLoader object at 0x7e645a1a93c0>
# /home/magnus-amann/Master_Project/mctf26/pyquaticus/env-full/lib/python3.10/site-packages/scipy/sparse/__pycache__/_coo.cpython-310.pyc matches /home/magnus-amann/Master_Project/mctf26/pyquaticus/env-full/lib/python3.10/site-packages/scipy/sparse/_coo.py
# code object from '/home/magnus-amann/Master_Project/mctf26/pyquaticus/env-full/lib/python3.10/site-packages/scipy/sparse/__pycache__/_coo.cpython-310.pyc'
import 'scipy.sparse._coo' # <_frozen_importlib_external.SourceFileLoader object at 0x7e645a1aa350>
# /home/magnus-amann/Master_Project/mctf26/pyquaticus/env-full/lib/python3.10/site-packages/scipy/sparse/__pycache__/_dia.cpython-310.pyc matches /home/magnus-amann/Master_Project/mctf26/pyquaticus/env-full/lib/python3.10/site-packages/scipy/sparse/_dia.py
# code object from '/home/magnus-amann/Master_Project/mctf26/pyquaticus/env-full/lib/python3.10/site-packages/scipy/sparse/__pycache__/_dia.cpython-310.pyc'
import 'scipy.sparse._dia' # <_frozen_importlib_external.SourceFileLoader object at 0x7e645a1ab280>
# /home/magnus-amann/Master_Project/mctf26/pyquaticus/env-full/lib/python3.10/site-packages/scipy/sparse/__pycache__/_bsr.cpython-310.pyc matches /home/magnus-amann/Master_Project/mctf26/pyquaticus/env-full/lib/python3.10/site-packages/scipy/sparse/_bsr.py
# code object from '/home/magnus-amann/Master_Project/mctf26/pyquaticus/env-full/lib/python3.10/site-packages/scipy/sparse/__pycache__/_bsr.cpython-310.pyc'
import 'scipy.sparse._bsr' # <_frozen_importlib_external.SourceFileLoader object at 0x7e645a1ab790>
# /home/magnus-amann/Master_Project/mctf26/pyquaticus/env-full/lib/python3.10/site-packages/scipy/sparse/__pycache__/_construct.cpython-310.pyc matches /home/magnus-amann/Master_Project/mctf26/pyquaticus/env-full/lib/python3.10/site-packages/scipy/sparse/_construct.py
# code object from '/home/magnus-amann/Master_Project/mctf26/pyquaticus/env-full/lib/python3.10/site-packages/scipy/sparse/__pycache__/_construct.cpython-310.pyc'
import 'scipy.sparse._construct' # <_frozen_importlib_external.SourceFileLoader object at 0x7e645a1abf10>
# /home/magnus-amann/Master_Project/mctf26/pyquaticus/env-full/lib/python3.10/site-packages/scipy/sparse/__pycache__/_extract.cpython-310.pyc matches /home/magnus-amann/Master_Project/mctf26/pyquaticus/env-full/lib/python3.10/site-packages/scipy/sparse/_extract.py
# code object from '/home/magnus-amann/Master_Project/mctf26/pyquaticus/env-full/lib/python3.10/site-packages/scipy/sparse/__pycache__/_extract.cpython-310.pyc'
import 'scipy.sparse._extract' # <_frozen_importlib_external.SourceFileLoader object at 0x7e645a1f8dc0>
# /home/magnus-amann/Master_Project/mctf26/pyquaticus/env-full/lib/python3.10/site-packages/scipy/sparse/__pycache__/_matrix_io.cpython-310.pyc matches /home/magnus-amann/Master_Project/mctf26/pyquaticus/env-full/lib/python3.10/site-packages/scipy/sparse/_matrix_io.py
# code object from '/home/magnus-amann/Master_Project/mctf26/pyquaticus/env-full/lib/python3.10/site-packages/scipy/sparse/__pycache__/_matrix_io.cpython-310.pyc'
import 'scipy.sparse._matrix_io' # <_frozen_importlib_external.SourceFileLoader object at 0x7e645a1f8b20>
# /home/magnus-amann/Master_Project/mctf26/pyquaticus/env-full/lib/python3.10/site-packages/scipy/sparse/csgraph/__pycache__/__init__.cpython-310.pyc matches /home/magnus-amann/Master_Project/mctf26/pyquaticus/env-full/lib/python3.10/site-packages/scipy/sparse/csgraph/__init__.py
# code object from '/home/magnus-amann/Master_Project/mctf26/pyquaticus/env-full/lib/python3.10/site-packages/scipy/sparse/csgraph/__pycache__/__init__.cpython-310.pyc'
# /home/magnus-amann/Master_Project/mctf26/pyquaticus/env-full/lib/python3.10/site-packages/scipy/sparse/csgraph/__pycache__/_laplacian.cpython-310.pyc matches /home/magnus-amann/Master_Project/mctf26/pyquaticus/env-full/lib/python3.10/site-packages/scipy/sparse/csgraph/_laplacian.py
# code object from '/home/magnus-amann/Master_Project/mctf26/pyquaticus/env-full/lib/python3.10/site-packages/scipy/sparse/csgraph/__pycache__/_laplacian.cpython-310.pyc'
# /home/magnus-amann/Master_Project/mctf26/pyquaticus/env-full/lib/python3.10/site-packages/scipy/sparse/linalg/__pycache__/__init__.cpython-310.pyc matches /home/magnus-amann/Master_Project/mctf26/pyquaticus/env-full/lib/python3.10/site-packages/scipy/sparse/linalg/__init__.py
# code object from '/home/magnus-amann/Master_Project/mctf26/pyquaticus/env-full/lib/python3.10/site-packages/scipy/sparse/linalg/__pycache__/__init__.cpython-310.pyc'
# /home/magnus-amann/Master_Project/mctf26/pyquaticus/env-full/lib/python3.10/site-packages/scipy/sparse/linalg/_isolve/__pycache__/__init__.cpython-310.pyc matches /home/magnus-amann/Master_Project/mctf26/pyquaticus/env-full/lib/python3.10/site-packages/scipy/sparse/linalg/_isolve/__init__.py
# code object from '/home/magnus-amann/Master_Project/mctf26/pyquaticus/env-full/lib/python3.10/site-packages/scipy/sparse/linalg/_isolve/__pycache__/__init__.cpython-310.pyc'
# /home/magnus-amann/Master_Project/mctf26/pyquaticus/env-full/lib/python3.10/site-packages/scipy/sparse/linalg/_isolve/__pycache__/iterative.cpython-310.pyc matches /home/magnus-amann/Master_Project/mctf26/pyquaticus/env-full/lib/python3.10/site-packages/scipy/sparse/linalg/_isolve/iterative.py
# code object from '/home/magnus-amann/Master_Project/mctf26/pyquaticus/env-full/lib/python3.10/site-packages/scipy/sparse/linalg/_isolve/__pycache__/iterative.cpython-310.pyc'
# /home/magnus-amann/Master_Project/mctf26/pyquaticus/env-full/lib/python3.10/site-packages/scipy/sparse/linalg/__pycache__/_interface.cpython-310.pyc matches /home/magnus-amann/Master_Project/mctf26/pyquaticus/env-full/lib/python3.10/site-packages/scipy/sparse/linalg/_interface.py
# code object from '/home/magnus-amann/Master_Project/mctf26/pyquaticus/env-full/lib/python3.10/site-packages/scipy/sparse/linalg/__pycache__/_interface.cpython-310.pyc'
import 'scipy.sparse.linalg._interface' # <_frozen_importlib_external.SourceFileLoader object at 0x7e645a1fa050>
# /home/magnus-amann/Master_Project/mctf26/pyquaticus/env-full/lib/python3.10/site-packages/scipy/sparse/linalg/_isolve/__pycache__/utils.cpython-310.pyc matches /home/magnus-amann/Master_Project/mctf26/pyquaticus/env-full/lib/python3.10/site-packages/scipy/sparse/linalg/_isolve/utils.py
# code object from '/home/magnus-amann/Master_Project/mctf26/pyquaticus/env-full/lib/python3.10/site-packages/scipy/sparse/linalg/_isolve/__pycache__/utils.cpython-310.pyc'
import 'scipy.sparse.linalg._isolve.utils' # <_frozen_importlib_external.SourceFileLoader object at 0x7e645a1fada0>
import 'scipy.sparse.linalg._isolve.iterative' # <_frozen_importlib_external.SourceFileLoader object at 0x7e645a1f9cc0>
# /home/magnus-amann/Master_Project/mctf26/pyquaticus/env-full/lib/python3.10/site-packages/scipy/sparse/linalg/_isolve/__pycache__/minres.cpython-310.pyc matches /home/magnus-amann/Master_Project/mctf26/pyquaticus/env-full/lib/python3.10/site-packages/scipy/sparse/linalg/_isolve/minres.py
# code object from '/home/magnus-amann/Master_Project/mctf26/pyquaticus/env-full/lib/python3.10/site-packages/scipy/sparse/linalg/_isolve/__pycache__/minres.cpython-310.pyc'
import 'scipy.sparse.linalg._isolve.minres' # <_frozen_importlib_external.SourceFileLoader object at 0x7e645a1fb610>
# /home/magnus-amann/Master_Project/mctf26/pyquaticus/env-full/lib/python3.10/site-packages/scipy/sparse/linalg/_isolve/__pycache__/lgmres.cpython-310.pyc matches /home/magnus-amann/Master_Project/mctf26/pyquaticus/env-full/lib/python3.10/site-packages/scipy/sparse/linalg/_isolve/lgmres.py
# code object from '/home/magnus-amann/Master_Project/mctf26/pyquaticus/env-full/lib/python3.10/site-packages/scipy/sparse/linalg/_isolve/__pycache__/lgmres.cpython-310.pyc'
# /home/magnus-amann/Master_Project/mctf26/pyquaticus/env-full/lib/python3.10/site-packages/scipy/sparse/linalg/_isolve/__pycache__/_gcrotmk.cpython-310.pyc matches /home/magnus-amann/Master_Project/mctf26/pyquaticus/env-full/lib/python3.10/site-packages/scipy/sparse/linalg/_isolve/_gcrotmk.py
# code object from '/home/magnus-amann/Master_Project/mctf26/pyquaticus/env-full/lib/python3.10/site-packages/scipy/sparse/linalg/_isolve/__pycache__/_gcrotmk.cpython-310.pyc'
import 'scipy.sparse.linalg._isolve._gcrotmk' # <_frozen_importlib_external.SourceFileLoader object at 0x7e645a1fb880>
import 'scipy.sparse.linalg._isolve.lgmres' # <_frozen_importlib_external.SourceFileLoader object at 0x7e645a1fb6d0>
# /home/magnus-amann/Master_Project/mctf26/pyquaticus/env-full/lib/python3.10/site-packages/scipy/sparse/linalg/_isolve/__pycache__/lsqr.cpython-310.pyc matches /home/magnus-amann/Master_Project/mctf26/pyquaticus/env-full/lib/python3.10/site-packages/scipy/sparse/linalg/_isolve/lsqr.py
# code object from '/home/magnus-amann/Master_Project/mctf26/pyquaticus/env-full/lib/python3.10/site-packages/scipy/sparse/linalg/_isolve/__pycache__/lsqr.cpython-310.pyc'
import 'scipy.sparse.linalg._isolve.lsqr' # <_frozen_importlib_external.SourceFileLoader object at 0x7e645a1fbb80>
# /home/magnus-amann/Master_Project/mctf26/pyquaticus/env-full/lib/python3.10/site-packages/scipy/sparse/linalg/_isolve/__pycache__/lsmr.cpython-310.pyc matches /home/magnus-amann/Master_Project/mctf26/pyquaticus/env-full/lib/python3.10/site-packages/scipy/sparse/linalg/_isolve/lsmr.py
# code object from '/home/magnus-amann/Master_Project/mctf26/pyquaticus/env-full/lib/python3.10/site-packages/scipy/sparse/linalg/_isolve/__pycache__/lsmr.cpython-310.pyc'
import 'scipy.sparse.linalg._isolve.lsmr' # <_frozen_importlib_external.SourceFileLoader object at 0x7e645a1fbc10>
# /home/magnus-amann/Master_Project/mctf26/pyquaticus/env-full/lib/python3.10/site-packages/scipy/sparse/linalg/_isolve/__pycache__/tfqmr.cpython-310.pyc matches /home/magnus-amann/Master_Project/mctf26/pyquaticus/env-full/lib/python3.10/site-packages/scipy/sparse/linalg/_isolve/tfqmr.py
# code object from '/home/magnus-amann/Master_Project/mctf26/pyquaticus/env-full/lib/python3.10/site-packages/scipy/sparse/linalg/_isolve/__pycache__/tfqmr.cpython-310.pyc'
import 'scipy.sparse.linalg._isolve.tfqmr' # <_frozen_importlib_external.SourceFileLoader object at 0x7e645a1fbca0>
import 'scipy.sparse.linalg._isolve' # <_frozen_importlib_external.SourceFileLoader object at 0x7e645a1f9990>
# /home/magnus-amann/Master_Project/mctf26/pyquaticus/env-full/lib/python3.10/site-packages/scipy/sparse/linalg/_dsolve/__pycache__/__init__.cpython-310.pyc matches /home/magnus-amann/Master_Project/mctf26/pyquaticus/env-full/lib/python3.10/site-packages/scipy/sparse/linalg/_dsolve/__init__.py
# code object from '/home/magnus-amann/Master_Project/mctf26/pyquaticus/env-full/lib/python3.10/site-packages/scipy/sparse/linalg/_dsolve/__pycache__/__init__.cpython-310.pyc'
# /home/magnus-amann/Master_Project/mctf26/pyquaticus/env-full/lib/python3.10/site-packages/scipy/sparse/linalg/_dsolve/__pycache__/linsolve.cpython-310.pyc matches /home/magnus-amann/Master_Project/mctf26/pyquaticus/env-full/lib/python3.10/site-packages/scipy/sparse/linalg/_dsolve/linsolve.py
# code object from '/home/magnus-amann/Master_Project/mctf26/pyquaticus/env-full/lib/python3.10/site-packages/scipy/sparse/linalg/_dsolve/__pycache__/linsolve.cpython-310.pyc'
# extension module 'scipy.sparse.linalg._dsolve._superlu' loaded from '/home/magnus-amann/Master_Project/mctf26/pyquaticus/env-full/lib/python3.10/site-packages/scipy/sparse/linalg/_dsolve/_superlu.cpython-310-x86_64-linux-gnu.so'
# extension module 'scipy.sparse.linalg._dsolve._superlu' executed from '/home/magnus-amann/Master_Project/mctf26/pyquaticus/env-full/lib/python3.10/site-packages/scipy/sparse/linalg/_dsolve/_superlu.cpython-310-x86_64-linux-gnu.so'
import 'scipy.sparse.linalg._dsolve._superlu' # <_frozen_importlib_external.ExtensionFileLoader object at 0x7e6459d34280>
import 'scipy.sparse.linalg._dsolve.linsolve' # <_frozen_importlib_external.SourceFileLoader object at 0x7e645a1fbe80>
# /home/magnus-amann/Master_Project/mctf26/pyquaticus/env-full/lib/python3.10/site-packages/scipy/sparse/linalg/_dsolve/__pycache__/_add_newdocs.cpython-310.pyc matches /home/magnus-amann/Master_Project/mctf26/pyquaticus/env-full/lib/python3.10/site-packages/scipy/sparse/linalg/_dsolve/_add_newdocs.py
# code object from '/home/magnus-amann/Master_Project/mctf26/pyquaticus/env-full/lib/python3.10/site-packages/scipy/sparse/linalg/_dsolve/__pycache__/_add_newdocs.cpython-310.pyc'
import 'scipy.sparse.linalg._dsolve._add_newdocs' # <_frozen_importlib_external.SourceFileLoader object at 0x7e6459d342b0>
import 'scipy.sparse.linalg._dsolve' # <_frozen_importlib_external.SourceFileLoader object at 0x7e645a1fbd00>
# /home/magnus-amann/Master_Project/mctf26/pyquaticus/env-full/lib/python3.10/site-packages/scipy/sparse/linalg/_eigen/__pycache__/__init__.cpython-310.pyc matches /home/magnus-amann/Master_Project/mctf26/pyquaticus/env-full/lib/python3.10/site-packages/scipy/sparse/linalg/_eigen/__init__.py
# code object from '/home/magnus-amann/Master_Project/mctf26/pyquaticus/env-full/lib/python3.10/site-packages/scipy/sparse/linalg/_eigen/__pycache__/__init__.cpython-310.pyc'
# /home/magnus-amann/Master_Project/mctf26/pyquaticus/env-full/lib/python3.10/site-packages/scipy/sparse/linalg/_eigen/arpack/__pycache__/__init__.cpython-310.pyc matches /home/magnus-amann/Master_Project/mctf26/pyquaticus/env-full/lib/python3.10/site-packages/scipy/sparse/linalg/_eigen/arpack/__init__.py
# code object from '/home/magnus-amann/Master_Project/mctf26/pyquaticus/env-full/lib/python3.10/site-packages/scipy/sparse/linalg/_eigen/arpack/__pycache__/__init__.cpython-310.pyc'
# /home/magnus-amann/Master_Project/mctf26/pyquaticus/env-full/lib/python3.10/site-packages/scipy/sparse/linalg/_eigen/arpack/__pycache__/arpack.cpython-310.pyc matches /home/magnus-amann/Master_Project/mctf26/pyquaticus/env-full/lib/python3.10/site-packages/scipy/sparse/linalg/_eigen/arpack/arpack.py
# code object from '/home/magnus-amann/Master_Project/mctf26/pyquaticus/env-full/lib/python3.10/site-packages/scipy/sparse/linalg/_eigen/arpack/__pycache__/arpack.cpython-310.pyc'
# /home/magnus-amann/Master_Project/mctf26/pyquaticus/env-full/lib/python3.10/site-packages/scipy/_lib/__pycache__/_threadsafety.cpython-310.pyc matches /home/magnus-amann/Master_Project/mctf26/pyquaticus/env-full/lib/python3.10/site-packages/scipy/_lib/_threadsafety.py
# code object from '/home/magnus-amann/Master_Project/mctf26/pyquaticus/env-full/lib/python3.10/site-packages/scipy/_lib/__pycache__/_threadsafety.cpython-310.pyc'
# /home/magnus-amann/Master_Project/mctf26/pyquaticus/env-full/lib/python3.10/site-packages/scipy/_lib/__pycache__/decorator.cpython-310.pyc matches /home/magnus-amann/Master_Project/mctf26/pyquaticus/env-full/lib/python3.10/site-packages/scipy/_lib/decorator.py
# code object from '/home/magnus-amann/Master_Project/mctf26/pyquaticus/env-full/lib/python3.10/site-packages/scipy/_lib/__pycache__/decorator.cpython-310.pyc'
import 'scipy._lib.decorator' # <_frozen_importlib_external.SourceFileLoader object at 0x7e6459d354e0>
import 'scipy._lib._threadsafety' # <_frozen_importlib_external.SourceFileLoader object at 0x7e6459d350f0>
# extension module 'scipy.sparse.linalg._eigen.arpack._arpack' loaded from '/home/magnus-amann/Master_Project/mctf26/pyquaticus/env-full/lib/python3.10/site-packages/scipy/sparse/linalg/_eigen/arpack/_arpack.cpython-310-x86_64-linux-gnu.so'
# extension module 'scipy.sparse.linalg._eigen.arpack._arpack' executed from '/home/magnus-amann/Master_Project/mctf26/pyquaticus/env-full/lib/python3.10/site-packages/scipy/sparse/linalg/_eigen/arpack/_arpack.cpython-310-x86_64-linux-gnu.so'
import 'scipy.sparse.linalg._eigen.arpack._arpack' # <_frozen_importlib_external.ExtensionFileLoader object at 0x7e6459d35750>
import 'scipy.sparse.linalg._eigen.arpack.arpack' # <_frozen_importlib_external.SourceFileLoader object at 0x7e6459d34610>
import 'scipy.sparse.linalg._eigen.arpack' # <_frozen_importlib_external.SourceFileLoader object at 0x7e6459d34460>
# /home/magnus-amann/Master_Project/mctf26/pyquaticus/env-full/lib/python3.10/site-packages/scipy/sparse/linalg/_eigen/lobpcg/__pycache__/__init__.cpython-310.pyc matches /home/magnus-amann/Master_Project/mctf26/pyquaticus/env-full/lib/python3.10/site-packages/scipy/sparse/linalg/_eigen/lobpcg/__init__.py
# code object from '/home/magnus-amann/Master_Project/mctf26/pyquaticus/env-full/lib/python3.10/site-packages/scipy/sparse/linalg/_eigen/lobpcg/__pycache__/__init__.cpython-310.pyc'
# /home/magnus-amann/Master_Project/mctf26/pyquaticus/env-full/lib/python3.10/site-packages/scipy/sparse/linalg/_eigen/lobpcg/__pycache__/lobpcg.cpython-310.pyc matches /home/magnus-amann/Master_Project/mctf26/pyquaticus/env-full/lib/python3.10/site-packages/scipy/sparse/linalg/_eigen/lobpcg/lobpcg.py
# code object from '/home/magnus-amann/Master_Project/mctf26/pyquaticus/env-full/lib/python3.10/site-packages/scipy/sparse/linalg/_eigen/lobpcg/__pycache__/lobpcg.cpython-310.pyc'
import 'scipy.sparse.linalg._eigen.lobpcg.lobpcg' # <_frozen_importlib_external.SourceFileLoader object at 0x7e6459d35ed0>
import 'scipy.sparse.linalg._eigen.lobpcg' # <_frozen_importlib_external.SourceFileLoader object at 0x7e6459d34a00>
# /home/magnus-amann/Master_Project/mctf26/pyquaticus/env-full/lib/python3.10/site-packages/scipy/sparse/linalg/_eigen/__pycache__/_svds.cpython-310.pyc matches /home/magnus-amann/Master_Project/mctf26/pyquaticus/env-full/lib/python3.10/site-packages/scipy/sparse/linalg/_eigen/_svds.py
# code object from '/home/magnus-amann/Master_Project/mctf26/pyquaticus/env-full/lib/python3.10/site-packages/scipy/sparse/linalg/_eigen/__pycache__/_svds.cpython-310.pyc'
# /home/magnus-amann/Master_Project/mctf26/pyquaticus/env-full/lib/python3.10/site-packages/scipy/sparse/linalg/__pycache__/_svdp.cpython-310.pyc matches /home/magnus-amann/Master_Project/mctf26/pyquaticus/env-full/lib/python3.10/site-packages/scipy/sparse/linalg/_svdp.py
# code object from '/home/magnus-amann/Master_Project/mctf26/pyquaticus/env-full/lib/python3.10/site-packages/scipy/sparse/linalg/__pycache__/_svdp.cpython-310.pyc'
# possible namespace for /home/magnus-amann/Master_Project/mctf26/pyquaticus/env-full/lib/python3.10/site-packages/scipy/sparse/linalg/_propack
import 'scipy.sparse.linalg._propack' # <_frozen_importlib_external._NamespaceLoader object at 0x7e6459d36ec0>
# extension module 'scipy.sparse.linalg._propack._spropack' loaded from '/home/magnus-amann/Master_Project/mctf26/pyquaticus/env-full/lib/python3.10/site-packages/scipy/sparse/linalg/_propack/_spropack.cpython-310-x86_64-linux-gnu.so'
# extension module 'scipy.sparse.linalg._propack._spropack' executed from '/home/magnus-amann/Master_Project/mctf26/pyquaticus/env-full/lib/python3.10/site-packages/scipy/sparse/linalg/_propack/_spropack.cpython-310-x86_64-linux-gnu.so'
import 'scipy.sparse.linalg._propack._spropack' # <_frozen_importlib_external.ExtensionFileLoader object at 0x7e6459d37250>
# extension module 'scipy.sparse.linalg._propack._dpropack' loaded from '/home/magnus-amann/Master_Project/mctf26/pyquaticus/env-full/lib/python3.10/site-packages/scipy/sparse/linalg/_propack/_dpropack.cpython-310-x86_64-linux-gnu.so'
# extension module 'scipy.sparse.linalg._propack._dpropack' executed from '/home/magnus-amann/Master_Project/mctf26/pyquaticus/env-full/lib/python3.10/site-packages/scipy/sparse/linalg/_propack/_dpropack.cpython-310-x86_64-linux-gnu.so'
import 'scipy.sparse.linalg._propack._dpropack' # <_frozen_importlib_external.ExtensionFileLoader object at 0x7e6459d373a0>
# extension module 'scipy.sparse.linalg._propack._cpropack' loaded from '/home/magnus-amann/Master_Project/mctf26/pyquaticus/env-full/lib/python3.10/site-packages/scipy/sparse/linalg/_propack/_cpropack.cpython-310-x86_64-linux-gnu.so'
# extension module 'scipy.sparse.linalg._propack._cpropack' executed from '/home/magnus-amann/Master_Project/mctf26/pyquaticus/env-full/lib/python3.10/site-packages/scipy/sparse/linalg/_propack/_cpropack.cpython-310-x86_64-linux-gnu.so'
import 'scipy.sparse.linalg._propack._cpropack' # <_frozen_importlib_external.ExtensionFileLoader object at 0x7e6459d37520>
# extension module 'scipy.sparse.linalg._propack._zpropack' loaded from '/home/magnus-amann/Master_Project/mctf26/pyquaticus/env-full/lib/python3.10/site-packages/scipy/sparse/linalg/_propack/_zpropack.cpython-310-x86_64-linux-gnu.so'
# extension module 'scipy.sparse.linalg._propack._zpropack' executed from '/home/magnus-amann/Master_Project/mctf26/pyquaticus/env-full/lib/python3.10/site-packages/scipy/sparse/linalg/_propack/_zpropack.cpython-310-x86_64-linux-gnu.so'
import 'scipy.sparse.linalg._propack._zpropack' # <_frozen_importlib_external.ExtensionFileLoader object at 0x7e6459d376a0>
import 'scipy.sparse.linalg._svdp' # <_frozen_importlib_external.SourceFileLoader object at 0x7e6459d36bf0>
import 'scipy.sparse.linalg._eigen._svds' # <_frozen_importlib_external.SourceFileLoader object at 0x7e6459d369b0>
import 'scipy.sparse.linalg._eigen' # <_frozen_importlib_external.SourceFileLoader object at 0x7e6459d342e0>
# /home/magnus-amann/Master_Project/mctf26/pyquaticus/env-full/lib/python3.10/site-packages/scipy/sparse/linalg/__pycache__/_matfuncs.cpython-310.pyc matches /home/magnus-amann/Master_Project/mctf26/pyquaticus/env-full/lib/python3.10/site-packages/scipy/sparse/linalg/_matfuncs.py
# code object from '/home/magnus-amann/Master_Project/mctf26/pyquaticus/env-full/lib/python3.10/site-packages/scipy/sparse/linalg/__pycache__/_matfuncs.cpython-310.pyc'
# /home/magnus-amann/Master_Project/mctf26/pyquaticus/env-full/lib/python3.10/site-packages/scipy/sparse/linalg/__pycache__/_expm_multiply.cpython-310.pyc matches /home/magnus-amann/Master_Project/mctf26/pyquaticus/env-full/lib/python3.10/site-packages/scipy/sparse/linalg/_expm_multiply.py
# code object from '/home/magnus-amann/Master_Project/mctf26/pyquaticus/env-full/lib/python3.10/site-packages/scipy/sparse/linalg/__pycache__/_expm_multiply.cpython-310.pyc'
# /home/magnus-amann/Master_Project/mctf26/pyquaticus/env-full/lib/python3.10/site-packages/scipy/sparse/linalg/__pycache__/_onenormest.cpython-310.pyc matches /home/magnus-amann/Master_Project/mctf26/pyquaticus/env-full/lib/python3.10/site-packages/scipy/sparse/linalg/_onenormest.py
# code object from '/home/magnus-amann/Master_Project/mctf26/pyquaticus/env-full/lib/python3.10/site-packages/scipy/sparse/linalg/__pycache__/_onenormest.cpython-310.pyc'
import 'scipy.sparse.linalg._onenormest' # <_frozen_importlib_external.SourceFileLoader object at 0x7e6459d80460>
import 'scipy.sparse.linalg._expm_multiply' # <_frozen_importlib_external.SourceFileLoader object at 0x7e6459d37d30>
import 'scipy.sparse.linalg._matfuncs' # <_frozen_importlib_external.SourceFileLoader object at 0x7e6459d37790>
# /home/magnus-amann/Master_Project/mctf26/pyquaticus/env-full/lib/python3.10/site-packages/scipy/sparse/linalg/__pycache__/_norm.cpython-310.pyc matches /home/magnus-amann/Master_Project/mctf26/pyquaticus/env-full/lib/python3.10/site-packages/scipy/sparse/linalg/_norm.py
# code object from '/home/magnus-amann/Master_Project/mctf26/pyquaticus/env-full/lib/python3.10/site-packages/scipy/sparse/linalg/__pycache__/_norm.cpython-310.pyc'
import 'scipy.sparse.linalg._norm' # <_frozen_importlib_external.SourceFileLoader object at 0x7e6459d802e0>
# /home/magnus-amann/Master_Project/mctf26/pyquaticus/env-full/lib/python3.10/site-packages/scipy/sparse/linalg/__pycache__/_special_sparse_arrays.cpython-310.pyc matches /home/magnus-amann/Master_Project/mctf26/pyquaticus/env-full/lib/python3.10/site-packages/scipy/sparse/linalg/_special_sparse_arrays.py
# code object from '/home/magnus-amann/Master_Project/mctf26/pyquaticus/env-full/lib/python3.10/site-packages/scipy/sparse/linalg/__pycache__/_special_sparse_arrays.cpython-310.pyc'
import 'scipy.sparse.linalg._special_sparse_arrays' # <_frozen_importlib_external.SourceFileLoader object at 0x7e6459d80880>
# /home/magnus-amann/Master_Project/mctf26/pyquaticus/env-full/lib/python3.10/site-packages/scipy/sparse/linalg/__pycache__/isolve.cpython-310.pyc matches /home/magnus-amann/Master_Project/mctf26/pyquaticus/env-full/lib/python3.10/site-packages/scipy/sparse/linalg/isolve.py
# code object from '/home/magnus-amann/Master_Project/mctf26/pyquaticus/env-full/lib/python3.10/site-packages/scipy/sparse/linalg/__pycache__/isolve.cpython-310.pyc'
import 'scipy.sparse.linalg.isolve' # <_frozen_importlib_external.SourceFileLoader object at 0x7e6459d814e0>
# /home/magnus-amann/Master_Project/mctf26/pyquaticus/env-full/lib/python3.10/site-packages/scipy/sparse/linalg/__pycache__/dsolve.cpython-310.pyc matches /home/magnus-amann/Master_Project/mctf26/pyquaticus/env-full/lib/python3.10/site-packages/scipy/sparse/linalg/dsolve.py
# code object from '/home/magnus-amann/Master_Project/mctf26/pyquaticus/env-full/lib/python3.10/site-packages/scipy/sparse/linalg/__pycache__/dsolve.cpython-310.pyc'
import 'scipy.sparse.linalg.dsolve' # <_frozen_importlib_external.SourceFileLoader object at 0x7e6459d816f0>
# /home/magnus-amann/Master_Project/mctf26/pyquaticus/env-full/lib/python3.10/site-packages/scipy/sparse/linalg/__pycache__/interface.cpython-310.pyc matches /home/magnus-amann/Master_Project/mctf26/pyquaticus/env-full/lib/python3.10/site-packages/scipy/sparse/linalg/interface.py
# code object from '/home/magnus-amann/Master_Project/mctf26/pyquaticus/env-full/lib/python3.10/site-packages/scipy/sparse/linalg/__pycache__/interface.cpython-310.pyc'
import 'scipy.sparse.linalg.interface' # <_frozen_importlib_external.SourceFileLoader object at 0x7e6459d818a0>
# /home/magnus-amann/Master_Project/mctf26/pyquaticus/env-full/lib/python3.10/site-packages/scipy/sparse/linalg/__pycache__/eigen.cpython-310.pyc matches /home/magnus-amann/Master_Project/mctf26/pyquaticus/env-full/lib/python3.10/site-packages/scipy/sparse/linalg/eigen.py
# code object from '/home/magnus-amann/Master_Project/mctf26/pyquaticus/env-full/lib/python3.10/site-packages/scipy/sparse/linalg/__pycache__/eigen.cpython-310.pyc'
import 'scipy.sparse.linalg.eigen' # <_frozen_importlib_external.SourceFileLoader object at 0x7e6459d81a50>
# /home/magnus-amann/Master_Project/mctf26/pyquaticus/env-full/lib/python3.10/site-packages/scipy/sparse/linalg/__pycache__/matfuncs.cpython-310.pyc matches /home/magnus-amann/Master_Project/mctf26/pyquaticus/env-full/lib/python3.10/site-packages/scipy/sparse/linalg/matfuncs.py
# code object from '/home/magnus-amann/Master_Project/mctf26/pyquaticus/env-full/lib/python3.10/site-packages/scipy/sparse/linalg/__pycache__/matfuncs.cpython-310.pyc'
import 'scipy.sparse.linalg.matfuncs' # <_frozen_importlib_external.SourceFileLoader object at 0x7e6459d81c00>
import 'scipy.sparse.linalg' # <_frozen_importlib_external.SourceFileLoader object at 0x7e645a1f9690>
import 'scipy.sparse.csgraph._laplacian' # <_frozen_importlib_external.SourceFileLoader object at 0x7e645a1f9270>
# extension module 'scipy.sparse.csgraph._shortest_path' loaded from '/home/magnus-amann/Master_Project/mctf26/pyquaticus/env-full/lib/python3.10/site-packages/scipy/sparse/csgraph/_shortest_path.cpython-310-x86_64-linux-gnu.so'
# /home/magnus-amann/Master_Project/mctf26/pyquaticus/env-full/lib/python3.10/site-packages/scipy/sparse/csgraph/__pycache__/_validation.cpython-310.pyc matches /home/magnus-amann/Master_Project/mctf26/pyquaticus/env-full/lib/python3.10/site-packages/scipy/sparse/csgraph/_validation.py
# code object from '/home/magnus-amann/Master_Project/mctf26/pyquaticus/env-full/lib/python3.10/site-packages/scipy/sparse/csgraph/__pycache__/_validation.cpython-310.pyc'
# extension module 'scipy.sparse.csgraph._tools' loaded from '/home/magnus-amann/Master_Project/mctf26/pyquaticus/env-full/lib/python3.10/site-packages/scipy/sparse/csgraph/_tools.cpython-310-x86_64-linux-gnu.so'
# extension module 'scipy.sparse.csgraph._tools' executed from '/home/magnus-amann/Master_Project/mctf26/pyquaticus/env-full/lib/python3.10/site-packages/scipy/sparse/csgraph/_tools.cpython-310-x86_64-linux-gnu.so'
import 'scipy.sparse.csgraph._tools' # <_frozen_importlib_external.ExtensionFileLoader object at 0x7e6459d824d0>
import 'scipy.sparse.csgraph._validation' # <_frozen_importlib_external.SourceFileLoader object at 0x7e6459d82260>
# extension module 'scipy.sparse.csgraph._shortest_path' executed from '/home/magnus-amann/Master_Project/mctf26/pyquaticus/env-full/lib/python3.10/site-packages/scipy/sparse/csgraph/_shortest_path.cpython-310-x86_64-linux-gnu.so'
import 'scipy.sparse.csgraph._shortest_path' # <_frozen_importlib_external.ExtensionFileLoader object at 0x7e645a1f9660>
# extension module 'scipy.sparse.csgraph._traversal' loaded from '/home/magnus-amann/Master_Project/mctf26/pyquaticus/env-full/lib/python3.10/site-packages/scipy/sparse/csgraph/_traversal.cpython-310-x86_64-linux-gnu.so'
# extension module 'scipy.sparse.csgraph._traversal' executed from '/home/magnus-amann/Master_Project/mctf26/pyquaticus/env-full/lib/python3.10/site-packages/scipy/sparse/csgraph/_traversal.cpython-310-x86_64-linux-gnu.so'
import 'scipy.sparse.csgraph._traversal' # <_frozen_importlib_external.ExtensionFileLoader object at 0x7e6459d82680>
# extension module 'scipy.sparse.csgraph._min_spanning_tree' loaded from '/home/magnus-amann/Master_Project/mctf26/pyquaticus/env-full/lib/python3.10/site-packages/scipy/sparse/csgraph/_min_spanning_tree.cpython-310-x86_64-linux-gnu.so'
# extension module 'scipy.sparse.csgraph._min_spanning_tree' executed from '/home/magnus-amann/Master_Project/mctf26/pyquaticus/env-full/lib/python3.10/site-packages/scipy/sparse/csgraph/_min_spanning_tree.cpython-310-x86_64-linux-gnu.so'
import 'scipy.sparse.csgraph._min_spanning_tree' # <_frozen_importlib_external.ExtensionFileLoader object at 0x7e6459d82b60>
# extension module 'scipy.sparse.csgraph._flow' loaded from '/home/magnus-amann/Master_Project/mctf26/pyquaticus/env-full/lib/python3.10/site-packages/scipy/sparse/csgraph/_flow.cpython-310-x86_64-linux-gnu.so'
# extension module 'scipy.sparse.csgraph._flow' executed from '/home/magnus-amann/Master_Project/mctf26/pyquaticus/env-full/lib/python3.10/site-packages/scipy/sparse/csgraph/_flow.cpython-310-x86_64-linux-gnu.so'
import 'scipy.sparse.csgraph._flow' # <_frozen_importlib_external.ExtensionFileLoader object at 0x7e6459d83070>
# extension module 'scipy.sparse.csgraph._matching' loaded from '/home/magnus-amann/Master_Project/mctf26/pyquaticus/env-full/lib/python3.10/site-packages/scipy/sparse/csgraph/_matching.cpython-310-x86_64-linux-gnu.so'
# extension module 'scipy.sparse.csgraph._matching' executed from '/home/magnus-amann/Master_Project/mctf26/pyquaticus/env-full/lib/python3.10/site-packages/scipy/sparse/csgraph/_matching.cpython-310-x86_64-linux-gnu.so'
import 'scipy.sparse.csgraph._matching' # <_frozen_importlib_external.ExtensionFileLoader object at 0x7e6459d83640>
# extension module 'scipy.sparse.csgraph._reordering' loaded from '/home/magnus-amann/Master_Project/mctf26/pyquaticus/env-full/lib/python3.10/site-packages/scipy/sparse/csgraph/_reordering.cpython-310-x86_64-linux-gnu.so'
# extension module 'scipy.sparse.csgraph._reordering' executed from '/home/magnus-amann/Master_Project/mctf26/pyquaticus/env-full/lib/python3.10/site-packages/scipy/sparse/csgraph/_reordering.cpython-310-x86_64-linux-gnu.so'
import 'scipy.sparse.csgraph._reordering' # <_frozen_importlib_external.ExtensionFileLoader object at 0x7e6459d83c40>
import 'scipy.sparse.csgraph' # <_frozen_importlib_external.SourceFileLoader object at 0x7e645a1f8fd0>
# /home/magnus-amann/Master_Project/mctf26/pyquaticus/env-full/lib/python3.10/site-packages/scipy/sparse/__pycache__/base.cpython-310.pyc matches /home/magnus-amann/Master_Project/mctf26/pyquaticus/env-full/lib/python3.10/site-packages/scipy/sparse/base.py
# code object from '/home/magnus-amann/Master_Project/mctf26/pyquaticus/env-full/lib/python3.10/site-packages/scipy/sparse/__pycache__/base.cpython-310.pyc'
import 'scipy.sparse.base' # <_frozen_importlib_external.SourceFileLoader object at 0x7e6459dbc250>
# /home/magnus-amann/Master_Project/mctf26/pyquaticus/env-full/lib/python3.10/site-packages/scipy/sparse/__pycache__/bsr.cpython-310.pyc matches /home/magnus-amann/Master_Project/mctf26/pyquaticus/env-full/lib/python3.10/site-packages/scipy/sparse/bsr.py
# code object from '/home/magnus-amann/Master_Project/mctf26/pyquaticus/env-full/lib/python3.10/site-packages/scipy/sparse/__pycache__/bsr.cpython-310.pyc'
import 'scipy.sparse.bsr' # <_frozen_importlib_external.SourceFileLoader object at 0x7e6459dbc370>
# /home/magnus-amann/Master_Project/mctf26/pyquaticus/env-full/lib/python3.10/site-packages/scipy/sparse/__pycache__/compressed.cpython-310.pyc matches /home/magnus-amann/Master_Project/mctf26/pyquaticus/env-full/lib/python3.10/site-packages/scipy/sparse/compressed.py
# code object from '/home/magnus-amann/Master_Project/mctf26/pyquaticus/env-full/lib/python3.10/site-packages/scipy/sparse/__pycache__/compressed.cpython-310.pyc'
import 'scipy.sparse.compressed' # <_frozen_importlib_external.SourceFileLoader object at 0x7e6459dbc4f0>
# /home/magnus-amann/Master_Project/mctf26/pyquaticus/env-full/lib/python3.10/site-packages/scipy/sparse/__pycache__/construct.cpython-310.pyc matches /home/magnus-amann/Master_Project/mctf26/pyquaticus/env-full/lib/python3.10/site-packages/scipy/sparse/construct.py
# code object from '/home/magnus-amann/Master_Project/mctf26/pyquaticus/env-full/lib/python3.10/site-packages/scipy/sparse/__pycache__/construct.cpython-310.pyc'
import 'scipy.sparse.construct' # <_frozen_importlib_external.SourceFileLoader object at 0x7e6459dbc6a0>
# /home/magnus-amann/Master_Project/mctf26/pyquaticus/env-full/lib/python3.10/site-packages/scipy/sparse/__pycache__/coo.cpython-310.pyc matches /home/magnus-amann/Master_Project/mctf26/pyquaticus/env-full/lib/python3.10/site-packages/scipy/sparse/coo.py
# code object from '/home/magnus-amann/Master_Project/mctf26/pyquaticus/env-full/lib/python3.10/site-packages/scipy/sparse/__pycache__/coo.cpython-310.pyc'
import 'scipy.sparse.coo' # <_frozen_importlib_external.SourceFileLoader object at 0x7e6459dbc850>
# /home/magnus-amann/Master_Project/mctf26/pyquaticus/env-full/lib/python3.10/site-packages/scipy/sparse/__pycache__/csc.cpython-310.pyc matches /home/magnus-amann/Master_Project/mctf26/pyquaticus/env-full/lib/python3.10/site-packages/scipy/sparse/csc.py
# code object from '/home/magnus-amann/Master_Project/mctf26/pyquaticus/env-full/lib/python3.10/site-packages/scipy/sparse/__pycache__/csc.cpython-310.pyc'
import 'scipy.sparse.csc' # <_frozen_importlib_external.SourceFileLoader object at 0x7e6459dbca00>
# /home/magnus-amann/Master_Project/mctf26/pyquaticus/env-full/lib/python3.10/site-packages/scipy/sparse/__pycache__/csr.cpython-310.pyc matches /home/magnus-amann/Master_Project/mctf26/pyquaticus/env-full/lib/python3.10/site-packages/scipy/sparse/csr.py
# code object from '/home/magnus-amann/Master_Project/mctf26/pyquaticus/env-full/lib/python3.10/site-packages/scipy/sparse/__pycache__/csr.cpython-310.pyc'
import 'scipy.sparse.csr' # <_frozen_importlib_external.SourceFileLoader object at 0x7e6459dbcbe0>
# /home/magnus-amann/Master_Project/mctf26/pyquaticus/env-full/lib/python3.10/site-packages/scipy/sparse/__pycache__/data.cpython-310.pyc matches /home/magnus-amann/Master_Project/mctf26/pyquaticus/env-full/lib/python3.10/site-packages/scipy/sparse/data.py
# code object from '/home/magnus-amann/Master_Project/mctf26/pyquaticus/env-full/lib/python3.10/site-packages/scipy/sparse/__pycache__/data.cpython-310.pyc'
import 'scipy.sparse.data' # <_frozen_importlib_external.SourceFileLoader object at 0x7e6459dbcd90>
# /home/magnus-amann/Master_Project/mctf26/pyquaticus/env-full/lib/python3.10/site-packages/scipy/sparse/__pycache__/dia.cpython-310.pyc matches /home/magnus-amann/Master_Project/mctf26/pyquaticus/env-full/lib/python3.10/site-packages/scipy/sparse/dia.py
# code object from '/home/magnus-amann/Master_Project/mctf26/pyquaticus/env-full/lib/python3.10/site-packages/scipy/sparse/__pycache__/dia.cpython-310.pyc'
import 'scipy.sparse.dia' # <_frozen_importlib_external.SourceFileLoader object at 0x7e6459dbcf40>
# /home/magnus-amann/Master_Project/mctf26/pyquaticus/env-full/lib/python3.10/site-packages/scipy/sparse/__pycache__/dok.cpython-310.pyc matches /home/magnus-amann/Master_Project/mctf26/pyquaticus/env-full/lib/python3.10/site-packages/scipy/sparse/dok.py
# code object from '/home/magnus-amann/Master_Project/mctf26/pyquaticus/env-full/lib/python3.10/site-packages/scipy/sparse/__pycache__/dok.cpython-310.pyc'
import 'scipy.sparse.dok' # <_frozen_importlib_external.SourceFileLoader object at 0x7e6459dbd0f0>
# /home/magnus-amann/Master_Project/mctf26/pyquaticus/env-full/lib/python3.10/site-packages/scipy/sparse/__pycache__/extract.cpython-310.pyc matches /home/magnus-amann/Master_Project/mctf26/pyquaticus/env-full/lib/python3.10/site-packages/scipy/sparse/extract.py
# code object from '/home/magnus-amann/Master_Project/mctf26/pyquaticus/env-full/lib/python3.10/site-packages/scipy/sparse/__pycache__/extract.cpython-310.pyc'
import 'scipy.sparse.extract' # <_frozen_importlib_external.SourceFileLoader object at 0x7e6459dbd2a0>
# /home/magnus-amann/Master_Project/mctf26/pyquaticus/env-full/lib/python3.10/site-packages/scipy/sparse/__pycache__/lil.cpython-310.pyc matches /home/magnus-amann/Master_Project/mctf26/pyquaticus/env-full/lib/python3.10/site-packages/scipy/sparse/lil.py
# code object from '/home/magnus-amann/Master_Project/mctf26/pyquaticus/env-full/lib/python3.10/site-packages/scipy/sparse/__pycache__/lil.cpython-310.pyc'
import 'scipy.sparse.lil' # <_frozen_importlib_external.SourceFileLoader object at 0x7e6459dbd450>
# /home/magnus-amann/Master_Project/mctf26/pyquaticus/env-full/lib/python3.10/site-packages/scipy/sparse/__pycache__/sparsetools.cpython-310.pyc matches /home/magnus-amann/Master_Project/mctf26/pyquaticus/env-full/lib/python3.10/site-packages/scipy/sparse/sparsetools.py
# code object from '/home/magnus-amann/Master_Project/mctf26/pyquaticus/env-full/lib/python3.10/site-packages/scipy/sparse/__pycache__/sparsetools.cpython-310.pyc'
import 'scipy.sparse.sparsetools' # <_frozen_importlib_external.SourceFileLoader object at 0x7e6459dbd600>
# /home/magnus-amann/Master_Project/mctf26/pyquaticus/env-full/lib/python3.10/site-packages/scipy/sparse/__pycache__/sputils.cpython-310.pyc matches /home/magnus-amann/Master_Project/mctf26/pyquaticus/env-full/lib/python3.10/site-packages/scipy/sparse/sputils.py
# code object from '/home/magnus-amann/Master_Project/mctf26/pyquaticus/env-full/lib/python3.10/site-packages/scipy/sparse/__pycache__/sputils.cpython-310.pyc'
import 'scipy.sparse.sputils' # <_frozen_importlib_external.SourceFileLoader object at 0x7e6459dbd7b0>
import 'scipy.sparse' # <_frozen_importlib_external.SourceFileLoader object at 0x7e645a146d70>
import 'scipy.linalg._sketches' # <_frozen_importlib_external.SourceFileLoader object at 0x7e645a146b60>
# /home/magnus-amann/Master_Project/mctf26/pyquaticus/env-full/lib/python3.10/site-packages/scipy/linalg/__pycache__/_decomp_cossin.cpython-310.pyc matches /home/magnus-amann/Master_Project/mctf26/pyquaticus/env-full/lib/python3.10/site-packages/scipy/linalg/_decomp_cossin.py
# code object from '/home/magnus-amann/Master_Project/mctf26/pyquaticus/env-full/lib/python3.10/site-packages/scipy/linalg/__pycache__/_decomp_cossin.cpython-310.pyc'
import 'scipy.linalg._decomp_cossin' # <_frozen_importlib_external.SourceFileLoader object at 0x7e6459dbd930>
# /home/magnus-amann/Master_Project/mctf26/pyquaticus/env-full/lib/python3.10/site-packages/scipy/linalg/__pycache__/decomp.cpython-310.pyc matches /home/magnus-amann/Master_Project/mctf26/pyquaticus/env-full/lib/python3.10/site-packages/scipy/linalg/decomp.py
# code object from '/home/magnus-amann/Master_Project/mctf26/pyquaticus/env-full/lib/python3.10/site-packages/scipy/linalg/__pycache__/decomp.cpython-310.pyc'
import 'scipy.linalg.decomp' # <_frozen_importlib_external.SourceFileLoader object at 0x7e6459dbdab0>
# /home/magnus-amann/Master_Project/mctf26/pyquaticus/env-full/lib/python3.10/site-packages/scipy/linalg/__pycache__/decomp_cholesky.cpython-310.pyc matches /home/magnus-amann/Master_Project/mctf26/pyquaticus/env-full/lib/python3.10/site-packages/scipy/linalg/decomp_cholesky.py
# code object from '/home/magnus-amann/Master_Project/mctf26/pyquaticus/env-full/lib/python3.10/site-packages/scipy/linalg/__pycache__/decomp_cholesky.cpython-310.pyc'
import 'scipy.linalg.decomp_cholesky' # <_frozen_importlib_external.SourceFileLoader object at 0x7e6459dbdbd0>
# /home/magnus-amann/Master_Project/mctf26/pyquaticus/env-full/lib/python3.10/site-packages/scipy/linalg/__pycache__/decomp_lu.cpython-310.pyc matches /home/magnus-amann/Master_Project/mctf26/pyquaticus/env-full/lib/python3.10/site-packages/scipy/linalg/decomp_lu.py
# code object from '/home/magnus-amann/Master_Project/mctf26/pyquaticus/env-full/lib/python3.10/site-packages/scipy/linalg/__pycache__/decomp_lu.cpython-310.pyc'
import 'scipy.linalg.decomp_lu' # <_frozen_importlib_external.SourceFileLoader object at 0x7e6459dbdcf0>
# /home/magnus-amann/Master_Project/mctf26/pyquaticus/env-full/lib/python3.10/site-packages/scipy/linalg/__pycache__/decomp_qr.cpython-310.pyc matches /home/magnus-amann/Master_Project/mctf26/pyquaticus/env-full/lib/python3.10/site-packages/scipy/linalg/decomp_qr.py
# code object from '/home/magnus-amann/Master_Project/mctf26/pyquaticus/env-full/lib/python3.10/site-packages/scipy/linalg/__pycache__/decomp_qr.cpython-310.pyc'
import 'scipy.linalg.decomp_qr' # <_frozen_importlib_external.SourceFileLoader object at 0x7e6459dbdea0>
# /home/magnus-amann/Master_Project/mctf26/pyquaticus/env-full/lib/python3.10/site-packages/scipy/linalg/__pycache__/decomp_svd.cpython-310.pyc matches /home/magnus-amann/Master_Project/mctf26/pyquaticus/env-full/lib/python3.10/site-packages/scipy/linalg/decomp_svd.py
# code object from '/home/magnus-amann/Master_Project/mctf26/pyquaticus/env-full/lib/python3.10/site-packages/scipy/linalg/__pycache__/decomp_svd.cpython-310.pyc'
import 'scipy.linalg.decomp_svd' # <_frozen_importlib_external.SourceFileLoader object at 0x7e6459dbe050>
# /home/magnus-amann/Master_Project/mctf26/pyquaticus/env-full/lib/python3.10/site-packages/scipy/linalg/__pycache__/decomp_schur.cpython-310.pyc matches /home/magnus-amann/Master_Project/mctf26/pyquaticus/env-full/lib/python3.10/site-packages/scipy/linalg/decomp_schur.py
# code object from '/home/magnus-amann/Master_Project/mctf26/pyquaticus/env-full/lib/python3.10/site-packages/scipy/linalg/__pycache__/decomp_schur.cpython-310.pyc'
import 'scipy.linalg.decomp_schur' # <_frozen_importlib_external.SourceFileLoader object at 0x7e6459dbe200>
# /home/magnus-amann/Master_Project/mctf26/pyquaticus/env-full/lib/python3.10/site-packages/scipy/linalg/__pycache__/basic.cpython-310.pyc matches /home/magnus-amann/Master_Project/mctf26/pyquaticus/env-full/lib/python3.10/site-packages/scipy/linalg/basic.py
# code object from '/home/magnus-amann/Master_Project/mctf26/pyquaticus/env-full/lib/python3.10/site-packages/scipy/linalg/__pycache__/basic.cpython-310.pyc'
import 'scipy.linalg.basic' # <_frozen_importlib_external.SourceFileLoader object at 0x7e6459dbe3e0>
# /home/magnus-amann/Master_Project/mctf26/pyquaticus/env-full/lib/python3.10/site-packages/scipy/linalg/__pycache__/misc.cpython-310.pyc matches /home/magnus-amann/Master_Project/mctf26/pyquaticus/env-full/lib/python3.10/site-packages/scipy/linalg/misc.py
# code object from '/home/magnus-amann/Master_Project/mctf26/pyquaticus/env-full/lib/python3.10/site-packages/scipy/linalg/__pycache__/misc.cpython-310.pyc'
import 'scipy.linalg.misc' # <_frozen_importlib_external.SourceFileLoader object at 0x7e6459dbe590>
# /home/magnus-amann/Master_Project/mctf26/pyquaticus/env-full/lib/python3.10/site-packages/scipy/linalg/__pycache__/special_matrices.cpython-310.pyc matches /home/magnus-amann/Master_Project/mctf26/pyquaticus/env-full/lib/python3.10/site-packages/scipy/linalg/special_matrices.py
# code object from '/home/magnus-amann/Master_Project/mctf26/pyquaticus/env-full/lib/python3.10/site-packages/scipy/linalg/__pycache__/special_matrices.cpython-310.pyc'
import 'scipy.linalg.special_matrices' # <_frozen_importlib_external.SourceFileLoader object at 0x7e6459dbe770>
# /home/magnus-amann/Master_Project/mctf26/pyquaticus/env-full/lib/python3.10/site-packages/scipy/linalg/__pycache__/matfuncs.cpython-310.pyc matches /home/magnus-amann/Master_Project/mctf26/pyquaticus/env-full/lib/python3.10/site-packages/scipy/linalg/matfuncs.py
# code object from '/home/magnus-amann/Master_Project/mctf26/pyquaticus/env-full/lib/python3.10/site-packages/scipy/linalg/__pycache__/matfuncs.cpython-310.pyc'
import 'scipy.linalg.matfuncs' # <_frozen_importlib_external.SourceFileLoader object at 0x7e6459dbe920>
import 'scipy.linalg' # <_frozen_importlib_external.SourceFileLoader object at 0x7e645a927fa0>
import 'scipy.special._orthogonal' # <_frozen_importlib_external.SourceFileLoader object at 0x7e645a925b40>
# /home/magnus-amann/Master_Project/mctf26/pyquaticus/env-full/lib/python3.10/site-packages/scipy/special/__pycache__/_spfun_stats.cpython-310.pyc matches /home/magnus-amann/Master_Project/mctf26/pyquaticus/env-full/lib/python3.10/site-packages/scipy/special/_spfun_stats.py
# code object from '/home/magnus-amann/Master_Project/mctf26/pyquaticus/env-full/lib/python3.10/site-packages/scipy/special/__pycache__/_spfun_stats.cpython-310.pyc'
import 'scipy.special._spfun_stats' # <_frozen_importlib_external.SourceFileLoader object at 0x7e645a970160>
# /home/magnus-amann/Master_Project/mctf26/pyquaticus/env-full/lib/python3.10/site-packages/scipy/special/__pycache__/_ellip_harm.cpython-310.pyc matches /home/magnus-amann/Master_Project/mctf26/pyquaticus/env-full/lib/python3.10/site-packages/scipy/special/_ellip_harm.py
# code object from '/home/magnus-amann/Master_Project/mctf26/pyquaticus/env-full/lib/python3.10/site-packages/scipy/special/__pycache__/_ellip_harm.cpython-310.pyc'
# extension module 'scipy.special._ellip_harm_2' loaded from '/home/magnus-amann/Master_Project/mctf26/pyquaticus/env-full/lib/python3.10/site-packages/scipy/special/_ellip_harm_2.cpython-310-x86_64-linux-gnu.so'
# extension module 'scipy.special._ellip_harm_2' executed from '/home/magnus-amann/Master_Project/mctf26/pyquaticus/env-full/lib/python3.10/site-packages/scipy/special/_ellip_harm_2.cpython-310-x86_64-linux-gnu.so'
import 'scipy.special._ellip_harm_2' # <_frozen_importlib_external.ExtensionFileLoader object at 0x7e6459dbebf0>
import 'scipy.special._ellip_harm' # <_frozen_importlib_external.SourceFileLoader object at 0x7e6459dbe9e0>
# /home/magnus-amann/Master_Project/mctf26/pyquaticus/env-full/lib/python3.10/site-packages/scipy/special/__pycache__/_lambertw.cpython-310.pyc matches /home/magnus-amann/Master_Project/mctf26/pyquaticus/env-full/lib/python3.10/site-packages/scipy/special/_lambertw.py
# code object from '/home/magnus-amann/Master_Project/mctf26/pyquaticus/env-full/lib/python3.10/site-packages/scipy/special/__pycache__/_lambertw.cpython-310.pyc'
import 'scipy.special._lambertw' # <_frozen_importlib_external.SourceFileLoader object at 0x7e6459dbed40>
# /home/magnus-amann/Master_Project/mctf26/pyquaticus/env-full/lib/python3.10/site-packages/scipy/special/__pycache__/_spherical_bessel.cpython-310.pyc matches /home/magnus-amann/Master_Project/mctf26/pyquaticus/env-full/lib/python3.10/site-packages/scipy/special/_spherical_bessel.py
# code object from '/home/magnus-amann/Master_Project/mctf26/pyquaticus/env-full/lib/python3.10/site-packages/scipy/special/__pycache__/_spherical_bessel.cpython-310.pyc'
import 'scipy.special._spherical_bessel' # <_frozen_importlib_external.SourceFileLoader object at 0x7e6459dbee00>
# /home/magnus-amann/Master_Project/mctf26/pyquaticus/env-full/lib/python3.10/site-packages/scipy/special/__pycache__/add_newdocs.cpython-310.pyc matches /home/magnus-amann/Master_Project/mctf26/pyquaticus/env-full/lib/python3.10/site-packages/scipy/special/add_newdocs.py
# code object from '/home/magnus-amann/Master_Project/mctf26/pyquaticus/env-full/lib/python3.10/site-packages/scipy/special/__pycache__/add_newdocs.cpython-310.pyc'
import 'scipy.special.add_newdocs' # <_frozen_importlib_external.SourceFileLoader object at 0x7e6459dbf460>
# /home/magnus-amann/Master_Project/mctf26/pyquaticus/env-full/lib/python3.10/site-packages/scipy/special/__pycache__/basic.cpython-310.pyc matches /home/magnus-amann/Master_Project/mctf26/pyquaticus/env-full/lib/python3.10/site-packages/scipy/special/basic.py
# code object from '/home/magnus-amann/Master_Project/mctf26/pyquaticus/env-full/lib/python3.10/site-packages/scipy/special/__pycache__/basic.cpython-310.pyc'
import 'scipy.special.basic' # <_frozen_importlib_external.SourceFileLoader object at 0x7e6459dbf610>
# /home/magnus-amann/Master_Project/mctf26/pyquaticus/env-full/lib/python3.10/site-packages/scipy/special/__pycache__/orthogonal.cpython-310.pyc matches /home/magnus-amann/Master_Project/mctf26/pyquaticus/env-full/lib/python3.10/site-packages/scipy/special/orthogonal.py
# code object from '/home/magnus-amann/Master_Project/mctf26/pyquaticus/env-full/lib/python3.10/site-packages/scipy/special/__pycache__/orthogonal.cpython-310.pyc'
import 'scipy.special.orthogonal' # <_frozen_importlib_external.SourceFileLoader object at 0x7e6459dbf7f0>
# /home/magnus-amann/Master_Project/mctf26/pyquaticus/env-full/lib/python3.10/site-packages/scipy/special/__pycache__/specfun.cpython-310.pyc matches /home/magnus-amann/Master_Project/mctf26/pyquaticus/env-full/lib/python3.10/site-packages/scipy/special/specfun.py
# code object from '/home/magnus-amann/Master_Project/mctf26/pyquaticus/env-full/lib/python3.10/site-packages/scipy/special/__pycache__/specfun.cpython-310.pyc'
import 'scipy.special.specfun' # <_frozen_importlib_external.SourceFileLoader object at 0x7e6459dbf9a0>
# /home/magnus-amann/Master_Project/mctf26/pyquaticus/env-full/lib/python3.10/site-packages/scipy/special/__pycache__/sf_error.cpython-310.pyc matches /home/magnus-amann/Master_Project/mctf26/pyquaticus/env-full/lib/python3.10/site-packages/scipy/special/sf_error.py
# code object from '/home/magnus-amann/Master_Project/mctf26/pyquaticus/env-full/lib/python3.10/site-packages/scipy/special/__pycache__/sf_error.cpython-310.pyc'
import 'scipy.special.sf_error' # <_frozen_importlib_external.SourceFileLoader object at 0x7e6459dbfb80>
# /home/magnus-amann/Master_Project/mctf26/pyquaticus/env-full/lib/python3.10/site-packages/scipy/special/__pycache__/spfun_stats.cpython-310.pyc matches /home/magnus-amann/Master_Project/mctf26/pyquaticus/env-full/lib/python3.10/site-packages/scipy/special/spfun_stats.py
# code object from '/home/magnus-amann/Master_Project/mctf26/pyquaticus/env-full/lib/python3.10/site-packages/scipy/special/__pycache__/spfun_stats.cpython-310.pyc'
import 'scipy.special.spfun_stats' # <_frozen_importlib_external.SourceFileLoader object at 0x7e6459dbfd30>
import 'scipy.special' # <_frozen_importlib_external.SourceFileLoader object at 0x7e645b95b790>
import 'scipy.ndimage._interpolation' # <_frozen_importlib_external.SourceFileLoader object at 0x7e645b95a5c0>
# /home/magnus-amann/Master_Project/mctf26/pyquaticus/env-full/lib/python3.10/site-packages/scipy/ndimage/__pycache__/_measurements.cpython-310.pyc matches /home/magnus-amann/Master_Project/mctf26/pyquaticus/env-full/lib/python3.10/site-packages/scipy/ndimage/_measurements.py
# code object from '/home/magnus-amann/Master_Project/mctf26/pyquaticus/env-full/lib/python3.10/site-packages/scipy/ndimage/__pycache__/_measurements.cpython-310.pyc'
# extension module 'scipy.ndimage._ni_label' loaded from '/home/magnus-amann/Master_Project/mctf26/pyquaticus/env-full/lib/python3.10/site-packages/scipy/ndimage/_ni_label.cpython-310-x86_64-linux-gnu.so'
# extension module 'scipy.ndimage._ni_label' executed from '/home/magnus-amann/Master_Project/mctf26/pyquaticus/env-full/lib/python3.10/site-packages/scipy/ndimage/_ni_label.cpython-310-x86_64-linux-gnu.so'
import 'scipy.ndimage._ni_label' # <_frozen_importlib_external.ExtensionFileLoader object at 0x7e6459dd46d0>
# /home/magnus-amann/Master_Project/mctf26/pyquaticus/env-full/lib/python3.10/site-packages/scipy/ndimage/__pycache__/_morphology.cpython-310.pyc matches /home/magnus-amann/Master_Project/mctf26/pyquaticus/env-full/lib/python3.10/site-packages/scipy/ndimage/_morphology.py
# code object from '/home/magnus-amann/Master_Project/mctf26/pyquaticus/env-full/lib/python3.10/site-packages/scipy/ndimage/__pycache__/_morphology.cpython-310.pyc'
import 'scipy.ndimage._morphology' # <_frozen_importlib_external.SourceFileLoader object at 0x7e6459dd4c70>
import 'scipy.ndimage._measurements' # <_frozen_importlib_external.SourceFileLoader object at 0x7e645b95a740>
import 'scipy.ndimage._ndimage_api' # <_frozen_importlib_external.SourceFileLoader object at 0x7e645b91d300>
# /home/magnus-amann/Master_Project/mctf26/pyquaticus/env-full/lib/python3.10/site-packages/scipy/ndimage/__pycache__/_delegators.cpython-310.pyc matches /home/magnus-amann/Master_Project/mctf26/pyquaticus/env-full/lib/python3.10/site-packages/scipy/ndimage/_delegators.py
# code object from '/home/magnus-amann/Master_Project/mctf26/pyquaticus/env-full/lib/python3.10/site-packages/scipy/ndimage/__pycache__/_delegators.cpython-310.pyc'
import 'scipy.ndimage._delegators' # <_frozen_importlib_external.SourceFileLoader object at 0x7e6459dd4520>
import 'scipy.ndimage._support_alternative_backends' # <_frozen_importlib_external.SourceFileLoader object at 0x7e64607bc6a0>
# /home/magnus-amann/Master_Project/mctf26/pyquaticus/env-full/lib/python3.10/site-packages/scipy/ndimage/__pycache__/filters.cpython-310.pyc matches /home/magnus-amann/Master_Project/mctf26/pyquaticus/env-full/lib/python3.10/site-packages/scipy/ndimage/filters.py
# code object from '/home/magnus-amann/Master_Project/mctf26/pyquaticus/env-full/lib/python3.10/site-packages/scipy/ndimage/__pycache__/filters.cpython-310.pyc'
import 'scipy.ndimage.filters' # <_frozen_importlib_external.SourceFileLoader object at 0x7e6459dd54e0>
# /home/magnus-amann/Master_Project/mctf26/pyquaticus/env-full/lib/python3.10/site-packages/scipy/ndimage/__pycache__/fourier.cpython-310.pyc matches /home/magnus-amann/Master_Project/mctf26/pyquaticus/env-full/lib/python3.10/site-packages/scipy/ndimage/fourier.py
# code object from '/home/magnus-amann/Master_Project/mctf26/pyquaticus/env-full/lib/python3.10/site-packages/scipy/ndimage/__pycache__/fourier.cpython-310.pyc'
import 'scipy.ndimage.fourier' # <_frozen_importlib_external.SourceFileLoader object at 0x7e6459dd5600>
# /home/magnus-amann/Master_Project/mctf26/pyquaticus/env-full/lib/python3.10/site-packages/scipy/ndimage/__pycache__/interpolation.cpython-310.pyc matches /home/magnus-amann/Master_Project/mctf26/pyquaticus/env-full/lib/python3.10/site-packages/scipy/ndimage/interpolation.py
# code object from '/home/magnus-amann/Master_Project/mctf26/pyquaticus/env-full/lib/python3.10/site-packages/scipy/ndimage/__pycache__/interpolation.cpython-310.pyc'
import 'scipy.ndimage.interpolation' # <_frozen_importlib_external.SourceFileLoader object at 0x7e6459dd5720>
# /home/magnus-amann/Master_Project/mctf26/pyquaticus/env-full/lib/python3.10/site-packages/scipy/ndimage/__pycache__/measurements.cpython-310.pyc matches /home/magnus-amann/Master_Project/mctf26/pyquaticus/env-full/lib/python3.10/site-packages/scipy/ndimage/measurements.py
# code object from '/home/magnus-amann/Master_Project/mctf26/pyquaticus/env-full/lib/python3.10/site-packages/scipy/ndimage/__pycache__/measurements.cpython-310.pyc'
import 'scipy.ndimage.measurements' # <_frozen_importlib_external.SourceFileLoader object at 0x7e6459dd5840>
# /home/magnus-amann/Master_Project/mctf26/pyquaticus/env-full/lib/python3.10/site-packages/scipy/ndimage/__pycache__/morphology.cpython-310.pyc matches /home/magnus-amann/Master_Project/mctf26/pyquaticus/env-full/lib/python3.10/site-packages/scipy/ndimage/morphology.py
# code object from '/home/magnus-amann/Master_Project/mctf26/pyquaticus/env-full/lib/python3.10/site-packages/scipy/ndimage/__pycache__/morphology.cpython-310.pyc'
import 'scipy.ndimage.morphology' # <_frozen_importlib_external.SourceFileLoader object at 0x7e6459dd5960>
import 'scipy.ndimage' # <_frozen_importlib_external.SourceFileLoader object at 0x7e646077ce80>
# /home/magnus-amann/Master_Project/mctf26/pyquaticus/env-full/lib/python3.10/site-packages/shapely/__pycache__/__init__.cpython-310.pyc matches /home/magnus-amann/Master_Project/mctf26/pyquaticus/env-full/lib/python3.10/site-packages/shapely/__init__.py
# code object from '/home/magnus-amann/Master_Project/mctf26/pyquaticus/env-full/lib/python3.10/site-packages/shapely/__pycache__/__init__.cpython-310.pyc'
# extension module 'shapely.lib' loaded from '/home/magnus-amann/Master_Project/mctf26/pyquaticus/env-full/lib/python3.10/site-packages/shapely/lib.cpython-310-x86_64-linux-gnu.so'
# extension module 'shapely.lib' executed from '/home/magnus-amann/Master_Project/mctf26/pyquaticus/env-full/lib/python3.10/site-packages/shapely/lib.cpython-310-x86_64-linux-gnu.so'
import 'shapely.lib' # <_frozen_importlib_external.ExtensionFileLoader object at 0x7e6459dd5c30>
# /home/magnus-amann/Master_Project/mctf26/pyquaticus/env-full/lib/python3.10/site-packages/shapely/__pycache__/errors.cpython-310.pyc matches /home/magnus-amann/Master_Project/mctf26/pyquaticus/env-full/lib/python3.10/site-packages/shapely/errors.py
# code object from '/home/magnus-amann/Master_Project/mctf26/pyquaticus/env-full/lib/python3.10/site-packages/shapely/__pycache__/errors.cpython-310.pyc'
import 'shapely.errors' # <_frozen_importlib_external.SourceFileLoader object at 0x7e6459dd6fb0>
# /home/magnus-amann/Master_Project/mctf26/pyquaticus/env-full/lib/python3.10/site-packages/shapely/__pycache__/_geometry.cpython-310.pyc matches /home/magnus-amann/Master_Project/mctf26/pyquaticus/env-full/lib/python3.10/site-packages/shapely/_geometry.py
# code object from '/home/magnus-amann/Master_Project/mctf26/pyquaticus/env-full/lib/python3.10/site-packages/shapely/__pycache__/_geometry.cpython-310.pyc'
# extension module 'shapely._geometry_helpers' loaded from '/home/magnus-amann/Master_Project/mctf26/pyquaticus/env-full/lib/python3.10/site-packages/shapely/_geometry_helpers.cpython-310-x86_64-linux-gnu.so'
# extension module 'shapely._geos' loaded from '/home/magnus-amann/Master_Project/mctf26/pyquaticus/env-full/lib/python3.10/site-packages/shapely/_geos.cpython-310-x86_64-linux-gnu.so'
# extension module 'shapely._geos' executed from '/home/magnus-amann/Master_Project/mctf26/pyquaticus/env-full/lib/python3.10/site-packages/shapely/_geos.cpython-310-x86_64-linux-gnu.so'
import 'shapely._geos' # <_frozen_importlib_external.ExtensionFileLoader object at 0x7e6459dd7fa0>
# extension module 'shapely._geometry_helpers' executed from '/home/magnus-amann/Master_Project/mctf26/pyquaticus/env-full/lib/python3.10/site-packages/shapely/_geometry_helpers.cpython-310-x86_64-linux-gnu.so'
import 'shapely._geometry_helpers' # <_frozen_importlib_external.ExtensionFileLoader object at 0x7e6459dd7bb0>
# /home/magnus-amann/Master_Project/mctf26/pyquaticus/env-full/lib/python3.10/site-packages/shapely/__pycache__/_enum.cpython-310.pyc matches /home/magnus-amann/Master_Project/mctf26/pyquaticus/env-full/lib/python3.10/site-packages/shapely/_enum.py
# code object from '/home/magnus-amann/Master_Project/mctf26/pyquaticus/env-full/lib/python3.10/site-packages/shapely/__pycache__/_enum.cpython-310.pyc'
import 'shapely._enum' # <_frozen_importlib_external.SourceFileLoader object at 0x7e6457718130>
# /home/magnus-amann/Master_Project/mctf26/pyquaticus/env-full/lib/python3.10/site-packages/shapely/__pycache__/decorators.cpython-310.pyc matches /home/magnus-amann/Master_Project/mctf26/pyquaticus/env-full/lib/python3.10/site-packages/shapely/decorators.py
# code object from '/home/magnus-amann/Master_Project/mctf26/pyquaticus/env-full/lib/python3.10/site-packages/shapely/__pycache__/decorators.cpython-310.pyc'
import 'shapely.decorators' # <_frozen_importlib_external.SourceFileLoader object at 0x7e6457718280>
import 'shapely._geometry' # <_frozen_importlib_external.SourceFileLoader object at 0x7e6459dd71f0>
# /home/magnus-amann/Master_Project/mctf26/pyquaticus/env-full/lib/python3.10/site-packages/shapely/__pycache__/creation.cpython-310.pyc matches /home/magnus-amann/Master_Project/mctf26/pyquaticus/env-full/lib/python3.10/site-packages/shapely/creation.py
# code object from '/home/magnus-amann/Master_Project/mctf26/pyquaticus/env-full/lib/python3.10/site-packages/shapely/__pycache__/creation.cpython-310.pyc'
# /home/magnus-amann/Master_Project/mctf26/pyquaticus/env-full/lib/python3.10/site-packages/shapely/__pycache__/io.cpython-310.pyc matches /home/magnus-amann/Master_Project/mctf26/pyquaticus/env-full/lib/python3.10/site-packages/shapely/io.py
# code object from '/home/magnus-amann/Master_Project/mctf26/pyquaticus/env-full/lib/python3.10/site-packages/shapely/__pycache__/io.cpython-310.pyc'
# /home/magnus-amann/Master_Project/mctf26/pyquaticus/env-full/lib/python3.10/site-packages/shapely/__pycache__/_ragged_array.cpython-310.pyc matches /home/magnus-amann/Master_Project/mctf26/pyquaticus/env-full/lib/python3.10/site-packages/shapely/_ragged_array.py
# code object from '/home/magnus-amann/Master_Project/mctf26/pyquaticus/env-full/lib/python3.10/site-packages/shapely/__pycache__/_ragged_array.cpython-310.pyc'
# /home/magnus-amann/Master_Project/mctf26/pyquaticus/env-full/lib/python3.10/site-packages/shapely/__pycache__/coordinates.cpython-310.pyc matches /home/magnus-amann/Master_Project/mctf26/pyquaticus/env-full/lib/python3.10/site-packages/shapely/coordinates.py
# code object from '/home/magnus-amann/Master_Project/mctf26/pyquaticus/env-full/lib/python3.10/site-packages/shapely/__pycache__/coordinates.cpython-310.pyc'
import 'shapely.coordinates' # <_frozen_importlib_external.SourceFileLoader object at 0x7e645771a080>
# /home/magnus-amann/Master_Project/mctf26/pyquaticus/env-full/lib/python3.10/site-packages/shapely/__pycache__/predicates.cpython-310.pyc matches /home/magnus-amann/Master_Project/mctf26/pyquaticus/env-full/lib/python3.10/site-packages/shapely/predicates.py
# code object from '/home/magnus-amann/Master_Project/mctf26/pyquaticus/env-full/lib/python3.10/site-packages/shapely/__pycache__/predicates.cpython-310.pyc'
import 'shapely.predicates' # <_frozen_importlib_external.SourceFileLoader object at 0x7e645771a5f0>
import 'shapely._ragged_array' # <_frozen_importlib_external.SourceFileLoader object at 0x7e6457719c30>
import 'shapely.io' # <_frozen_importlib_external.SourceFileLoader object at 0x7e6457719900>
import 'shapely.creation' # <_frozen_importlib_external.SourceFileLoader object at 0x7e6457719510>
# /home/magnus-amann/Master_Project/mctf26/pyquaticus/env-full/lib/python3.10/site-packages/shapely/__pycache__/constructive.cpython-310.pyc matches /home/magnus-amann/Master_Project/mctf26/pyquaticus/env-full/lib/python3.10/site-packages/shapely/constructive.py
# code object from '/home/magnus-amann/Master_Project/mctf26/pyquaticus/env-full/lib/python3.10/site-packages/shapely/__pycache__/constructive.cpython-310.pyc'
# /home/magnus-amann/Master_Project/mctf26/pyquaticus/env-full/lib/python3.10/site-packages/shapely/algorithms/__pycache__/__init__.cpython-310.pyc matches /home/magnus-amann/Master_Project/mctf26/pyquaticus/env-full/lib/python3.10/site-packages/shapely/algorithms/__init__.py
# code object from '/home/magnus-amann/Master_Project/mctf26/pyquaticus/env-full/lib/python3.10/site-packages/shapely/algorithms/__pycache__/__init__.cpython-310.pyc'
import 'shapely.algorithms' # <_frozen_importlib_external.SourceFileLoader object at 0x7e645773d480>
# /home/magnus-amann/Master_Project/mctf26/pyquaticus/env-full/lib/python3.10/site-packages/shapely/algorithms/__pycache__/_oriented_envelope.cpython-310.pyc matches /home/magnus-amann/Master_Project/mctf26/pyquaticus/env-full/lib/python3.10/site-packages/shapely/algorithms/_oriented_envelope.py
# code object from '/home/magnus-amann/Master_Project/mctf26/pyquaticus/env-full/lib/python3.10/site-packages/shapely/algorithms/__pycache__/_oriented_envelope.cpython-310.pyc'
# /home/magnus-amann/Master_Project/mctf26/pyquaticus/env-full/lib/python3.10/site-packages/shapely/__pycache__/affinity.cpython-310.pyc matches /home/magnus-amann/Master_Project/mctf26/pyquaticus/env-full/lib/python3.10/site-packages/shapely/affinity.py
# code object from '/home/magnus-amann/Master_Project/mctf26/pyquaticus/env-full/lib/python3.10/site-packages/shapely/__pycache__/affinity.cpython-310.pyc'
import 'shapely.affinity' # <_frozen_importlib_external.SourceFileLoader object at 0x7e645773d750>
import 'shapely.algorithms._oriented_envelope' # <_frozen_importlib_external.SourceFileLoader object at 0x7e645773d540>
# /home/magnus-amann/Master_Project/mctf26/pyquaticus/env-full/lib/python3.10/site-packages/shapely/algorithms/__pycache__/cga.cpython-310.pyc matches /home/magnus-amann/Master_Project/mctf26/pyquaticus/env-full/lib/python3.10/site-packages/shapely/algorithms/cga.py
# code object from '/home/magnus-amann/Master_Project/mctf26/pyquaticus/env-full/lib/python3.10/site-packages/shapely/algorithms/__pycache__/cga.cpython-310.pyc'
import 'shapely.algorithms.cga' # <_frozen_importlib_external.SourceFileLoader object at 0x7e645773d810>
import 'shapely.constructive' # <_frozen_importlib_external.SourceFileLoader object at 0x7e645773c8e0>
# /home/magnus-amann/Master_Project/mctf26/pyquaticus/env-full/lib/python3.10/site-packages/shapely/__pycache__/measurement.cpython-310.pyc matches /home/magnus-amann/Master_Project/mctf26/pyquaticus/env-full/lib/python3.10/site-packages/shapely/measurement.py
# code object from '/home/magnus-amann/Master_Project/mctf26/pyquaticus/env-full/lib/python3.10/site-packages/shapely/__pycache__/measurement.cpython-310.pyc'
import 'shapely.measurement' # <_frozen_importlib_external.SourceFileLoader object at 0x7e645773e980>
# /home/magnus-amann/Master_Project/mctf26/pyquaticus/env-full/lib/python3.10/site-packages/shapely/__pycache__/set_operations.cpython-310.pyc matches /home/magnus-amann/Master_Project/mctf26/pyquaticus/env-full/lib/python3.10/site-packages/shapely/set_operations.py
# code object from '/home/magnus-amann/Master_Project/mctf26/pyquaticus/env-full/lib/python3.10/site-packages/shapely/__pycache__/set_operations.cpython-310.pyc'
import 'shapely.set_operations' # <_frozen_importlib_external.SourceFileLoader object at 0x7e645773ee90>
# /home/magnus-amann/Master_Project/mctf26/pyquaticus/env-full/lib/python3.10/site-packages/shapely/__pycache__/linear.cpython-310.pyc matches /home/magnus-amann/Master_Project/mctf26/pyquaticus/env-full/lib/python3.10/site-packages/shapely/linear.py
# code object from '/home/magnus-amann/Master_Project/mctf26/pyquaticus/env-full/lib/python3.10/site-packages/shapely/__pycache__/linear.cpython-310.pyc'
import 'shapely.linear' # <_frozen_importlib_external.SourceFileLoader object at 0x7e645773ffa0>
# /home/magnus-amann/Master_Project/mctf26/pyquaticus/env-full/lib/python3.10/site-packages/shapely/__pycache__/strtree.cpython-310.pyc matches /home/magnus-amann/Master_Project/mctf26/pyquaticus/env-full/lib/python3.10/site-packages/shapely/strtree.py
# code object from '/home/magnus-amann/Master_Project/mctf26/pyquaticus/env-full/lib/python3.10/site-packages/shapely/__pycache__/strtree.cpython-310.pyc'
# /home/magnus-amann/Master_Project/mctf26/pyquaticus/env-full/lib/python3.10/site-packages/shapely/geometry/__pycache__/__init__.cpython-310.pyc matches /home/magnus-amann/Master_Project/mctf26/pyquaticus/env-full/lib/python3.10/site-packages/shapely/geometry/__init__.py
# code object from '/home/magnus-amann/Master_Project/mctf26/pyquaticus/env-full/lib/python3.10/site-packages/shapely/geometry/__pycache__/__init__.cpython-310.pyc'
# /home/magnus-amann/Master_Project/mctf26/pyquaticus/env-full/lib/python3.10/site-packages/shapely/geometry/__pycache__/base.cpython-310.pyc matches /home/magnus-amann/Master_Project/mctf26/pyquaticus/env-full/lib/python3.10/site-packages/shapely/geometry/base.py
# code object from '/home/magnus-amann/Master_Project/mctf26/pyquaticus/env-full/lib/python3.10/site-packages/shapely/geometry/__pycache__/base.cpython-310.pyc'
# /home/magnus-amann/Master_Project/mctf26/pyquaticus/env-full/lib/python3.10/site-packages/shapely/__pycache__/coords.cpython-310.pyc matches /home/magnus-amann/Master_Project/mctf26/pyquaticus/env-full/lib/python3.10/site-packages/shapely/coords.py
# code object from '/home/magnus-amann/Master_Project/mctf26/pyquaticus/env-full/lib/python3.10/site-packages/shapely/__pycache__/coords.cpython-310.pyc'
import 'shapely.coords' # <_frozen_importlib_external.SourceFileLoader object at 0x7e6457772bf0>
import 'shapely.geometry.base' # <_frozen_importlib_external.SourceFileLoader object at 0x7e6457770ee0>
# /home/magnus-amann/Master_Project/mctf26/pyquaticus/env-full/lib/python3.10/site-packages/shapely/geometry/__pycache__/collection.cpython-310.pyc matches /home/magnus-amann/Master_Project/mctf26/pyquaticus/env-full/lib/python3.10/site-packages/shapely/geometry/collection.py
# code object from '/home/magnus-amann/Master_Project/mctf26/pyquaticus/env-full/lib/python3.10/site-packages/shapely/geometry/__pycache__/collection.cpython-310.pyc'
import 'shapely.geometry.collection' # <_frozen_importlib_external.SourceFileLoader object at 0x7e6457773c70>
# /home/magnus-amann/Master_Project/mctf26/pyquaticus/env-full/lib/python3.10/site-packages/shapely/geometry/__pycache__/geo.cpython-310.pyc matches /home/magnus-amann/Master_Project/mctf26/pyquaticus/env-full/lib/python3.10/site-packages/shapely/geometry/geo.py
# code object from '/home/magnus-amann/Master_Project/mctf26/pyquaticus/env-full/lib/python3.10/site-packages/shapely/geometry/__pycache__/geo.cpython-310.pyc'
# /home/magnus-amann/Master_Project/mctf26/pyquaticus/env-full/lib/python3.10/site-packages/shapely/geometry/__pycache__/linestring.cpython-310.pyc matches /home/magnus-amann/Master_Project/mctf26/pyquaticus/env-full/lib/python3.10/site-packages/shapely/geometry/linestring.py
# code object from '/home/magnus-amann/Master_Project/mctf26/pyquaticus/env-full/lib/python3.10/site-packages/shapely/geometry/__pycache__/linestring.cpython-310.pyc'
# /home/magnus-amann/Master_Project/mctf26/pyquaticus/env-full/lib/python3.10/site-packages/shapely/geometry/__pycache__/point.cpython-310.pyc matches /home/magnus-amann/Master_Project/mctf26/pyquaticus/env-full/lib/python3.10/site-packages/shapely/geometry/point.py
# code object from '/home/magnus-amann/Master_Project/mctf26/pyquaticus/env-full/lib/python3.10/site-packages/shapely/geometry/__pycache__/point.cpython-310.pyc'
import 'shapely.geometry.point' # <_frozen_importlib_external.SourceFileLoader object at 0x7e6457788790>
import 'shapely.geometry.linestring' # <_frozen_importlib_external.SourceFileLoader object at 0x7e64577882e0>
# /home/magnus-amann/Master_Project/mctf26/pyquaticus/env-full/lib/python3.10/site-packages/shapely/geometry/__pycache__/multilinestring.cpython-310.pyc matches /home/magnus-amann/Master_Project/mctf26/pyquaticus/env-full/lib/python3.10/site-packages/shapely/geometry/multilinestring.py
# code object from '/home/magnus-amann/Master_Project/mctf26/pyquaticus/env-full/lib/python3.10/site-packages/shapely/geometry/__pycache__/multilinestring.cpython-310.pyc'
import 'shapely.geometry.multilinestring' # <_frozen_importlib_external.SourceFileLoader object at 0x7e6457788c40>
# /home/magnus-amann/Master_Project/mctf26/pyquaticus/env-full/lib/python3.10/site-packages/shapely/geometry/__pycache__/multipoint.cpython-310.pyc matches /home/magnus-amann/Master_Project/mctf26/pyquaticus/env-full/lib/python3.10/site-packages/shapely/geometry/multipoint.py
# code object from '/home/magnus-amann/Master_Project/mctf26/pyquaticus/env-full/lib/python3.10/site-packages/shapely/geometry/__pycache__/multipoint.cpython-310.pyc'
import 'shapely.geometry.multipoint' # <_frozen_importlib_external.SourceFileLoader object at 0x7e6457788e20>
# /home/magnus-amann/Master_Project/mctf26/pyquaticus/env-full/lib/python3.10/site-packages/shapely/geometry/__pycache__/multipolygon.cpython-310.pyc matches /home/magnus-amann/Master_Project/mctf26/pyquaticus/env-full/lib/python3.10/site-packages/shapely/geometry/multipolygon.py
# code object from '/home/magnus-amann/Master_Project/mctf26/pyquaticus/env-full/lib/python3.10/site-packages/shapely/geometry/__pycache__/multipolygon.cpython-310.pyc'
# /home/magnus-amann/Master_Project/mctf26/pyquaticus/env-full/lib/python3.10/site-packages/shapely/geometry/__pycache__/polygon.cpython-310.pyc matches /home/magnus-amann/Master_Project/mctf26/pyquaticus/env-full/lib/python3.10/site-packages/shapely/geometry/polygon.py
# code object from '/home/magnus-amann/Master_Project/mctf26/pyquaticus/env-full/lib/python3.10/site-packages/shapely/geometry/__pycache__/polygon.cpython-310.pyc'
import 'shapely.geometry.polygon' # <_frozen_importlib_external.SourceFileLoader object at 0x7e6457789330>
import 'shapely.geometry.multipolygon' # <_frozen_importlib_external.SourceFileLoader object at 0x7e6457789060>
import 'shapely.geometry.geo' # <_frozen_importlib_external.SourceFileLoader object at 0x7e6457773d90>
import 'shapely.geometry' # <_frozen_importlib_external.SourceFileLoader object at 0x7e6457770c10>
import 'shapely.strtree' # <_frozen_importlib_external.SourceFileLoader object at 0x7e64577706d0>
# /home/magnus-amann/Master_Project/mctf26/pyquaticus/env-full/lib/python3.10/site-packages/shapely/__pycache__/_coverage.cpython-310.pyc matches /home/magnus-amann/Master_Project/mctf26/pyquaticus/env-full/lib/python3.10/site-packages/shapely/_coverage.py
# code object from '/home/magnus-amann/Master_Project/mctf26/pyquaticus/env-full/lib/python3.10/site-packages/shapely/__pycache__/_coverage.cpython-310.pyc'
import 'shapely._coverage' # <_frozen_importlib_external.SourceFileLoader object at 0x7e6457789d20>
# /home/magnus-amann/Master_Project/mctf26/pyquaticus/env-full/lib/python3.10/site-packages/shapely/__pycache__/_version.cpython-310.pyc matches /home/magnus-amann/Master_Project/mctf26/pyquaticus/env-full/lib/python3.10/site-packages/shapely/_version.py
# code object from '/home/magnus-amann/Master_Project/mctf26/pyquaticus/env-full/lib/python3.10/site-packages/shapely/__pycache__/_version.cpython-310.pyc'
import 'shapely._version' # <_frozen_importlib_external.SourceFileLoader object at 0x7e6457789ed0>
import 'shapely' # <_frozen_importlib_external.SourceFileLoader object at 0x7e6459dd5ab0>
import 'pyquaticus.envs.pyquaticus' # <_frozen_importlib_external.SourceFileLoader object at 0x7e64665d0190>
# destroy pyquaticus.pyquaticus_v0
# /home/magnus-amann/Master_Project/mctf26/pyquaticus/pyquaticus/__pycache__/pyquaticus_v0.cpython-310.pyc matches /home/magnus-amann/Master_Project/mctf26/pyquaticus/pyquaticus/pyquaticus_v0.py
# code object from '/home/magnus-amann/Master_Project/mctf26/pyquaticus/pyquaticus/__pycache__/pyquaticus_v0.cpython-310.pyc'
# /home/magnus-amann/Master_Project/mctf26/pyquaticus/pyquaticus/base_policies/__pycache__/__init__.cpython-310.pyc matches /home/magnus-amann/Master_Project/mctf26/pyquaticus/pyquaticus/base_policies/__init__.py
# code object from '/home/magnus-amann/Master_Project/mctf26/pyquaticus/pyquaticus/base_policies/__pycache__/__init__.cpython-310.pyc'
import 'pyquaticus.base_policies' # <_frozen_importlib_external.SourceFileLoader object at 0x7e645778a170>
# /home/magnus-amann/Master_Project/mctf26/pyquaticus/pyquaticus/base_policies/__pycache__/base_combined.cpython-310.pyc matches /home/magnus-amann/Master_Project/mctf26/pyquaticus/pyquaticus/base_policies/base_combined.py
# code object from '/home/magnus-amann/Master_Project/mctf26/pyquaticus/pyquaticus/base_policies/__pycache__/base_combined.cpython-310.pyc'
# /home/magnus-amann/Master_Project/mctf26/pyquaticus/pyquaticus/base_policies/__pycache__/base_attack.cpython-310.pyc matches /home/magnus-amann/Master_Project/mctf26/pyquaticus/pyquaticus/base_policies/base_attack.py
# code object from '/home/magnus-amann/Master_Project/mctf26/pyquaticus/pyquaticus/base_policies/__pycache__/base_attack.cpython-310.pyc'
# /home/magnus-amann/Master_Project/mctf26/pyquaticus/pyquaticus/base_policies/__pycache__/base_policy.cpython-310.pyc matches /home/magnus-amann/Master_Project/mctf26/pyquaticus/pyquaticus/base_policies/base_policy.py
# code object from '/home/magnus-amann/Master_Project/mctf26/pyquaticus/pyquaticus/base_policies/__pycache__/base_policy.cpython-310.pyc'
# possible namespace for /home/magnus-amann/Master_Project/mctf26/pyquaticus/pyquaticus/moos_bridge
import 'pyquaticus.moos_bridge' # <_frozen_importlib_external._NamespaceLoader object at 0x7e645778a5c0>
# /home/magnus-amann/Master_Project/mctf26/pyquaticus/pyquaticus/moos_bridge/__pycache__/pyquaticus_moos_bridge.cpython-310.pyc matches /home/magnus-amann/Master_Project/mctf26/pyquaticus/pyquaticus/moos_bridge/pyquaticus_moos_bridge.py
# code object from '/home/magnus-amann/Master_Project/mctf26/pyquaticus/pyquaticus/moos_bridge/__pycache__/pyquaticus_moos_bridge.cpython-310.pyc'
# extension module 'pymoos' loaded from '/home/magnus-amann/Master_Project/mctf26/pyquaticus/env-full/lib/python3.10/site-packages/pymoos.cpython-310-x86_64-linux-gnu.so'
# extension module 'pymoos' executed from '/home/magnus-amann/Master_Project/mctf26/pyquaticus/env-full/lib/python3.10/site-packages/pymoos.cpython-310-x86_64-linux-gnu.so'
import 'pymoos' # <_frozen_importlib_external.ExtensionFileLoader object at 0x7e645778ae60>
# /home/magnus-amann/Master_Project/mctf26/pyquaticus/pyquaticus/moos_bridge/__pycache__/config.cpython-310.pyc matches /home/magnus-amann/Master_Project/mctf26/pyquaticus/pyquaticus/moos_bridge/config.py
# code object from '/home/magnus-amann/Master_Project/mctf26/pyquaticus/pyquaticus/moos_bridge/__pycache__/config.cpython-310.pyc'
import 'pyquaticus.moos_bridge.config' # <_frozen_importlib_external.SourceFileLoader object at 0x7e64577c5660>
import 'pyquaticus.moos_bridge.pyquaticus_moos_bridge' # <_frozen_importlib_external.SourceFileLoader object at 0x7e645778a7d0>
import 'pyquaticus.base_policies.base_policy' # <_frozen_importlib_external.SourceFileLoader object at 0x7e645778a4d0>
# /home/magnus-amann/Master_Project/mctf26/pyquaticus/pyquaticus/base_policies/__pycache__/utils.cpython-310.pyc matches /home/magnus-amann/Master_Project/mctf26/pyquaticus/pyquaticus/base_policies/utils.py
# code object from '/home/magnus-amann/Master_Project/mctf26/pyquaticus/pyquaticus/base_policies/__pycache__/utils.cpython-310.pyc'
import 'pyquaticus.base_policies.utils' # <_frozen_importlib_external.SourceFileLoader object at 0x7e64577c5990>
import 'pyquaticus.base_policies.base_attack' # <_frozen_importlib_external.SourceFileLoader object at 0x7e645778a380>
# /home/magnus-amann/Master_Project/mctf26/pyquaticus/pyquaticus/base_policies/__pycache__/base_defend.cpython-310.pyc matches /home/magnus-amann/Master_Project/mctf26/pyquaticus/pyquaticus/base_policies/base_defend.py
# code object from '/home/magnus-amann/Master_Project/mctf26/pyquaticus/pyquaticus/base_policies/__pycache__/base_defend.cpython-310.pyc'
import 'pyquaticus.base_policies.base_defend' # <_frozen_importlib_external.SourceFileLoader object at 0x7e64577c5c60>
import 'pyquaticus.base_policies.base_combined' # <_frozen_importlib_external.SourceFileLoader object at 0x7e645778a1d0>
# /home/magnus-amann/Master_Project/mctf26/pyquaticus/pyquaticus/__pycache__/mctf26_config.cpython-310.pyc matches /home/magnus-amann/Master_Project/mctf26/pyquaticus/pyquaticus/mctf26_config.py
# code object from '/home/magnus-amann/Master_Project/mctf26/pyquaticus/pyquaticus/__pycache__/mctf26_config.cpython-310.pyc'
import 'pyquaticus.mctf26_config' # <_frozen_importlib_external.SourceFileLoader object at 0x7e64577c5db0>
# /home/magnus-amann/Master_Project/mctf26/pyquaticus/pyquaticus/envs/__pycache__/competition_pyquaticus.cpython-310.pyc matches /home/magnus-amann/Master_Project/mctf26/pyquaticus/pyquaticus/envs/competition_pyquaticus.py
# code object from '/home/magnus-amann/Master_Project/mctf26/pyquaticus/pyquaticus/envs/__pycache__/competition_pyquaticus.cpython-310.pyc'
import 'pyquaticus.envs.competition_pyquaticus' # <_frozen_importlib_external.SourceFileLoader object at 0x7e64577c5ea0>
# /home/magnus-amann/Master_Project/mctf26/pyquaticus/pyquaticus/utils/__pycache__/rewards.cpython-310.pyc matches /home/magnus-amann/Master_Project/mctf26/pyquaticus/pyquaticus/utils/rewards.py
# code object from '/home/magnus-amann/Master_Project/mctf26/pyquaticus/pyquaticus/utils/__pycache__/rewards.cpython-310.pyc'
import 'pyquaticus.utils.rewards' # <_frozen_importlib_external.SourceFileLoader object at 0x7e64577c6680>
Traceback (most recent call last):
  File "/home/magnus-amann/Master_Project/mctf26/pyquaticus/test/random26test.py", line 14, in <module>
    from qlearning.qtable import QlearnPolicy, QTable
  File "<frozen importlib._bootstrap>", line 1027, in _find_and_load
  File "<frozen importlib._bootstrap>", line 992, in _find_and_load_unlocked
  File "<frozen importlib._bootstrap>", line 241, in _call_with_frames_removed
  File "<frozen importlib._bootstrap>", line 1027, in _find_and_load
  File "<frozen importlib._bootstrap>", line 1004, in _find_and_load_unlocked
ModuleNotFoundError: No module named 'qlearning'
# /home/magnus-amann/Master_Project/mctf26/pyquaticus/env-full/lib/python3.10/site-packages/pygame/__pycache__/freetype.cpython-310.pyc matches /home/magnus-amann/Master_Project/mctf26/pyquaticus/env-full/lib/python3.10/site-packages/pygame/freetype.py
# code object from '/home/magnus-amann/Master_Project/mctf26/pyquaticus/env-full/lib/python3.10/site-packages/pygame/__pycache__/freetype.cpython-310.pyc'
# extension module 'pygame._freetype' loaded from '/home/magnus-amann/Master_Project/mctf26/pyquaticus/env-full/lib/python3.10/site-packages/pygame/_freetype.cpython-310-x86_64-linux-gnu.so'
# extension module 'pygame._freetype' executed from '/home/magnus-amann/Master_Project/mctf26/pyquaticus/env-full/lib/python3.10/site-packages/pygame/_freetype.cpython-310-x86_64-linux-gnu.so'
import 'pygame._freetype' # <_frozen_importlib_external.ExtensionFileLoader object at 0x7e647bac11b0>
import 'pygame.freetype' # <_frozen_importlib_external.SourceFileLoader object at 0x7e647bac0550>
# clear builtins._
# clear sys.path
# clear sys.argv
# clear sys.ps1
# clear sys.ps2
# clear sys.last_type
# clear sys.last_value
# clear sys.last_traceback
# clear sys.path_hooks
# clear sys.path_importer_cache
# clear sys.meta_path
# clear sys.__interactivehook__
# restore sys.stdin
# restore sys.stdout
# restore sys.stderr
# cleanup[2] removing sys
# cleanup[2] removing builtins
# cleanup[2] removing _frozen_importlib
# cleanup[2] removing _imp
# cleanup[2] removing _thread
# cleanup[2] removing _warnings
# cleanup[2] removing _weakref
# cleanup[2] removing _io
# cleanup[2] removing marshal
# cleanup[2] removing posix
# cleanup[2] removing _frozen_importlib_external
# cleanup[2] removing time
# cleanup[2] removing zipimport
# cleanup[2] removing _codecs
# cleanup[2] removing codecs
# cleanup[2] removing encodings.aliases
# cleanup[2] removing encodings
# cleanup[2] removing encodings.utf_8
# cleanup[2] removing _signal
# cleanup[2] removing _abc
# cleanup[2] removing abc
# cleanup[2] removing io
# cleanup[2] removing __main__
# cleanup[2] removing _stat
# cleanup[2] removing stat
# cleanup[2] removing _collections_abc
# cleanup[2] removing genericpath
# cleanup[2] removing posixpath
# cleanup[2] removing os.path
# cleanup[2] removing os
# cleanup[2] removing _sitebuiltins
# cleanup[2] removing __future__
# destroy __future__
# cleanup[2] removing importlib._bootstrap
# cleanup[2] removing importlib._bootstrap_external
# cleanup[2] removing warnings
# cleanup[2] removing importlib
# cleanup[2] removing importlib.machinery
# cleanup[2] removing importlib._abc
# cleanup[2] removing itertools
# cleanup[2] removing keyword
# cleanup[2] removing _operator
# cleanup[2] removing operator
# cleanup[2] removing reprlib
# destroy reprlib
# cleanup[2] removing _collections
# cleanup[2] removing collections
# cleanup[2] removing types
# cleanup[2] removing _functools
# cleanup[2] removing functools
# cleanup[2] removing contextlib
# cleanup[2] removing importlib.util
# cleanup[2] removing enum
# cleanup[2] removing _sre
# cleanup[2] removing sre_constants
# destroy sre_constants
# cleanup[2] removing sre_parse
# cleanup[2] removing sre_compile
# cleanup[2] removing _locale
# cleanup[2] removing copyreg
# cleanup[2] removing re
# cleanup[2] removing fnmatch
# cleanup[2] removing ntpath
# cleanup[2] removing errno
# cleanup[2] removing urllib
# cleanup[2] removing ipaddress
# cleanup[2] removing urllib.parse
# cleanup[2] removing pathlib
# cleanup[2] removing __editable___pyquaticus_0_0_post1_dev89_g5ba8e977e_finder
# destroy __editable___pyquaticus_0_0_post1_dev89_g5ba8e977e_finder
# cleanup[2] removing _distutils_hack
# destroy _distutils_hack
# cleanup[2] removing site
# destroy site
# cleanup[2] removing numpy._utils._convertions
# cleanup[2] removing numpy._utils
# cleanup[2] removing numpy._globals
# cleanup[2] removing numpy.exceptions
# cleanup[2] removing numpy.version
# cleanup[2] removing numpy._distributor_init
# cleanup[2] removing numpy._utils._inspect
# cleanup[2] removing math
# cleanup[2] removing _datetime
# cleanup[2] removing datetime
# cleanup[2] removing numpy.core._exceptions
# cleanup[2] removing numpy.dtypes
# cleanup[2] removing numpy.core._multiarray_umath
# cleanup[2] removing numpy.core.overrides
# cleanup[2] removing numpy.core.multiarray
# cleanup[2] removing numpy.core.umath
# cleanup[2] removing numbers
# cleanup[2] removing numpy.core._string_helpers
# cleanup[2] removing _struct
# cleanup[2] removing struct
# cleanup[2] removing _compat_pickle
# cleanup[2] removing _pickle
# cleanup[2] removing pickle
# cleanup[2] removing numpy.compat.py3k
# cleanup[2] removing numpy.compat
# cleanup[2] removing numpy.core._dtype
# cleanup[2] removing numpy.core._type_aliases
# cleanup[2] removing numpy.core.numerictypes
# cleanup[2] removing collections.abc
# cleanup[2] removing _contextvars
# cleanup[2] removing contextvars
# cleanup[2] removing numpy.core._ufunc_config
# cleanup[2] removing numpy.core._methods
# cleanup[2] removing numpy.core.fromnumeric
# cleanup[2] removing numpy.core.shape_base
# cleanup[2] removing numpy.core.arrayprint
# cleanup[2] removing numpy.core._asarray
# cleanup[2] removing numpy.core.numeric
# cleanup[2] removing numpy.core.defchararray
# cleanup[2] removing numpy.core.records
# cleanup[2] removing numpy.core.memmap
# destroy numpy.core.memmap
# cleanup[2] removing numpy.core.function_base
# cleanup[2] removing numpy.core._machar
# cleanup[2] removing numpy.core.getlimits
# cleanup[2] removing numpy.core.einsumfunc
# cleanup[2] removing numpy.core._multiarray_tests
# cleanup[2] removing numpy.core._add_newdocs
# cleanup[2] removing numpy.core._add_newdocs_scalars
# cleanup[2] removing numpy.core._dtype_ctypes
# cleanup[2] removing _ast
# destroy _ast
# cleanup[2] removing ast
# cleanup[2] removing _ctypes
# cleanup[2] removing ctypes._endian
# cleanup[2] removing ctypes
# cleanup[2] removing numpy.core._internal
# cleanup[2] removing numpy._pytesttester
# cleanup[2] removing numpy.core
# cleanup[2] removing numpy.__config__
# cleanup[2] removing numpy.lib.mixins
# cleanup[2] removing numpy.lib.ufunclike
# cleanup[2] removing numpy.lib.type_check
# cleanup[2] removing numpy.lib.scimath
# cleanup[2] removing typing
# cleanup[2] removing numpy.lib.stride_tricks
# cleanup[2] removing numpy.lib.twodim_base
# cleanup[2] removing numpy.linalg._umath_linalg
# cleanup[2] removing numpy._typing._nested_sequence
# cleanup[2] removing numpy._typing._nbit
# cleanup[2] removing numpy._typing._char_codes
# cleanup[2] removing numpy._typing._scalars
# cleanup[2] removing numpy._typing._shape
# cleanup[2] removing numpy._typing._dtype_like
# cleanup[2] removing numpy._typing._array_like
# cleanup[2] removing numpy._typing
# cleanup[2] removing numpy.linalg.linalg
# cleanup[2] removing numpy.linalg
# cleanup[2] removing numpy.matrixlib.defmatrix
# cleanup[2] removing numpy.matrixlib
# cleanup[2] removing numpy.lib.histograms
# cleanup[2] removing numpy.lib.function_base
# cleanup[2] removing numpy.lib.index_tricks
# cleanup[2] removing numpy.lib.nanfunctions
# cleanup[2] removing numpy.lib.shape_base
# cleanup[2] removing numpy.lib.polynomial
# cleanup[2] removing textwrap
# cleanup[2] removing signal
# cleanup[2] removing _weakrefset
# destroy _weakrefset
# cleanup[2] removing threading
# cleanup[2] removing fcntl
# cleanup[2] removing _posixsubprocess
# cleanup[2] removing select
# cleanup[2] removing selectors
# cleanup[2] removing subprocess
# cleanup[2] removing platform
# cleanup[2] removing numpy.lib.utils
# cleanup[2] removing numpy.lib.arraysetops
# cleanup[2] removing weakref
# cleanup[2] removing numpy.lib.format
# cleanup[2] removing numpy.lib._datasource
# cleanup[2] removing numpy.lib._iotools
# cleanup[2] removing numpy.lib.npyio
# cleanup[2] removing numpy.lib.arrayterator
# cleanup[2] removing numpy.lib.arraypad
# cleanup[2] removing numpy.lib._version
# cleanup[2] removing numpy.lib
# cleanup[2] removing numpy.fft._pocketfft_internal
# cleanup[2] removing numpy.fft._pocketfft
# cleanup[2] removing numpy.fft.helper
# cleanup[2] removing numpy.fft
# cleanup[2] removing numpy.polynomial.polyutils
# cleanup[2] removing numpy.polynomial._polybase
# cleanup[2] removing numpy.polynomial.polynomial
# cleanup[2] removing numpy.polynomial.chebyshev
# cleanup[2] removing numpy.polynomial.legendre
# cleanup[2] removing numpy.polynomial.hermite
# cleanup[2] removing numpy.polynomial.hermite_e
# cleanup[2] removing numpy.polynomial.laguerre
# cleanup[2] removing numpy.polynomial
# cleanup[2] removing cython_runtime
# cleanup[2] removing _cython_3_0_8
# destroy _cython_3_0_8
# cleanup[2] removing numpy.random._common
# cleanup[2] removing binascii
# cleanup[2] removing base64
# cleanup[2] removing _hashlib
# cleanup[2] removing _blake2
# cleanup[2] removing hashlib
# cleanup[2] removing hmac
# destroy hmac
# cleanup[2] removing _bisect
# cleanup[2] removing bisect
# destroy bisect
# cleanup[2] removing _random
# cleanup[2] removing _sha512
# cleanup[2] removing random
# cleanup[2] removing secrets
# destroy secrets
# cleanup[2] removing numpy.random.bit_generator
# cleanup[2] removing numpy.random._bounded_integers
# cleanup[2] removing numpy.random._mt19937
# cleanup[2] removing numpy.random.mtrand
# cleanup[2] removing numpy.random._philox
# cleanup[2] removing numpy.random._pcg64
# cleanup[2] removing numpy.random._sfc64
# cleanup[2] removing numpy.random._generator
# cleanup[2] removing numpy.random._pickle
# cleanup[2] removing numpy.random
# cleanup[2] removing numpy.ctypeslib
# cleanup[2] removing _opcode
# cleanup[2] removing opcode
# destroy opcode
# cleanup[2] removing dis
# cleanup[2] removing token
# cleanup[2] removing tokenize
# cleanup[2] removing linecache
# cleanup[2] removing inspect
# cleanup[2] removing numpy.ma.core
# cleanup[2] removing numpy.ma.extras
# cleanup[2] removing numpy.ma
# cleanup[2] removing numpy
# cleanup[2] removing numpy._typing._add_docstring
# cleanup[2] removing numpy.typing
# cleanup[2] removing pettingzoo.utils.agent_selector
# cleanup[2] removing copy
# cleanup[2] removing gymnasium.utils.colorize
# destroy gymnasium.utils.colorize
# cleanup[2] removing gymnasium.utils.ezpickle
# cleanup[2] removing gymnasium.utils.record_constructor
# cleanup[2] removing gymnasium.utils
# cleanup[2] removing gymnasium.error
# cleanup[2] removing gymnasium.utils.seeding
# cleanup[2] removing gymnasium.spaces.space
# cleanup[2] removing gymnasium.spaces.box
# cleanup[2] removing gymnasium.spaces.dict
# cleanup[2] removing gymnasium.spaces.discrete
# cleanup[2] removing gymnasium.spaces.multi_discrete
# cleanup[2] removing gymnasium.spaces.graph
# cleanup[2] removing gymnasium.spaces.multi_binary
# cleanup[2] removing gymnasium.spaces.oneof
# cleanup[2] removing gymnasium.spaces.sequence
# cleanup[2] removing gymnasium.spaces.text
# cleanup[2] removing gymnasium.spaces.tuple
# cleanup[2] removing gymnasium.spaces.utils
# cleanup[2] removing gymnasium.spaces
# cleanup[2] removing gymnasium.core
# cleanup[2] removing dataclasses
# cleanup[2] removing _heapq
# cleanup[2] removing heapq
# destroy heapq
# cleanup[2] removing difflib
# cleanup[2] removing _json
# cleanup[2] removing json.scanner
# cleanup[2] removing json.decoder
# cleanup[2] removing json.encoder
# cleanup[2] removing json
# cleanup[2] removing gymnasium.logger
# cleanup[2] removing _csv
# cleanup[2] removing csv
# cleanup[2] removing email
# cleanup[2] removing zlib
# cleanup[2] removing _compression
# cleanup[2] removing _bz2
# cleanup[2] removing bz2
# cleanup[2] removing _lzma
# cleanup[2] removing lzma
# cleanup[2] removing shutil
# cleanup[2] removing zipfile
# cleanup[2] removing uu
# cleanup[2] removing quopri
# cleanup[2] removing _socket
# cleanup[2] removing array
# cleanup[2] removing socket
# cleanup[2] removing locale
# cleanup[2] removing calendar
# cleanup[2] removing email._parseaddr
# cleanup[2] removing email.base64mime
# cleanup[2] removing _string
# cleanup[2] removing string
# destroy string
# cleanup[2] removing email.quoprimime
# cleanup[2] removing email.errors
# cleanup[2] removing email.encoders
# cleanup[2] removing email.charset
# cleanup[2] removing email.utils
# cleanup[2] removing email.header
# cleanup[2] removing email._policybase
# cleanup[2] removing email._encoded_words
# cleanup[2] removing email.iterators
# cleanup[2] removing email.message
# cleanup[2] removing importlib.metadata._functools
# cleanup[2] removing importlib.metadata._text
# cleanup[2] removing importlib.metadata._adapters
# cleanup[2] removing importlib.metadata._meta
# cleanup[2] removing importlib.metadata._collections
# cleanup[2] removing importlib.metadata._itertools
# cleanup[2] removing importlib.abc
# cleanup[2] removing importlib.metadata
# cleanup[2] removing gymnasium.envs.registration
# cleanup[2] removing gymnasium.envs
# cleanup[2] removing gymnasium.vector.utils.misc
# cleanup[2] removing multiprocessing.process
# cleanup[2] removing multiprocessing.reduction
# cleanup[2] removing multiprocessing.context
# cleanup[2] removing __mp_main__
# destroy __main__
# destroy pyquaticus.pyquaticus_v0
# cleanup[2] removing multiprocessing
# cleanup[2] removing gymnasium.vector.utils.shared_memory
# cleanup[2] removing gymnasium.vector.utils.space_utils
# cleanup[2] removing gymnasium.vector.utils
# cleanup[2] removing traceback
# cleanup[2] removing tempfile
# cleanup[2] removing _multiprocessing
# cleanup[2] removing atexit
# cleanup[2] removing multiprocessing.util
# cleanup[2] removing multiprocessing.connection
# cleanup[2] removing gymnasium.vector.vector_env
# cleanup[2] removing gymnasium.vector.async_vector_env
# cleanup[2] removing gymnasium.vector.sync_vector_env
# cleanup[2] removing gymnasium.vector
# cleanup[2] removing gymnasium.wrappers.vector.common
# cleanup[2] removing gymnasium.wrappers.vector.dict_info_to_list
# cleanup[2] removing gymnasium.wrappers.vector.rendering
# cleanup[2] removing gymnasium.wrappers.utils
# cleanup[2] removing gymnasium.wrappers.vector.stateful_observation
# cleanup[2] removing gymnasium.wrappers.vector.stateful_reward
# cleanup[2] removing gymnasium.wrappers.transform_action
# cleanup[2] removing gymnasium.wrappers.vector.vectorize_action
# cleanup[2] removing gymnasium.wrappers.transform_observation
# cleanup[2] removing gymnasium.wrappers.vector.vectorize_observation
# cleanup[2] removing gymnasium.wrappers.transform_reward
# cleanup[2] removing gymnasium.wrappers.vector.vectorize_reward
# cleanup[2] removing gymnasium.wrappers.vector
# cleanup[2] removing gymnasium.wrappers.atari_preprocessing
# cleanup[2] removing gymnasium.utils.passive_env_checker
# cleanup[2] removing gymnasium.wrappers.common
# cleanup[2] removing gymnasium.wrappers.rendering
# cleanup[2] removing gymnasium.wrappers.stateful_action
# cleanup[2] removing gymnasium.wrappers.stateful_observation
# cleanup[2] removing gymnasium.wrappers.stateful_reward
# cleanup[2] removing gymnasium.wrappers
# cleanup[2] removing gymnasium.experimental
# cleanup[2] removing farama_notifications
# destroy farama_notifications
# cleanup[2] removing gymnasium
# cleanup[2] removing pettingzoo.utils.env
# cleanup[2] removing pettingzoo.utils.average_total_reward
# destroy pettingzoo.utils.average_total_reward
# cleanup[2] removing pettingzoo.utils.wrappers.base
# cleanup[2] removing pettingzoo.utils.wrappers.assert_out_of_bounds
# cleanup[2] removing pettingzoo.utils.wrappers.base_parallel
# cleanup[2] removing pettingzoo.utils.capture_stdout
# cleanup[2] removing pettingzoo.utils.wrappers.capture_stdout
# cleanup[2] removing logging
# cleanup[2] removing pettingzoo.utils.env_logger
# cleanup[2] removing pettingzoo.utils.wrappers.clip_out_of_bounds
# cleanup[2] removing pettingzoo.utils.wrappers.multi_episode_env
# cleanup[2] removing pettingzoo.utils.wrappers.multi_episode_parallel_env
# cleanup[2] removing pettingzoo.utils.wrappers.order_enforcing
# cleanup[2] removing pettingzoo.utils.wrappers.terminate_illegal
# cleanup[2] removing pettingzoo.utils.wrappers
# cleanup[2] removing pettingzoo.utils.conversions
# cleanup[2] removing pettingzoo.utils.random_demo
# destroy pettingzoo.utils.random_demo
# cleanup[2] removing pettingzoo.utils.save_observation
# destroy pettingzoo.utils.save_observation
# cleanup[2] removing pettingzoo.utils
# cleanup[2] removing pettingzoo
# destroy pettingzoo
# destroy pettingzoo.utils
# destroy pettingzoo.utils.agent_selector
# destroy pettingzoo.utils.env
# destroy pettingzoo.utils.capture_stdout
# destroy pettingzoo.utils.env_logger
# destroy pettingzoo.utils.wrappers
# destroy pettingzoo.utils.wrappers.base
# destroy pettingzoo.utils.wrappers.assert_out_of_bounds
# destroy pettingzoo.utils.wrappers.base_parallel
# destroy pettingzoo.utils.wrappers.capture_stdout
# destroy pettingzoo.utils.wrappers.clip_out_of_bounds
# destroy pettingzoo.utils.wrappers.multi_episode_env
# destroy pettingzoo.utils.wrappers.multi_episode_parallel_env
# destroy pettingzoo.utils.wrappers.order_enforcing
# destroy pettingzoo.utils.wrappers.terminate_illegal
# destroy pettingzoo.utils.conversions
# cleanup[2] removing pkgutil
# cleanup[2] removing pettingzoo.utils.deprecated_module
# destroy pettingzoo.utils.deprecated_module
# cleanup[2] removing pyquaticus
# destroy pyquaticus
# cleanup[2] removing pyquaticus.envs
# cleanup[2] removing colorsys
# cleanup[2] removing cv2.load_config_py3
# cleanup[2] removing cv2.version
# cleanup[2] removing numpy._core
# cleanup[2] removing numpy._core._multiarray_umath
# cleanup[2] removing cv2.gapi.core
# cleanup[2] removing cv2.gapi.core.cpu
# cleanup[2] removing cv2.gapi.core.fluid
# cleanup[2] removing cv2.gapi.core.ocl
# cleanup[2] removing cv2.gapi.ie
# cleanup[2] removing cv2.gapi.ie.detail
# cleanup[2] removing cv2.gapi.imgproc
# cleanup[2] removing cv2.gapi.imgproc.fluid
# cleanup[2] removing cv2.gapi.oak
# cleanup[2] removing cv2.gapi.onnx
# cleanup[2] removing cv2.gapi.onnx.ep
# cleanup[2] removing cv2.gapi.ot
# cleanup[2] removing cv2.gapi.ot.cpu
# cleanup[2] removing cv2.gapi.ov
# cleanup[2] removing cv2.gapi.own
# cleanup[2] removing cv2.gapi.own.detail
# cleanup[2] removing cv2.gapi.render
# cleanup[2] removing cv2.gapi.render.ocv
# cleanup[2] removing cv2.gapi.streaming
# cleanup[2] removing cv2.gapi.video
# cleanup[2] removing cv2.gapi.wip
# cleanup[2] removing cv2.gapi.wip.draw
# cleanup[2] removing cv2.gapi.wip.gst
# cleanup[2] removing cv2.gapi.wip.onevpl
# cleanup[2] removing cv2.utils.fs
# cleanup[2] removing cv2.utils.nested
# cleanup[2] removing cv2.gapi
# cleanup[2] removing cv2.ml
# cleanup[2] removing cv2.barcode
# cleanup[2] removing cv2.ipp
# cleanup[2] removing cv2.videoio_registry
# cleanup[2] removing cv2.data
# cleanup[2] removing cv2.samples
# cleanup[2] removing cv2.ogl
# cleanup[2] removing cv2.typing
# cleanup[2] removing cv2.utils
# cleanup[2] removing cv2.cuda
# cleanup[2] removing cv2.segmentation
# cleanup[2] removing cv2.detail
# cleanup[2] removing cv2.fisheye
# cleanup[2] removing cv2.flann
# cleanup[2] removing cv2.misc.version
# cleanup[2] removing cv2.misc
# cleanup[2] removing cv2.ocl
# cleanup[2] removing cv2.aruco
# cleanup[2] removing cv2.parallel
# cleanup[2] removing cv2.dnn
# cleanup[2] removing cv2.Error
# cleanup[2] removing cv2.mat_wrapper
# cleanup[2] removing cv2
# cleanup[2] removing pygame.base
# cleanup[2] removing pygame.constants
# cleanup[2] removing pygame.version
# cleanup[2] removing pygame.rect
# cleanup[2] removing pygame.rwobject
# cleanup[2] removing pygame.surflock
# cleanup[2] removing pygame.colordict
# cleanup[2] removing pygame.color
# cleanup[2] removing pygame.bufferproxy
# cleanup[2] removing pygame.math
# cleanup[2] removing pygame.surface
# cleanup[2] removing pygame.display
# cleanup[2] removing pygame.draw
# cleanup[2] removing pygame.event
# cleanup[2] removing pygame.imageext
# cleanup[2] removing pygame.image
# cleanup[2] removing pygame.joystick
# cleanup[2] removing pygame.key
# cleanup[2] removing pygame.mouse
# cleanup[2] removing pygame.cursors
# cleanup[2] removing pygame.time
# cleanup[2] removing pygame.mask
# cleanup[2] removing pygame.sprite
# cleanup[2] removing _queue
# cleanup[2] removing queue
# destroy queue
# cleanup[2] removing pygame.threads
# cleanup[2] removing pygame.pixelcopy
# cleanup[2] removing pygame.pixelarray
# cleanup[2] removing pygame.transform
# cleanup[2] removing pygame.font
# cleanup[2] removing pygame.sysfont
# cleanup[2] removing pygame.mixer_music
# cleanup[2] removing pygame.mixer
# cleanup[2] removing pygame.scrap
# cleanup[2] removing pygame.surfarray
# cleanup[2] removing pygame.sndarray
# cleanup[2] removing pygame.fastevent
# cleanup[2] removing pygame.pkgdata
# cleanup[2] removing pygame
# cleanup[2] removing pyquaticus.config
# cleanup[2] removing pyquaticus.dynamics
# cleanup[2] removing pyquaticus.utils
# cleanup[2] removing pyquaticus.utils.utils
# cleanup[2] removing pyquaticus.dynamics.dynamics_utils
# cleanup[2] removing pyquaticus.utils.pid
# cleanup[2] removing pyquaticus.structs
# cleanup[2] removing pyquaticus.dynamics.dynamics
# cleanup[2] removing pyquaticus.dynamics.dynamics_registry
# cleanup[2] removing pyquaticus.utils.obs_utils
# cleanup[2] removing scipy.__config__
# cleanup[2] removing scipy.version
# cleanup[2] removing scipy._distributor_init
# destroy scipy._distributor_init
# cleanup[2] removing sysconfig
# cleanup[2] removing _sysconfigdata__linux_x86_64-linux-gnu
# destroy _sysconfigdata__linux_x86_64-linux-gnu
# cleanup[2] removing scipy._lib._testutils
# cleanup[2] removing scipy._lib
# cleanup[2] removing scipy._lib._pep440
# cleanup[2] removing _cython_3_0_12
# destroy _cython_3_0_12
# cleanup[2] removing scipy._lib._ccallback_c
# cleanup[2] removing scipy._lib._ccallback
# cleanup[2] removing scipy
# cleanup[2] removing scipy._lib.array_api_compat.common._helpers
# cleanup[2] removing scipy._lib.array_api_compat.common
# cleanup[2] removing scipy._lib.array_api_compat
# cleanup[2] removing scipy._lib.array_api_compat.common._aliases
# cleanup[2] removing scipy._lib.array_api_compat._internal
# cleanup[2] removing scipy._lib.array_api_compat.numpy._info
# cleanup[2] removing scipy._lib.array_api_compat.numpy._aliases
# cleanup[2] removing scipy._lib.array_api_compat.common._linalg
# cleanup[2] removing scipy._lib.array_api_compat.numpy.linalg
# cleanup[2] removing scipy._lib.array_api_compat.common._fft
# cleanup[2] removing scipy._lib.array_api_compat.numpy.fft
# cleanup[2] removing scipy._lib.array_api_compat.numpy
# cleanup[2] removing scipy._lib._array_api
# cleanup[2] removing pydoc
# cleanup[2] removing scipy._lib._docscrape
# cleanup[2] removing scipy._lib._util
# cleanup[2] removing scipy.ndimage._ni_support
# cleanup[2] removing scipy.ndimage._nd_image
# cleanup[2] removing scipy._lib.doccer
# cleanup[2] removing scipy.ndimage._ni_docstrings
# cleanup[2] removing scipy.ndimage._rank_filter_1d
# cleanup[2] removing scipy.ndimage._filters
# cleanup[2] removing scipy.ndimage._fourier
# cleanup[2] removing scipy.special._sf_error
# cleanup[2] removing scipy.special._ufuncs_cxx
# cleanup[2] removing scipy.special._special_ufuncs
# cleanup[2] removing scipy.special._ufuncs
# cleanup[2] removing scipy.special._support_alternative_backends
# cleanup[2] removing scipy.special._gufuncs
# cleanup[2] removing scipy.special._input_validation
# cleanup[2] removing scipy.special._specfun
# cleanup[2] removing scipy.special._comb
# cleanup[2] removing scipy.special._multiufuncs
# cleanup[2] removing scipy._lib.deprecation
# cleanup[2] removing scipy.special._basic
# cleanup[2] removing scipy._lib.array_api_extra._funcs
# cleanup[2] removing scipy._lib.array_api_extra
# cleanup[2] removing scipy.special._logsumexp
# cleanup[2] removing scipy.linalg._fblas
# cleanup[2] removing scipy.linalg.blas
# cleanup[2] removing scipy.linalg._flapack
# cleanup[2] removing scipy.linalg.lapack
# cleanup[2] removing scipy.linalg._misc
# cleanup[2] removing scipy.linalg.cython_lapack
# cleanup[2] removing scipy.linalg._cythonized_array_utils
# cleanup[2] removing scipy.linalg._decomp
# cleanup[2] removing scipy.linalg._decomp_svd
# cleanup[2] removing scipy.linalg._solve_toeplitz
# cleanup[2] removing scipy.linalg._basic
# cleanup[2] removing scipy.linalg._decomp_lu_cython
# cleanup[2] removing scipy.linalg._decomp_lu
# cleanup[2] removing scipy.linalg._decomp_ldl
# cleanup[2] removing scipy.linalg._decomp_cholesky
# cleanup[2] removing scipy.linalg._decomp_qr
# cleanup[2] removing scipy.linalg._decomp_qz
# cleanup[2] removing scipy.linalg._decomp_schur
# cleanup[2] removing scipy.linalg._decomp_polar
# cleanup[2] removing scipy.linalg._expm_frechet
# cleanup[2] removing scipy.linalg._matfuncs_sqrtm_triu
# cleanup[2] removing scipy.linalg._matfuncs_sqrtm
# cleanup[2] removing scipy.linalg._matfuncs_expm
# cleanup[2] removing scipy.linalg._linalg_pythran
# cleanup[2] removing scipy.linalg._matfuncs
# cleanup[2] removing scipy.linalg._special_matrices
# cleanup[2] removing scipy.linalg._solvers
# cleanup[2] removing scipy.linalg._procrustes
# cleanup[2] removing scipy.linalg.cython_blas
# cleanup[2] removing scipy.linalg._decomp_update
# cleanup[2] removing scipy.sparse._sputils
# cleanup[2] removing scipy.sparse._matrix
# cleanup[2] removing scipy.sparse._base
# cleanup[2] removing scipy.sparse._sparsetools
# cleanup[2] removing scipy.sparse._data
# cleanup[2] removing scipy.sparse._index
# cleanup[2] removing scipy.sparse._compressed
# cleanup[2] removing scipy.sparse._csr
# cleanup[2] removing scipy.sparse._csc
# cleanup[2] removing _csparsetools
# cleanup[2] removing scipy.sparse._csparsetools
# cleanup[2] removing scipy.sparse._lil
# cleanup[2] removing scipy.sparse._dok
# cleanup[2] removing scipy.sparse._coo
# cleanup[2] removing scipy.sparse._dia
# cleanup[2] removing scipy.sparse._bsr
# cleanup[2] removing scipy.sparse._construct
# cleanup[2] removing scipy.sparse._extract
# cleanup[2] removing scipy.sparse._matrix_io
# cleanup[2] removing scipy.sparse.linalg._interface
# cleanup[2] removing scipy.sparse.linalg._isolve.utils
# cleanup[2] removing scipy.sparse.linalg._isolve.iterative
# cleanup[2] removing scipy.sparse.linalg._isolve.minres
# destroy scipy.sparse.linalg._isolve.minres
# cleanup[2] removing scipy.sparse.linalg._isolve._gcrotmk
# cleanup[2] removing scipy.sparse.linalg._isolve.lgmres
# destroy scipy.sparse.linalg._isolve.lgmres
# cleanup[2] removing scipy.sparse.linalg._isolve.lsqr
# destroy scipy.sparse.linalg._isolve.lsqr
# cleanup[2] removing scipy.sparse.linalg._isolve.lsmr
# destroy scipy.sparse.linalg._isolve.lsmr
# cleanup[2] removing scipy.sparse.linalg._isolve.tfqmr
# destroy scipy.sparse.linalg._isolve.tfqmr
# cleanup[2] removing scipy.sparse.linalg._isolve
# cleanup[2] removing scipy.sparse.linalg._dsolve._superlu
# cleanup[2] removing scipy.sparse.linalg._dsolve.linsolve
# cleanup[2] removing scipy.sparse.linalg._dsolve._add_newdocs
# cleanup[2] removing scipy.sparse.linalg._dsolve
# cleanup[2] removing scipy._lib.decorator
# cleanup[2] removing scipy._lib._threadsafety
# cleanup[2] removing scipy.sparse.linalg._eigen.arpack._arpack
# cleanup[2] removing scipy.sparse.linalg._eigen.arpack.arpack
# cleanup[2] removing scipy.sparse.linalg._eigen.arpack
# destroy scipy.sparse.linalg._eigen.arpack
# cleanup[2] removing scipy.sparse.linalg._eigen.lobpcg.lobpcg
# destroy scipy.sparse.linalg._eigen.lobpcg.lobpcg
# cleanup[2] removing scipy.sparse.linalg._eigen.lobpcg
# destroy scipy.sparse.linalg._eigen.lobpcg
# cleanup[2] removing scipy.sparse.linalg._propack
# cleanup[2] removing scipy.sparse.linalg._propack._spropack
# cleanup[2] removing scipy.sparse.linalg._propack._dpropack
# cleanup[2] removing scipy.sparse.linalg._propack._cpropack
# cleanup[2] removing scipy.sparse.linalg._propack._zpropack
# cleanup[2] removing scipy.sparse.linalg._svdp
# cleanup[2] removing scipy.sparse.linalg._eigen._svds
# cleanup[2] removing scipy.sparse.linalg._eigen
# cleanup[2] removing scipy.sparse.linalg._onenormest
# cleanup[2] removing scipy.sparse.linalg._expm_multiply
# cleanup[2] removing scipy.sparse.linalg._matfuncs
# cleanup[2] removing scipy.sparse.linalg._norm
# cleanup[2] removing scipy.sparse.linalg._special_sparse_arrays
# cleanup[2] removing scipy.sparse.linalg.isolve
# cleanup[2] removing scipy.sparse.linalg.dsolve
# cleanup[2] removing scipy.sparse.linalg.interface
# cleanup[2] removing scipy.sparse.linalg.eigen
# cleanup[2] removing scipy.sparse.linalg.matfuncs
# cleanup[2] removing scipy.sparse.linalg
# cleanup[2] removing scipy.sparse.csgraph._laplacian
# cleanup[2] removing scipy.sparse.csgraph._tools
# cleanup[2] removing scipy.sparse.csgraph._validation
# cleanup[2] removing scipy.sparse.csgraph._shortest_path
# cleanup[2] removing scipy.sparse.csgraph._traversal
# cleanup[2] removing scipy.sparse.csgraph._min_spanning_tree
# cleanup[2] removing scipy.sparse.csgraph._flow
# cleanup[2] removing scipy.sparse.csgraph._matching
# cleanup[2] removing scipy.sparse.csgraph._reordering
# cleanup[2] removing scipy.sparse.csgraph
# cleanup[2] removing scipy.sparse.base
# cleanup[2] removing scipy.sparse.bsr
# cleanup[2] removing scipy.sparse.compressed
# cleanup[2] removing scipy.sparse.construct
# cleanup[2] removing scipy.sparse.coo
# cleanup[2] removing scipy.sparse.csc
# cleanup[2] removing scipy.sparse.csr
# cleanup[2] removing scipy.sparse.data
# cleanup[2] removing scipy.sparse.dia
# cleanup[2] removing scipy.sparse.dok
# cleanup[2] removing scipy.sparse.extract
# cleanup[2] removing scipy.sparse.lil
# cleanup[2] removing scipy.sparse.sparsetools
# cleanup[2] removing scipy.sparse.sputils
# cleanup[2] removing scipy.sparse
# cleanup[2] removing scipy.linalg._sketches
# cleanup[2] removing scipy.linalg._decomp_cossin
# cleanup[2] removing scipy.linalg.decomp
# cleanup[2] removing scipy.linalg.decomp_cholesky
# cleanup[2] removing scipy.linalg.decomp_lu
# cleanup[2] removing scipy.linalg.decomp_qr
# cleanup[2] removing scipy.linalg.decomp_svd
# cleanup[2] removing scipy.linalg.decomp_schur
# cleanup[2] removing scipy.linalg.basic
# cleanup[2] removing scipy.linalg.misc
# cleanup[2] removing scipy.linalg.special_matrices
# cleanup[2] removing scipy.linalg.matfuncs
# cleanup[2] removing scipy.linalg
# cleanup[2] removing scipy.special._orthogonal
# cleanup[2] removing scipy.special._spfun_stats
# cleanup[2] removing scipy.special._ellip_harm_2
# cleanup[2] removing scipy.special._ellip_harm
# cleanup[2] removing scipy.special._lambertw
# cleanup[2] removing scipy.special._spherical_bessel
# cleanup[2] removing scipy.special.add_newdocs
# cleanup[2] removing scipy.special.basic
# cleanup[2] removing scipy.special.orthogonal
# cleanup[2] removing scipy.special.specfun
# cleanup[2] removing scipy.special.sf_error
# cleanup[2] removing scipy.special.spfun_stats
# cleanup[2] removing scipy.special
# cleanup[2] removing scipy.ndimage._interpolation
# cleanup[2] removing _ni_label
# cleanup[2] removing scipy.ndimage._ni_label
# cleanup[2] removing scipy.ndimage._morphology
# cleanup[2] removing scipy.ndimage._measurements
# cleanup[2] removing scipy.ndimage._ndimage_api
# cleanup[2] removing scipy.ndimage._delegators
# cleanup[2] removing scipy.ndimage._support_alternative_backends
# destroy scipy.ndimage._support_alternative_backends
# cleanup[2] removing scipy.ndimage.filters
# cleanup[2] removing scipy.ndimage.fourier
# cleanup[2] removing scipy.ndimage.interpolation
# cleanup[2] removing scipy.ndimage.measurements
# cleanup[2] removing scipy.ndimage.morphology
# cleanup[2] removing scipy.ndimage
# cleanup[2] removing shapely.lib
# cleanup[2] removing shapely.errors
# cleanup[2] removing _cython_3_1_4
# cleanup[2] removing shapely._geos
# cleanup[2] removing shapely._geometry_helpers
# cleanup[2] removing shapely._enum
# cleanup[2] removing shapely.decorators
# cleanup[2] removing shapely._geometry
# cleanup[2] removing shapely.coordinates
# cleanup[2] removing shapely.predicates
# cleanup[2] removing shapely._ragged_array
# cleanup[2] removing shapely.io
# cleanup[2] removing shapely.creation
# cleanup[2] removing shapely.algorithms
# cleanup[2] removing shapely.affinity
# cleanup[2] removing shapely.algorithms._oriented_envelope
# cleanup[2] removing shapely.algorithms.cga
# cleanup[2] removing shapely.constructive
# cleanup[2] removing shapely.measurement
# cleanup[2] removing shapely.set_operations
# cleanup[2] removing shapely.linear
# cleanup[2] removing shapely.coords
# cleanup[2] removing shapely.geometry.base
# cleanup[2] removing shapely.geometry.collection
# cleanup[2] removing shapely.geometry.point
# cleanup[2] removing shapely.geometry.linestring
# cleanup[2] removing shapely.geometry.multilinestring
# cleanup[2] removing shapely.geometry.multipoint
# cleanup[2] removing shapely.geometry.polygon
# cleanup[2] removing shapely.geometry.multipolygon
# cleanup[2] removing shapely.geometry.geo
# cleanup[2] removing shapely.geometry
# cleanup[2] removing shapely.strtree
# cleanup[2] removing shapely._coverage
# cleanup[2] removing shapely._version
# cleanup[2] removing shapely
# cleanup[2] removing pyquaticus.envs.pyquaticus
# cleanup[2] removing pyquaticus.base_policies
# cleanup[2] removing pyquaticus.moos_bridge
# cleanup[2] removing pymoos
# cleanup[2] removing pyquaticus.moos_bridge.config
# cleanup[2] removing pyquaticus.moos_bridge.pyquaticus_moos_bridge
# cleanup[2] removing pyquaticus.base_policies.base_policy
# cleanup[2] removing pyquaticus.base_policies.utils
# cleanup[2] removing pyquaticus.base_policies.base_attack
# cleanup[2] removing pyquaticus.base_policies.base_defend
# cleanup[2] removing pyquaticus.base_policies.base_combined
# cleanup[2] removing pyquaticus.mctf26_config
# cleanup[2] removing pyquaticus.envs.competition_pyquaticus
# cleanup[2] removing pyquaticus.utils.rewards
# cleanup[2] removing pygame._freetype
# cleanup[2] removing pygame.freetype
# destroy _sitebuiltins
# destroy hashlib
# destroy _hashlib
# destroy _blake2
# destroy pyquaticus.envs
# destroy pyquaticus.envs.pyquaticus
# destroy pyquaticus.envs.competition_pyquaticus
# destroy pyquaticus.config
# destroy pyquaticus.dynamics
# destroy pyquaticus.dynamics.dynamics_utils
# destroy pyquaticus.dynamics.dynamics
# destroy pyquaticus.dynamics.dynamics_registry
# destroy pyquaticus.utils
# destroy pyquaticus.utils.utils
# destroy pyquaticus.utils.pid
# destroy pyquaticus.utils.obs_utils
# destroy pyquaticus.utils.rewards
# destroy pyquaticus.structs
# destroy pyquaticus.base_policies
# destroy pyquaticus.base_policies.base_policy
# destroy pyquaticus.base_policies.utils
# destroy pyquaticus.base_policies.base_combined
# destroy pyquaticus.moos_bridge
# destroy pyquaticus.moos_bridge.config
# destroy pyquaticus.moos_bridge.pyquaticus_moos_bridge
# destroy pyquaticus.mctf26_config
# destroy logging
# destroy scipy.ndimage._ndimage_api
# destroy scipy.ndimage._delegators
# destroy pyquaticus.base_policies.base_attack
# destroy pyquaticus.base_policies.base_defend
# cleanup[3] wiping pygame.freetype
# cleanup[3] wiping pygame._freetype
# cleanup[3] wiping pymoos
# cleanup[3] wiping shapely
# destroy shapely._enum
# destroy shapely._geometry
# destroy shapely._ragged_array
# destroy shapely._coverage
# destroy shapely._version
# destroy shapely.errors
# destroy shapely.decorators
# destroy shapely.coordinates
# destroy shapely.predicates
# destroy shapely.io
# destroy shapely.algorithms
# destroy shapely.algorithms._oriented_envelope
# destroy shapely.algorithms.cga
# destroy shapely.affinity
# destroy shapely.constructive
# destroy shapely.measurement
# destroy shapely.set_operations
# destroy shapely.linear
# destroy shapely.coords
# destroy shapely.geometry
# destroy shapely.geometry.base
# destroy shapely.geometry.collection
# destroy shapely.geometry.multilinestring
# destroy shapely.geometry.multipoint
# destroy shapely.geometry.multipolygon
# destroy shapely.geometry.geo
# destroy shapely.strtree
# cleanup[3] wiping shapely.geometry.polygon
# cleanup[3] wiping shapely.geometry.linestring
# cleanup[3] wiping shapely.geometry.point
# cleanup[3] wiping shapely.creation
# cleanup[3] wiping shapely._geometry_helpers
# cleanup[3] wiping shapely._geos
# cleanup[3] wiping _cython_3_1_4
# cleanup[3] wiping shapely.lib
# cleanup[3] wiping scipy.ndimage
# destroy scipy.ndimage._fourier
# destroy scipy.ndimage._interpolation
# destroy scipy.ndimage._measurements
# destroy scipy.ndimage.filters
# destroy scipy.ndimage.fourier
# destroy scipy.ndimage.interpolation
# destroy scipy.ndimage.measurements
# destroy scipy.ndimage.morphology
# cleanup[3] wiping scipy.ndimage._morphology
# destroy scipy.ndimage._filters
# cleanup[3] wiping scipy.ndimage._ni_label
# cleanup[3] wiping _ni_label
# cleanup[3] wiping scipy.special
# destroy scipy.special._sf_error
# destroy scipy.special._support_alternative_backends
# destroy scipy.special._input_validation
# destroy scipy.special._multiufuncs
# destroy scipy.special._basic
# destroy scipy.special._logsumexp
# destroy scipy.special._orthogonal
# destroy scipy.special._spfun_stats
# destroy scipy.special._ellip_harm
# destroy scipy.special._lambertw
# destroy scipy.special._spherical_bessel
# destroy scipy.special.add_newdocs
# destroy scipy.special.basic
# destroy scipy.special.orthogonal
# destroy scipy.special.specfun
# destroy scipy.special.sf_error
# destroy scipy.special.spfun_stats
# cleanup[3] wiping scipy.special._ellip_harm_2
# cleanup[3] wiping scipy.linalg
# destroy scipy.linalg._misc
# destroy scipy.linalg._basic
# destroy scipy.linalg._decomp_lu
# destroy scipy.linalg._decomp_ldl
# destroy scipy.linalg._decomp_cholesky
# destroy scipy.linalg._decomp_qr
# destroy scipy.linalg._decomp_qz
# destroy scipy.linalg._decomp_schur
# destroy scipy.linalg._decomp_polar
# destroy scipy.linalg._expm_frechet
# destroy scipy.linalg._matfuncs_sqrtm
# destroy scipy.linalg._matfuncs
# destroy scipy.linalg._special_matrices
# destroy scipy.linalg._solvers
# destroy scipy.linalg._procrustes
# destroy scipy.linalg._sketches
# destroy scipy.linalg._decomp_cossin
# destroy scipy.linalg.blas
# destroy scipy.linalg.lapack
# destroy scipy.linalg.decomp
# destroy scipy.linalg.decomp_cholesky
# destroy scipy.linalg.decomp_lu
# destroy scipy.linalg.decomp_qr
# destroy scipy.linalg.decomp_svd
# destroy scipy.linalg.decomp_schur
# destroy scipy.linalg.basic
# destroy scipy.linalg.misc
# destroy scipy.linalg.special_matrices
# destroy scipy.linalg.matfuncs
# cleanup[3] wiping scipy.sparse
# destroy scipy.sparse._sputils
# destroy scipy.sparse._matrix
# destroy scipy.sparse._base
# destroy scipy.sparse._data
# destroy scipy.sparse._index
# destroy scipy.sparse._compressed
# destroy scipy.sparse._csr
# destroy scipy.sparse._csc
# destroy scipy.sparse._lil
# destroy scipy.sparse._dok
# destroy scipy.sparse._coo
# destroy scipy.sparse._dia
# destroy scipy.sparse._bsr
# destroy scipy.sparse._construct
# destroy scipy.sparse._extract
# destroy scipy.sparse._matrix_io
# destroy scipy.sparse.linalg
# destroy scipy.sparse.linalg._interface
# destroy scipy.sparse.linalg._isolve
# destroy scipy.sparse.linalg._isolve.utils
# destroy scipy.sparse.linalg._isolve.iterative
# destroy scipy.sparse.linalg._isolve._gcrotmk
# destroy scipy.sparse.linalg._dsolve
# destroy scipy.sparse.linalg._dsolve.linsolve
# destroy scipy.sparse.linalg._dsolve._add_newdocs
# destroy scipy.sparse.linalg._propack
# destroy scipy.sparse.linalg._svdp
# destroy scipy.sparse.linalg._eigen
# destroy scipy.sparse.linalg._eigen.arpack.arpack
# destroy scipy.sparse.linalg._eigen._svds
# destroy scipy.sparse.linalg._onenormest
# destroy scipy.sparse.linalg._expm_multiply
# destroy scipy.sparse.linalg._matfuncs
# destroy scipy.sparse.linalg._norm
# destroy scipy.sparse.linalg._special_sparse_arrays
# destroy scipy.sparse.linalg.isolve
# destroy scipy.sparse.linalg.dsolve
# destroy scipy.sparse.linalg.interface
# destroy scipy.sparse.linalg.eigen
# destroy scipy.sparse.linalg.matfuncs
# destroy scipy.sparse.csgraph
# destroy scipy.sparse.csgraph._laplacian
# destroy scipy.sparse.csgraph._validation
# destroy scipy.sparse.base
# destroy scipy.sparse.bsr
# destroy scipy.sparse.compressed
# destroy scipy.sparse.construct
# destroy scipy.sparse.coo
# destroy scipy.sparse.csc
# destroy scipy.sparse.csr
# destroy scipy.sparse.data
# destroy scipy.sparse.dia
# destroy scipy.sparse.dok
# destroy scipy.sparse.extract
# destroy scipy.sparse.lil
# destroy scipy.sparse.sparsetools
# destroy scipy.sparse.sputils
# cleanup[3] wiping scipy.sparse.csgraph._reordering
# cleanup[3] wiping scipy.sparse.csgraph._matching
# cleanup[3] wiping scipy.sparse.csgraph._flow
# cleanup[3] wiping scipy.sparse.csgraph._min_spanning_tree
# cleanup[3] wiping scipy.sparse.csgraph._traversal
# cleanup[3] wiping scipy.sparse.csgraph._shortest_path
# cleanup[3] wiping scipy.sparse.csgraph._tools
# cleanup[3] wiping scipy.sparse.linalg._propack._zpropack
# cleanup[3] wiping scipy.sparse.linalg._propack._cpropack
# cleanup[3] wiping scipy.sparse.linalg._propack._dpropack
# cleanup[3] wiping scipy.sparse.linalg._propack._spropack
# cleanup[3] wiping scipy.sparse.linalg._eigen.arpack._arpack
# cleanup[3] wiping scipy._lib._threadsafety
# cleanup[3] wiping scipy._lib.decorator
# cleanup[3] wiping scipy.sparse.linalg._dsolve._superlu
# cleanup[3] wiping scipy.sparse._csparsetools
# cleanup[3] wiping _csparsetools
# cleanup[3] wiping scipy.sparse._sparsetools
# cleanup[3] wiping scipy.linalg._decomp_update
# cleanup[3] wiping scipy.linalg.cython_blas
# cleanup[3] wiping scipy.linalg._linalg_pythran
# cleanup[3] wiping scipy.linalg._matfuncs_expm
# cleanup[3] wiping scipy.linalg._matfuncs_sqrtm_triu
# cleanup[3] wiping scipy.linalg._decomp_lu_cython
# cleanup[3] wiping scipy.linalg._solve_toeplitz
# cleanup[3] wiping scipy.linalg._decomp_svd
# cleanup[3] wiping scipy.linalg._decomp
# cleanup[3] wiping scipy.linalg._cythonized_array_utils
# cleanup[3] wiping scipy.linalg.cython_lapack
# cleanup[3] wiping scipy.linalg._flapack
# cleanup[3] wiping scipy.linalg._fblas
# cleanup[3] wiping scipy._lib.array_api_extra
# destroy scipy._lib.array_api_extra._funcs
# cleanup[3] wiping scipy._lib.deprecation
# cleanup[3] wiping scipy.special._comb
# cleanup[3] wiping scipy.special._specfun
# cleanup[3] wiping scipy.special._gufuncs
# cleanup[3] wiping scipy.special._ufuncs
# cleanup[3] wiping scipy.special._special_ufuncs
# cleanup[3] wiping scipy.special._ufuncs_cxx
# cleanup[3] wiping scipy.ndimage._rank_filter_1d
# cleanup[3] wiping scipy.ndimage._ni_docstrings
# cleanup[3] wiping scipy._lib.doccer
# cleanup[3] wiping scipy.ndimage._nd_image
# cleanup[3] wiping scipy.ndimage._ni_support
# cleanup[3] wiping scipy._lib._util
# cleanup[3] wiping scipy._lib._docscrape
# destroy pydoc
# cleanup[3] wiping scipy._lib._array_api
# cleanup[3] wiping scipy._lib.array_api_compat.numpy
# destroy scipy._lib.array_api_compat.numpy._info
# destroy scipy._lib.array_api_compat.numpy._aliases
# destroy scipy._lib.array_api_compat.numpy.linalg
# destroy scipy._lib.array_api_compat.numpy.fft
# cleanup[3] wiping scipy._lib.array_api_compat.common._fft
# cleanup[3] wiping scipy._lib.array_api_compat.common._linalg
# cleanup[3] wiping scipy._lib.array_api_compat._internal
# cleanup[3] wiping scipy._lib.array_api_compat.common._aliases
# cleanup[3] wiping scipy._lib.array_api_compat
# destroy scipy._lib.array_api_compat._internal
# destroy scipy._lib.array_api_compat.common
# destroy scipy._lib.array_api_compat.common._helpers
# destroy scipy._lib.array_api_compat.common._linalg
# destroy scipy._lib.array_api_compat.common._fft
# destroy scipy._lib.array_api_compat.numpy
# cleanup[3] wiping scipy
# destroy scipy._lib
# destroy scipy._lib._testutils
# destroy scipy._lib._pep440
# destroy scipy._lib._ccallback
# destroy scipy._lib.array_api_compat
# destroy scipy._lib._array_api
# destroy scipy._lib._docscrape
# destroy scipy._lib._util
# destroy scipy._lib.doccer
# destroy scipy._lib.deprecation
# destroy scipy._lib.decorator
# destroy scipy._lib._threadsafety
# destroy scipy.__config__
# destroy scipy.version
# destroy scipy.ndimage
# cleanup[3] wiping scipy._lib._ccallback_c
# cleanup[3] wiping sysconfig
# cleanup[3] wiping pygame
# destroy pygame.version
# destroy pygame.colordict
# destroy pygame.cursors
# destroy pygame.sprite
# destroy pygame.threads
# destroy pygame.sysfont
# destroy pygame.sndarray
# destroy pygame.fastevent
# destroy pygame.pkgdata
# destroy pygame.freetype
# cleanup[3] wiping pygame.surfarray
# cleanup[3] wiping pygame.scrap
# cleanup[3] wiping pygame.mixer
# cleanup[3] wiping pygame.mixer_music
# cleanup[3] wiping pygame.font
# cleanup[3] wiping pygame.transform
# cleanup[3] wiping pygame.pixelarray
# cleanup[3] wiping pygame.pixelcopy
# cleanup[3] wiping _queue
# cleanup[3] wiping pygame.mask
# cleanup[3] wiping pygame.time
# cleanup[3] wiping pygame.mouse
# cleanup[3] wiping pygame.key
# cleanup[3] wiping pygame.joystick
# cleanup[3] wiping pygame.image
# cleanup[3] wiping pygame.imageext
# cleanup[3] wiping pygame.event
# cleanup[3] wiping pygame.draw
# cleanup[3] wiping pygame.display
# cleanup[3] wiping pygame.surface
# cleanup[3] wiping pygame.math
# cleanup[3] wiping pygame.bufferproxy
# cleanup[3] wiping pygame.color
# cleanup[3] wiping pygame.surflock
# cleanup[3] wiping pygame.rwobject
# cleanup[3] wiping pygame.rect
# cleanup[3] wiping pygame.constants
# cleanup[3] wiping pygame.base
# cleanup[3] wiping cv2
# destroy cv2.load_config_py3
# destroy cv2.version
# destroy cv2.Error
# destroy cv2.aruco
# destroy cv2.barcode
# destroy cv2.cuda
# destroy cv2.detail
# destroy cv2.dnn
# destroy cv2.fisheye
# destroy cv2.flann
# destroy cv2.gapi
# destroy cv2.ipp
# destroy cv2.ml
# destroy cv2.ocl
# destroy cv2.ogl
# destroy cv2.parallel
# destroy cv2.samples
# destroy cv2.segmentation
# destroy cv2.utils
# destroy cv2.videoio_registry
# destroy cv2.data
# destroy cv2.mat_wrapper
# destroy cv2.typing
# destroy cv2.misc
# destroy cv2.misc.version
# cleanup[3] wiping cv2.utils.nested
# cleanup[3] wiping cv2.utils.fs
# cleanup[3] wiping cv2.gapi.wip.onevpl
# cleanup[3] wiping cv2.gapi.wip.gst
# cleanup[3] wiping cv2.gapi.wip.draw
# cleanup[3] wiping cv2.gapi.wip
# destroy cv2.gapi.wip.draw
# destroy cv2.gapi.wip.gst
# destroy cv2.gapi.wip.onevpl
# cleanup[3] wiping cv2.gapi.video
# cleanup[3] wiping cv2.gapi.streaming
# cleanup[3] wiping cv2.gapi.render.ocv
# cleanup[3] wiping cv2.gapi.render
# destroy cv2.gapi.render.ocv
# cleanup[3] wiping cv2.gapi.own.detail
# cleanup[3] wiping cv2.gapi.own
# destroy cv2.gapi.own.detail
# cleanup[3] wiping cv2.gapi.ov
# cleanup[3] wiping cv2.gapi.ot.cpu
# cleanup[3] wiping cv2.gapi.ot
# destroy cv2.gapi.ot.cpu
# cleanup[3] wiping cv2.gapi.onnx.ep
# cleanup[3] wiping cv2.gapi.onnx
# destroy cv2.gapi.onnx.ep
# cleanup[3] wiping cv2.gapi.oak
# cleanup[3] wiping cv2.gapi.imgproc.fluid
# cleanup[3] wiping cv2.gapi.imgproc
# destroy cv2.gapi.imgproc.fluid
# cleanup[3] wiping cv2.gapi.ie.detail
# cleanup[3] wiping cv2.gapi.ie
# destroy cv2.gapi.ie.detail
# cleanup[3] wiping cv2.gapi.core.ocl
# cleanup[3] wiping cv2.gapi.core.fluid
# cleanup[3] wiping cv2.gapi.core.cpu
# cleanup[3] wiping cv2.gapi.core
# destroy cv2.gapi.core.cpu
# destroy cv2.gapi.core.fluid
# destroy cv2.gapi.core.ocl
# cleanup[3] wiping numpy._core._multiarray_umath
# cleanup[3] wiping numpy._core
# destroy numpy._core._multiarray_umath
# cleanup[3] wiping colorsys
# cleanup[3] wiping pkgutil
# destroy zipimport
# cleanup[3] wiping gymnasium
# destroy gymnasium.utils
# destroy gymnasium.utils.ezpickle
# destroy gymnasium.utils.record_constructor
# destroy gymnasium.utils.passive_env_checker
# destroy gymnasium.core
# destroy gymnasium.envs
# destroy gymnasium.vector
# destroy gymnasium.vector.utils
# destroy gymnasium.vector.utils.misc
# destroy gymnasium.vector.utils.shared_memory
# destroy gymnasium.vector.utils.space_utils
# destroy gymnasium.vector.vector_env
# destroy gymnasium.vector.async_vector_env
# destroy gymnasium.vector.sync_vector_env
# destroy gymnasium.wrappers
# destroy gymnasium.experimental
# cleanup[3] wiping gymnasium.wrappers.stateful_reward
# cleanup[3] wiping gymnasium.wrappers.stateful_observation
# cleanup[3] wiping gymnasium.wrappers.stateful_action
# cleanup[3] wiping gymnasium.wrappers.rendering
# cleanup[3] wiping gymnasium.wrappers.common
# cleanup[3] wiping gymnasium.wrappers.atari_preprocessing
# cleanup[3] wiping gymnasium.wrappers.vector
# destroy gymnasium.wrappers.vector.common
# destroy gymnasium.wrappers.vector.dict_info_to_list
# destroy gymnasium.wrappers.vector.rendering
# destroy gymnasium.wrappers.vector.stateful_observation
# destroy gymnasium.wrappers.vector.stateful_reward
# destroy gymnasium.wrappers.vector.vectorize_action
# destroy gymnasium.wrappers.vector.vectorize_observation
# destroy gymnasium.wrappers.vector.vectorize_reward
# cleanup[3] wiping gymnasium.wrappers.transform_reward
# cleanup[3] wiping gymnasium.wrappers.transform_observation
# cleanup[3] wiping gymnasium.wrappers.transform_action
# cleanup[3] wiping gymnasium.wrappers.utils
# cleanup[3] wiping multiprocessing.connection
# destroy tempfile
# cleanup[3] wiping multiprocessing.util
# cleanup[3] wiping atexit
# cleanup[3] wiping _multiprocessing
# destroy _multiprocessing
# cleanup[3] wiping traceback
# cleanup[3] wiping multiprocessing
# destroy multiprocessing.util
# destroy multiprocessing.connection
# cleanup[3] wiping multiprocessing.context
# destroy multiprocessing.process
# destroy multiprocessing.reduction
# cleanup[3] wiping gymnasium.envs.registration
# destroy dataclasses
# destroy difflib
# cleanup[3] wiping importlib.metadata
# destroy importlib.metadata._functools
# destroy importlib.metadata._text
# destroy importlib.metadata._adapters
# destroy importlib.metadata._meta
# destroy importlib.metadata._collections
# destroy importlib.metadata._itertools
# destroy csv
# destroy zipfile
# cleanup[3] wiping importlib.abc
# cleanup[3] wiping email.message
# destroy uu
# destroy quopri
# cleanup[3] wiping email.iterators
# cleanup[3] wiping email._encoded_words
# destroy base64
# cleanup[3] wiping email._policybase
# cleanup[3] wiping email.header
# cleanup[3] wiping email.utils
# cleanup[3] wiping email.charset
# cleanup[3] wiping email.encoders
# cleanup[3] wiping email.errors
# cleanup[3] wiping email.quoprimime
# cleanup[3] wiping _string
# cleanup[3] wiping email.base64mime
# cleanup[3] wiping email._parseaddr
# destroy calendar
# cleanup[3] wiping locale
# destroy encodings
# cleanup[3] wiping socket
# cleanup[3] wiping array
# cleanup[3] wiping _socket
# cleanup[3] wiping shutil
# cleanup[3] wiping lzma
# cleanup[3] wiping _lzma
# cleanup[3] wiping bz2
# destroy _compression
# cleanup[3] wiping _bz2
# cleanup[3] wiping zlib
# cleanup[3] wiping email
# destroy email._parseaddr
# destroy email._policybase
# destroy email._encoded_words
# destroy email.base64mime
# destroy email.quoprimime
# destroy email.errors
# destroy email.encoders
# destroy email.charset
# destroy email.utils
# destroy email.header
# destroy email.iterators
# destroy email.message
# cleanup[3] wiping _csv
# cleanup[3] wiping gymnasium.logger
# cleanup[3] wiping json
# destroy json.decoder
# destroy json.encoder
# cleanup[3] wiping json.scanner
# cleanup[3] wiping _json
# cleanup[3] wiping _heapq
# cleanup[3] wiping gymnasium.spaces
# destroy gymnasium.spaces.space
# destroy gymnasium.spaces.box
# destroy gymnasium.spaces.dict
# destroy gymnasium.spaces.discrete
# destroy gymnasium.spaces.multi_discrete
# destroy gymnasium.spaces.graph
# destroy gymnasium.spaces.multi_binary
# destroy gymnasium.spaces.oneof
# destroy gymnasium.spaces.sequence
# destroy gymnasium.spaces.text
# destroy gymnasium.spaces.tuple
# destroy gymnasium.spaces.utils
# cleanup[3] wiping gymnasium.utils.seeding
# cleanup[3] wiping gymnasium.error
# cleanup[3] wiping copy
# cleanup[3] wiping numpy.typing
# cleanup[3] wiping numpy._typing._add_docstring
# cleanup[3] wiping numpy
# destroy numpy._utils
# destroy numpy._globals
# destroy numpy._distributor_init
# destroy numpy._pytesttester
# destroy numpy._typing
# destroy numpy._core
# destroy numpy.exceptions
# destroy numpy.version
# destroy numpy.dtypes
# destroy numpy.compat
# destroy numpy.compat.py3k
# destroy numpy.core
# destroy numpy.__config__
# destroy numpy.lib
# destroy numpy.fft
# destroy numpy.fft._pocketfft
# destroy numpy.fft.helper
# destroy numpy.polynomial
# destroy numpy.random
# destroy numpy.ctypeslib
# destroy numpy.ma
# destroy numpy.ma.extras
# cleanup[3] wiping numpy.ma.core
# cleanup[3] wiping inspect
# destroy dis
# destroy linecache
# destroy token
# cleanup[3] wiping tokenize
# cleanup[3] wiping _opcode
# cleanup[3] wiping numpy.random._pickle
# cleanup[3] wiping numpy.random._generator
# cleanup[3] wiping numpy.random._sfc64
# cleanup[3] wiping numpy.random._pcg64
# cleanup[3] wiping numpy.random._philox
# cleanup[3] wiping numpy.random.mtrand
# cleanup[3] wiping numpy.random._mt19937
# cleanup[3] wiping numpy.random._bounded_integers
# cleanup[3] wiping numpy.random.bit_generator
# cleanup[3] wiping random
# cleanup[3] wiping _sha512
# cleanup[3] wiping _random
# cleanup[3] wiping _bisect
# cleanup[3] wiping binascii
# cleanup[3] wiping numpy.random._common
# cleanup[3] wiping cython_runtime
# cleanup[3] wiping numpy.polynomial.laguerre
# cleanup[3] wiping numpy.polynomial.hermite_e
# cleanup[3] wiping numpy.polynomial.hermite
# cleanup[3] wiping numpy.polynomial.legendre
# cleanup[3] wiping numpy.polynomial.chebyshev
# cleanup[3] wiping numpy.polynomial.polynomial
# destroy numpy.linalg
# destroy numpy.linalg.linalg
# cleanup[3] wiping numpy.polynomial._polybase
# cleanup[3] wiping numpy.polynomial.polyutils
# cleanup[3] wiping numpy.fft._pocketfft_internal
# cleanup[3] wiping numpy.lib._version
# cleanup[3] wiping numpy.lib.arraypad
# cleanup[3] wiping numpy.lib.arrayterator
# cleanup[3] wiping numpy.lib.npyio
# cleanup[3] wiping numpy.lib._iotools
# cleanup[3] wiping numpy.lib._datasource
# cleanup[3] wiping numpy.lib.format
# cleanup[3] wiping weakref
# cleanup[3] wiping numpy.lib.arraysetops
# cleanup[3] wiping numpy.lib.utils
# cleanup[3] wiping platform
# cleanup[3] wiping subprocess
# destroy selectors
# cleanup[3] wiping select
# cleanup[3] wiping _posixsubprocess
# destroy _posixsubprocess
# cleanup[3] wiping fcntl
# destroy fcntl
# cleanup[3] wiping threading
# cleanup[3] wiping signal
# cleanup[3] wiping textwrap
# cleanup[3] wiping numpy.lib.polynomial
# cleanup[3] wiping numpy.lib.shape_base
# cleanup[3] wiping numpy.lib.nanfunctions
# cleanup[3] wiping numpy.lib.index_tricks
# destroy numpy.matrixlib
# destroy numpy.matrixlib.defmatrix
# cleanup[3] wiping numpy.lib.function_base
# cleanup[3] wiping numpy.lib.histograms
# cleanup[3] wiping numpy._typing._array_like
# cleanup[3] wiping numpy._typing._dtype_like
# cleanup[3] wiping numpy._typing._shape
# cleanup[3] wiping numpy._typing._scalars
# cleanup[3] wiping numpy._typing._char_codes
# cleanup[3] wiping numpy._typing._nbit
# cleanup[3] wiping numpy._typing._nested_sequence
# cleanup[3] wiping numpy.linalg._umath_linalg
# cleanup[3] wiping numpy.lib.twodim_base
# cleanup[3] wiping numpy.lib.stride_tricks
# cleanup[3] wiping typing
# cleanup[3] wiping numpy.lib.scimath
# cleanup[3] wiping numpy.lib.type_check
# cleanup[3] wiping numpy.lib.ufunclike
# cleanup[3] wiping numpy.lib.mixins
# cleanup[3] wiping numpy.core._internal
# cleanup[3] wiping ctypes
# destroy ctypes._endian
# cleanup[3] wiping _ctypes
# cleanup[3] wiping ast
# cleanup[3] wiping numpy.core._dtype_ctypes
# cleanup[3] wiping numpy.core._add_newdocs_scalars
# cleanup[3] wiping numpy.core._add_newdocs
# cleanup[3] wiping numpy.core._multiarray_tests
# cleanup[3] wiping numpy.core.einsumfunc
# cleanup[3] wiping numpy.core.getlimits
# cleanup[3] wiping numpy.core._machar
# cleanup[3] wiping numpy.core.function_base
# cleanup[3] wiping numpy.core.records
# cleanup[3] wiping numpy.core.defchararray
# cleanup[3] wiping numpy.core.numeric
# cleanup[3] wiping numpy.core._asarray
# cleanup[3] wiping numpy.core.arrayprint
# cleanup[3] wiping numpy.core.shape_base
# cleanup[3] wiping numpy.core.fromnumeric
# cleanup[3] wiping numpy.core._methods
# cleanup[3] wiping numpy.core._ufunc_config
# destroy contextvars
# cleanup[3] wiping _contextvars
# destroy _contextvars
# cleanup[3] wiping collections.abc
# cleanup[3] wiping numpy.core.numerictypes
# cleanup[3] wiping numpy.core._type_aliases
# cleanup[3] wiping numpy.core._dtype
# cleanup[3] wiping pickle
# destroy _compat_pickle
# cleanup[3] wiping _pickle
# cleanup[3] wiping struct
# cleanup[3] wiping _struct
# cleanup[3] wiping numpy.core._string_helpers
# cleanup[3] wiping numbers
# cleanup[3] wiping numpy.core.umath
# cleanup[3] wiping numpy.core.multiarray
# cleanup[3] wiping numpy.core.overrides
# cleanup[3] wiping numpy.core._multiarray_umath
# cleanup[3] wiping numpy.core._exceptions
# cleanup[3] wiping datetime
# cleanup[3] wiping _datetime
# cleanup[3] wiping math
# cleanup[3] wiping numpy._utils._inspect
# cleanup[3] wiping numpy._utils._convertions
# cleanup[3] wiping pathlib
# destroy fnmatch
# cleanup[3] wiping urllib.parse
# destroy ipaddress
# cleanup[3] wiping urllib
# destroy urllib.parse
# cleanup[3] wiping errno
# cleanup[3] wiping ntpath
# cleanup[3] wiping re
# destroy sre_compile
# cleanup[3] wiping copyreg
# cleanup[3] wiping _locale
# destroy _locale
# cleanup[3] wiping sre_parse
# cleanup[3] wiping _sre
# cleanup[3] wiping enum
# cleanup[3] wiping importlib.util
# cleanup[3] wiping contextlib
# cleanup[3] wiping functools
# cleanup[3] wiping _functools
# cleanup[3] wiping types
# cleanup[3] wiping collections
# destroy _collections_abc
# destroy collections.abc
# cleanup[3] wiping _collections
# destroy _collections
# cleanup[3] wiping operator
# cleanup[3] wiping _operator
# cleanup[3] wiping keyword
# cleanup[3] wiping itertools
# cleanup[3] wiping importlib._abc
# cleanup[3] wiping importlib.machinery
# cleanup[3] wiping importlib
# destroy importlib._abc
# destroy importlib.machinery
# destroy importlib.util
# destroy importlib.abc
# destroy importlib.metadata
# cleanup[3] wiping warnings
# cleanup[3] wiping importlib._bootstrap_external
# cleanup[3] wiping importlib._bootstrap
# cleanup[3] wiping os
# cleanup[3] wiping os.path
# destroy genericpath
# cleanup[3] wiping posixpath
# cleanup[3] wiping stat
# cleanup[3] wiping _stat
# destroy _stat
# cleanup[3] wiping io
# cleanup[3] wiping abc
# cleanup[3] wiping _abc
# cleanup[3] wiping _signal
# destroy _signal
# cleanup[3] wiping encodings.utf_8
# cleanup[3] wiping encodings.aliases
# cleanup[3] wiping codecs
# cleanup[3] wiping _codecs
# cleanup[3] wiping time
# cleanup[3] wiping _frozen_importlib_external
# cleanup[3] wiping posix
# cleanup[3] wiping marshal
# cleanup[3] wiping _io
# cleanup[3] wiping _weakref
# cleanup[3] wiping _warnings
# cleanup[3] wiping _thread
# cleanup[3] wiping _imp
# cleanup[3] wiping _frozen_importlib
# cleanup[3] wiping sys
# cleanup[3] wiping builtins
# destroy pygame._freetype
# destroy scipy.special._gufuncs
# destroy scipy.special._special_ufuncs
# destroy pygame.scrap
# destroy pygame.mixer_music
# destroy pygame.font
# destroy pygame.pixelarray
# destroy pygame.pixelcopy
# destroy pygame.mouse
# destroy pygame.key
# destroy pygame.joystick
# destroy pygame.image
# destroy pygame.event
# destroy pygame.display
# destroy pygame.surface
# destroy pygame.math
# destroy pygame.bufferproxy
# destroy pygame.color
# destroy pygame.surflock
# destroy pygame.rwobject
# destroy pygame.rect
# destroy pygame.constants
# destroy _socket
# destroy _datetime
# destroy cv2.Error
# destroy cv2.aruco
# destroy cv2.barcode
# destroy cv2.cuda
# destroy cv2.detail
# destroy cv2.dnn
# destroy cv2.fisheye
# destroy cv2.flann
# destroy cv2.ipp
# destroy cv2.ml
# destroy cv2.ocl
# destroy cv2.ogl
# destroy cv2.parallel
# destroy cv2.samples
# destroy cv2.segmentation
# destroy cv2.videoio_registry
# destroy cv2
# destroy shapely.geometry.linestring
# destroy shapely.geometry.point
# destroy shapely.geometry.polygon
# destroy numpy.core._exceptions
# destroy numpy.core.multiarray
# destroy numpy.core.umath
# destroy numpy.core._string_helpers
# destroy numpy.core._dtype
# destroy numpy.core._type_aliases
# destroy numpy.core.numerictypes
# destroy numpy.core._ufunc_config
# destroy numpy.core._methods
# destroy numpy.core.fromnumeric
# destroy numpy.core.shape_base
# destroy numpy.core.arrayprint
# destroy numpy.core._asarray
# destroy numpy.core.defchararray
# destroy numpy.core.records
# destroy numpy.core.function_base
# destroy numpy.core._machar
# destroy numpy.core.getlimits
# destroy numpy.core.einsumfunc
# destroy numpy.core._multiarray_tests
# destroy numpy.core._add_newdocs
# destroy numpy.core._add_newdocs_scalars
# destroy numpy.core._dtype_ctypes
# destroy numpy.core._internal
# destroy _struct
# destroy numpy._typing._nested_sequence
# destroy numpy._typing._nbit
# destroy numpy._typing._char_codes
# destroy numpy._typing._scalars
# destroy numpy._typing._shape
# destroy numpy._typing._dtype_like
# destroy numpy._typing._array_like
# destroy numpy._typing._add_docstring
# destroy numpy.lib.mixins
# destroy numpy.lib.ufunclike
# destroy numpy.lib.type_check
# destroy numpy.lib.scimath
# destroy numpy.lib.stride_tricks
# destroy numpy.lib.twodim_base
# destroy numpy.lib.histograms
# destroy numpy.lib.function_base
# destroy numpy.lib.index_tricks
# destroy numpy.lib.nanfunctions
# destroy numpy.lib.shape_base
# destroy numpy.lib.polynomial
# destroy numpy.lib.utils
# destroy numpy.lib.arraysetops
# destroy numpy.lib.format
# destroy numpy.lib._datasource
# destroy numpy.lib._iotools
# destroy numpy.lib.npyio
# destroy numpy.lib.arrayterator
# destroy numpy.lib.arraypad
# destroy numpy.lib._version
# destroy numpy.polynomial.polyutils
# destroy numpy.polynomial._polybase
# destroy numpy.polynomial.polynomial
# destroy numpy.polynomial.chebyshev
# destroy numpy.polynomial.legendre
# destroy numpy.polynomial.hermite
# destroy numpy.polynomial.hermite_e
# destroy numpy.polynomial.laguerre
# destroy numpy.random._pickle
# destroy ast
# destroy numpy.core.numeric
# destroy sre_parse
# destroy _sha512
# destroy cv2.gapi
# destroy cv2.gapi.core
# destroy cv2.gapi.ie
# destroy cv2.gapi.imgproc
# destroy cv2.gapi.oak
# destroy cv2.gapi.onnx
# destroy cv2.gapi.ot
# destroy cv2.gapi.ov
# destroy cv2.gapi.own
# destroy cv2.gapi.render
# destroy cv2.gapi.streaming
# destroy cv2.gapi.video
# destroy cv2.gapi.wip
# destroy cv2.utils
# destroy cv2.utils.fs
# destroy cv2.utils.nested
# destroy ctypes
# destroy shapely.creation
# destroy json
# destroy _frozen_importlib_external
# destroy _imp
# destroy marshal
# destroy pygame.time
# destroy pygame.mask
# destroy pygame.mixer
# destroy pygame.base
# destroy _opcode
# destroy numpy.ma.core
# destroy select
# destroy _bisect
# destroy scipy.sparse._sparsetools
# destroy ntpath
# destroy stat
# destroy bz2
# destroy lzma
# destroy textwrap
# destroy email
# destroy scipy.sparse.linalg._dsolve._superlu
# destroy scipy.sparse.linalg._propack._spropack
# destroy scipy.sparse.linalg._propack._dpropack
# destroy scipy.sparse.linalg._propack._cpropack
# destroy scipy.sparse.linalg._propack._zpropack
# destroy scipy.sparse
# destroy json.scanner
# destroy _json
# destroy posixpath
# destroy _queue
# destroy zlib
# destroy scipy.linalg._fblas
# destroy scipy.linalg._decomp
# destroy scipy.linalg._decomp_svd
# destroy scipy.sparse.linalg._eigen.arpack._arpack
# destroy _csv
# destroy _bz2
# destroy _lzma
# destroy datetime
# destroy locale
# destroy struct
# destroy binascii
# destroy scipy._lib.array_api_compat.common._aliases
# destroy pkgutil
# destroy platform
# destroy sysconfig
# destroy tokenize
# destroy urllib
# destroy scipy.linalg._flapack
# destroy scipy
# destroy scipy.linalg._matfuncs_expm
# destroy scipy.linalg._linalg_pythran
# destroy scipy._lib.array_api_extra
# destroy scipy.linalg
# destroy numbers
# destroy scipy.ndimage._ni_docstrings
# destroy scipy.ndimage._rank_filter_1d
# destroy scipy.special
# destroy gymnasium.envs.registration
# destroy importlib
# destroy gymnasium.wrappers.utils
# destroy gymnasium.wrappers.vector
# destroy gymnasium.wrappers.atari_preprocessing
# destroy gymnasium.wrappers.common
# destroy gymnasium.wrappers.rendering
# destroy gymnasium.wrappers.stateful_action
# destroy gymnasium.wrappers.stateful_observation
# destroy gymnasium.wrappers.stateful_reward
# destroy gymnasium.error
# destroy gymnasium.logger
# destroy contextlib
# destroy gymnasium.wrappers.transform_reward
# destroy _heapq
# destroy typing
# destroy gymnasium.wrappers.transform_action
# destroy gymnasium.wrappers.transform_observation
# destroy multiprocessing
# destroy signal
# destroy copyreg
# destroy socket
# destroy multiprocessing.context
# destroy _pickle
# destroy shutil
# destroy errno
# destroy _frozen_importlib
# destroy codecs
# destroy encodings.aliases
# destroy encodings.utf_8
# destroy _codecs
# destroy io
# destroy traceback
# destroy weakref
# destroy collections
# destroy threading
# destroy atexit
# destroy _random
# destroy _weakref
# destroy _string
# clear sys.audit hooks
